audio_name,model,reference_transcript,predicted_transcript,parse_ok,role__extracted,role__label,role__evaluation,high_level_intent__extracted,high_level_intent__label,high_level_intent__evaluation,fine_intent__extracted,fine_intent__label,fine_intent__evaluation,dialogue_function__extracted,dialogue_function__label,dialogue_function__evaluation,airline__extracted,airline__label,airline__evaluation,flight_number__extracted,flight_number__label,flight_number__evaluation,runway_number__extracted,runway_number__label,runway_number__evaluation,take_off_keyword__extracted,take_off_keyword__label,take_off_keyword__evaluation,transfer_frequency__extracted,transfer_frequency__label,transfer_frequency__evaluation,taxi_action__extracted,taxi_action__label,taxi_action__evaluation,route_movement_mode__extracted,route_movement_mode__label,route_movement_mode__evaluation,planned_route__extracted,planned_route__label,planned_route__evaluation,altitude_action__extracted,altitude_action__label,altitude_action__evaluation,target_altitude__extracted,target_altitude__label,target_altitude__evaluation,barometric_reference__extracted,barometric_reference__label,barometric_reference__evaluation,confirmation_keyword__extracted,confirmation_keyword__label,confirmation_keyword__evaluation,landing_keyword__extracted,landing_keyword__label,landing_keyword__evaluation,report_keyword__extracted,report_keyword__label,report_keyword__evaluation,report_condition__extracted,report_condition__label,report_condition__evaluation,full_callsign__extracted,full_callsign__label,full_callsign__evaluation,callsign_code__extracted,callsign_code__label,callsign_code__evaluation,speaker_role__extracted,speaker_role__label,speaker_role__evaluation,speaker_identifier__extracted,speaker_identifier__label,speaker_identifier__evaluation,controller_unit__extracted,controller_unit__label,controller_unit__evaluation,airport_code__extracted,airport_code__label,airport_code__evaluation,airport_name__extracted,airport_name__label,airport_name__evaluation,frequency_context__extracted,frequency_context__label,frequency_context__evaluation,utc_time__extracted,utc_time__label,utc_time__evaluation,coordinates__extracted,coordinates__label,coordinates__evaluation,waypoint_nearby__extracted,waypoint_nearby__label,waypoint_nearby__evaluation,adc_url__extracted,adc_url__label,adc_url__evaluation,approach_type__extracted,approach_type__label,approach_type__evaluation,approach_runway__extracted,approach_runway__label,approach_runway__evaluation,clearance_keyword__extracted,clearance_keyword__label,clearance_keyword__evaluation,clearance_limit__extracted,clearance_limit__label,clearance_limit__evaluation,destination_airport__extracted,destination_airport__label,destination_airport__evaluation,departure_route__extracted,departure_route__label,departure_route__evaluation,arrival_route__extracted,arrival_route__label,arrival_route__evaluation,pushback_direction__extracted,pushback_direction__label,pushback_direction__evaluation,stand_gate__extracted,stand_gate__label,stand_gate__evaluation,line_up_keyword__extracted,line_up_keyword__label,line_up_keyword__evaluation,takeoff_condition__extracted,takeoff_condition__label,takeoff_condition__evaluation,landing_condition__extracted,landing_condition__label,landing_condition__evaluation,heading_action__extracted,heading_action__label,heading_action__evaluation,target_heading__extracted,target_heading__label,target_heading__evaluation,turn_direction__extracted,turn_direction__label,turn_direction__evaluation,speed_action__extracted,speed_action__label,speed_action__evaluation,target_speed__extracted,target_speed__label,target_speed__evaluation,flight_level__extracted,flight_level__label,flight_level__evaluation,altitude_unit__extracted,altitude_unit__label,altitude_unit__evaluation,route_action__extracted,route_action__label,route_action__evaluation,waypoint_fix__extracted,waypoint_fix__label,waypoint_fix__evaluation,contact_keyword__extracted,contact_keyword__label,contact_keyword__evaluation,contact_unit__extracted,contact_unit__label,contact_unit__evaluation,information_change_keyword__extracted,information_change_keyword__label,information_change_keyword__evaluation,information_type__extracted,information_type__label,information_type__evaluation,information_value__extracted,information_value__label,information_value__evaluation,procedure_name__extracted,procedure_name__label,procedure_name__evaluation,procedure_assignment_keyword__extracted,procedure_assignment_keyword__label,procedure_assignment_keyword__evaluation,taxiway__extracted,taxiway__label,taxiway__evaluation,holding_point__extracted,holding_point__label,holding_point__evaluation,surface_route__extracted,surface_route__label,surface_route__evaluation,route_in_out_keyword__extracted,route_in_out_keyword__label,route_in_out_keyword__evaluation,route_in_out_point__extracted,route_in_out_point__label,route_in_out_point__evaluation,restriction_keyword__extracted,restriction_keyword__label,restriction_keyword__evaluation,restriction_condition__extracted,restriction_condition__label,restriction_condition__evaluation,request_keyword__extracted,request_keyword__label,request_keyword__evaluation,requested_item__extracted,requested_item__label,requested_item__evaluation,status_report_keyword__extracted,status_report_keyword__label,status_report_keyword__evaluation,position_report__extracted,position_report__label,position_report__evaluation,simple_response_keyword__extracted,simple_response_keyword__label,simple_response_keyword__evaluation,greeting_phrase__extracted,greeting_phrase__label,greeting_phrase__evaluation,noise_marker__extracted,noise_marker__label,noise_marker__evaluation,nonenglish_marker__extracted,nonenglish_marker__label,nonenglish_marker__evaluation,confidence_or_quality_flag__extracted,confidence_or_quality_flag__label,confidence_or_quality_flag__evaluation,raw_model_output,representative_score
LSZB_BERN_Tower_121_0MHz_20210414_093450.wav,Phi-4-multimodal-instruct + speech LoRA,Tango Three Three One number one is now on the right base,Tango Three Three One number one is now on the right base,True,ATC,ATC,1,Other,Other,1,Other,Other,1,ATCO Other,ATCO Other,1.0,N/A,N/A,N/A,N/A,N/A,N/A,N/A,N/A,N/A,N/A,N/A,N/A,N/A,N/A,N/A,N/A,N/A,N/A,N/A,right,0.0,N/A,N/A,N/A,N/A,N/A,N/A,N/A,N/A,N/A,N/A,N/A,N/A,N/A,N/A,N/A,N/A,N/A,N/A,N/A,N/A,N/A,N/A,N/A,N/A,N/A,N/A,N/A,N/A,N/A,N/A,ATC,ATC,1,N/A,A,0,Tango Three Three One,tower,0.0,N/A,LSZB,0,N/A,LSZB (Bern),0,N/A,121.0MHz,0,N/A,4/14/2021 9:34,0,N/A,N/A,N/A,N/A,ABARI ALETO AMRID ARNOT ARVAN ASBER BADEP BALIR BASUD BELAR BENOT BERSU BIRKI BOMEC DEKAM DOPIL DOUCI EKTUM ERMUS ESEVA ETEKI GODRA GUDAX IXUDI KONOL KORED KUBOM LAMUR LARDO LASUN LEPLA LUMEL LUTIX MASAB MEBOX MONIN NAXOL NEMAG NEMOS NOLKA OBEDU OLBEN OSKUP RAMOK REVLI ROMOM ROTOS SOSAL SUREP TADOB TELNO ULMES UMTOP VADAR VALAD VEBIT,0.0,N/A,N/A,N/A,number one,N/A,N/A,N/A,N/A,N/A,N/A,N/A,N/A,N/A,N/A,N/A,N/A,N/A,N/A,N/A,N/A,N/A,N/A,N/A,N/A,N/A,N/A,N/A,N/A,N/A,N/A,N/A,N/A,N/A,N/A,N/A,N/A,N/A,N/A,N/A,N/A,N/A,N/A,N/A,N/A,N/A,N/A,N/A,N/A,N/A,N/A,N/A,N/A,N/A,N/A,N/A,N/A,N/A,N/A,N/A,N/A,N/A,N/A,N/A,N/A,N/A,N/A,N/A,N/A,N/A,Tango Three Three One,N/A,N/A,N/A,N/A,N/A,N/A,N/A,N/A,N/A,N/A,N/A,N/A,N/A,N/A,N/A,N/A,N/A,N/A,N/A,N/A,N/A,N/A,N/A,N/A,N/A,N/A,N/A,N/A,N/A,N/A,N/A,N/A,N/A,N/A,N/A,N/A,N/A,N/A,N/A,N/A,N/A,N/A,N/A,N/A,N/A,N/A,N/A,N/A,N/A,N/A,N/A,N/A,N/A,N/A,N/A,N/A,N/A,N/A,N/A,N/A,N/A,N/A,N/A,llm_confidence=0.0,0,"{""transcript"":""Tango Three Three One number one is now on the right base"",""role"":""Controller"",""coarse_intent"":""Other"",""fine_intent"":""Other"",""dialogue_function"":""ATCO Other"",""slots"":{""slot_control_unit"":""Tango Three Three One"",""slot_procedure"":""number one""},""subslots"":{}}",0.35714285714285715
LSZB_BERN_Tower_121_0MHz_20210424_132821.wav,Phi-4-multimodal-instruct + speech LoRA,Hotel Kilo Delta now to whiskey one is approved if you remain outside romeo eight two,Hotel Kilo Delta Nauto Whiskey One is approved if you remain outside Romeo Eight Two,True,ATC,ATC,1,Command,Other,0,Command,Other,0,ATCO Clearance,ATCO Other,0.0,N/A,N/A,N/A,N/A,N/A,N/A,N/A,N/A,N/A,N/A,N/A,N/A,N/A,N/A,N/A,N/A,N/A,N/A,N/A,N/A,N/A,N/A,Hotel Kilo Delta to Whiskey One,0.0,N/A,N/A,N/A,N/A,N/A,N/A,N/A,N/A,N/A,N/A,N/A,N/A,N/A,N/A,N/A,N/A,N/A,N/A,N/A,N/A,N/A,N/A,N/A,N/A,N/A,N/A,N/A,ATC,ATC,1,N/A,A,0,Hotel Kilo Delta Nauto Whiskey One,tower,0.0,N/A,LSZB,0,N/A,LSZB (Bern),0,N/A,121.0MHz,0,N/A,4/24/2021 13:28,0,N/A,N/A,N/A,N/A,ABARI ALETO AMRID ARNOT ARVAN ASBER BADEP BALIR BASUD BELAR BENOT BERSU BIRKI BOMEC DEKAM DOPIL DOUCI EKTUM ERMUS ESEVA ETEKI GODRA GUDAX IXUDI KONOL KORED KUBOM LAMUR LARDO LASUN LEPLA LUMEL LUTIX MASAB MEBOX MONIN NAXOL NEMAG NEMOS NOLKA OBEDU OLBEN OSKUP RAMOK REVLI ROMOM ROTOS SOSAL SUREP TADOB TELNO ULMES UMTOP VADAR VALAD VEBIT,0.0,N/A,N/A,N/A,N/A,N/A,N/A,N/A,N/A,N/A,approved,N/A,N/A,N/A,N/A,N/A,N/A,N/A,N/A,N/A,whiskey one,0.0,N/A,N/A,N/A,N/A,N/A,N/A,N/A,N/A,N/A,N/A,N/A,N/A,N/A,N/A,N/A,N/A,N/A,N/A,N/A,N/A,N/A,N/A,N/A,N/A,N/A,N/A,N/A,N/A,N/A,N/A,N/A,N/A,N/A,N/A,N/A,N/A,N/A,N/A,N/A,approved,N/A,N/A,N/A,N/A,N/A,N/A,N/A,N/A,Hotel Kilo Delta Nauto Whiskey One,N/A,N/A,N/A,N/A,N/A,N/A,N/A,N/A,N/A,N/A,N/A,N/A,N/A,N/A,N/A,N/A,N/A,N/A,N/A,N/A,N/A,N/A,N/A,N/A,N/A,N/A,N/A,N/A,N/A,N/A,N/A,N/A,N/A,N/A,N/A,N/A,N/A,N/A,N/A,N/A,N/A,N/A,N/A,N/A,N/A,N/A,N/A,N/A,N/A,N/A,N/A,N/A,N/A,N/A,N/A,N/A,N/A,N/A,N/A,N/A,N/A,N/A,N/A,llm_confidence=0.95,0,"{""transcript"":""Hotel Kilo Delta Nauto Whiskey One is approved if you remain outside Romeo Eight Two"",""role"":""Controller"",""coarse_intent"":""Command"",""fine_intent"":""Command"",""dialogue_function"":""ATCO Clearance"",""slots"":{""slot_action"":""approved"",""slot_control_unit"":""Hotel Kilo Delta Nauto Whiskey One"",""slot_clearance_type"":""general""},""subslots"":{""sub_clearance_keyword"":""approved""}}",0.13333333333333333
LSZH_ZURICH_ApronS_121_75MHz_20210414_144341.wav,Phi-4-multimodal-instruct + speech LoRA,Delta Tango Tango taxi via alpha echo six hold short of runway one six,Delta Tango Tango taxi via your alpha echo six hold short of runway one six,True,ATC,ATC,1,Clearance,Command,0,ATCO Clearance,Flight route,0,ATCO Clearance,ATCO Instruction,0.0,N/A,N/A,N/A,N/A,N/A,N/A,6,16,0.0,N/A,N/A,N/A,alpha echo 6,N/A,N/A,taxi,taxi,1.0,N/A,N/A,N/A,N/A,via ALPHA ECHO6,0.0,N/A,N/A,N/A,N/A,N/A,N/A,N/A,N/A,N/A,N/A,N/A,N/A,N/A,N/A,N/A,N/A,N/A,N/A,N/A,N/A,N/A,N/A,N/A,N/A,N/A,N/A,N/A,ATC,ATC,1,N/A,A,0,Delta Tango Tango,apron,0.0,N/A,LSZH,0,N/A,LSZH (Zurich),0,alpha echo 6,121.75MHz,0,N/A,4/14/2021 14:43,0,N/A,N/A,N/A,N/A,AFOLT AGERI AKABI ALBIX ALINE AMIKI AMRUP ARGAX ARGEV ARTAG ATBAS BARIG BERSU BREGO DEGES DITON DONET DOPIL EDUMI EGABI EKRIT EKTUM ELMUR ENONO ENUSO ERMUS GARMO GERSA GIPOL IBILA KELIP KESEX KOLUL KUDIS KUSIX LAMAX LAPAG LAPDI LEDMI LUMEG MANEG MANID MATIV MILNI MOMOL MOSIT NEDOV NEMAG NOLKA OBEDU OLKEV OLNAV OMIDO OSNEM OSNOG RAMEM RAUTA RILAX RINLI RIPUS RISLI ROLSA ROMIR RONBA RONIX RUDSI SITOR SONGI SONOM SUBEX SUREP TADOB TINOX TITIX UMTOP URIGI URNAS UTIXO VEBIT VEDOK VIBAX VIBEV XANAL,0.0,N/A,N/A,N/A,N/A,N/A,N/A,6,N/A,N/A,taxi,N/A,N/A,N/A,runway 16,0.0,N/A,N/A,N/A,N/A,N/A,N/A,N/A,N/A,N/A,N/A,N/A,N/A,N/A,N/A,N/A,N/A,N/A,N/A,N/A,N/A,N/A,N/A,N/A,N/A,N/A,N/A,N/A,N/A,N/A,N/A,N/A,N/A,N/A,N/A,N/A,N/A,N/A,N/A,N/A,N/A,N/A,N/A,N/A,N/A,N/A,taxi,taxi,1.0,N/A,N/A,N/A,N/A,N/A,N/A,Delta Tango Tango,N/A,N/A,N/A,N/A,N/A,N/A,N/A,N/A,N/A,N/A,N/A,N/A,N/A,N/A,N/A,N/A,N/A,via your alpha echo 6,ALPHA,0.0,N/A,N/A,N/A,N/A,ALPHA ECHO SIX,0.0,N/A,N/A,N/A,N/A,N/A,N/A,N/A,hold short,0.0,N/A,hold short of runway 16,0.0,N/A,N/A,N/A,N/A,N/A,N/A,N/A,N/A,N/A,N/A,N/A,N/A,N/A,N/A,N/A,N/A,N/A,N/A,N/A,N/A,N/A,N/A,N/A,N/A,N/A,llm_confidence=0.9625,0,"{""transcript"":""Delta Tango Tango taxi via your alpha echo six hold short of runway one six"",""role"":""Controller"",""coarse_intent"":""Clearance"",""fine_intent"":""ATCO Clearance"",""dialogue_function"":""ATCO Clearance"",""slots"":{""slot_action"":""taxi"",""slot_control_unit"":""Delta Tango Tango"",""slot_runway"":""6"",""slot_frequency"":""alpha echo 6"",""slot_taxiway"":""via your alpha echo 6"",""slot_clearance_type"":""taxi"",""slot_restriction_type"":""none"",""slot_reason_or_condition"":""holding short""},""subslots"":{""sub_taxi_action"":""taxi"",""sub_clearance_keyword"":""taxi""}}",0.18181818181818182
LSZB_BERN_Approach_127_3MHz_20210418_152915.wav,Phi-4-multimodal-instruct + speech LoRA,Hotel November Lima for the time being remain on this frequency,Hotel November Lima for the time being remain on this frequency,True,ATC,ATC,1,Other,Other,1,Other,Other,1,ATCO Other,ATCO Other,1.0,N/A,N/A,N/A,N/A,N/A,N/A,N/A,N/A,N/A,N/A,N/A,N/A,N/A,N/A,N/A,N/A,N/A,N/A,N/A,N/A,N/A,N/A,N/A,N/A,N/A,N/A,N/A,N/A,N/A,N/A,N/A,N/A,N/A,N/A,N/A,N/A,N/A,N/A,N/A,N/A,N/A,N/A,N/A,N/A,N/A,N/A,N/A,N/A,N/A,N/A,N/A,ATC,ATC,1,N/A,A,0,Hotel November Lima,approach,0.0,N/A,LSZB,0,N/A,LSZB (Bern),0,N/A,127.3MHz,0,N/A,4/18/2021 15:29,0,N/A,N/A,N/A,N/A,ABARI ALETO AMRID ARNOT ARVAN ASBER BADEP BALIR BASUD BELAR BENOT BERSU BIRKI BOMEC DEKAM DOPIL DOUCI EKTUM ERMUS ESEVA ETEKI GODRA GUDAX IXUDI KONOL KORED KUBOM LAMUR LARDO LASUN LEPLA LUMEL LUTIX MASAB MEBOX MONIN NAXOL NEMAG NEMOS NOLKA OBEDU OLBEN OSKUP RAMOK REVLI ROMOM ROTOS SOSAL SUREP TADOB TELNO ULMES UMTOP VADAR VALAD VEBIT,0.0,N/A,N/A,N/A,N/A,N/A,N/A,N/A,N/A,N/A,N/A,N/A,N/A,N/A,N/A,N/A,N/A,N/A,N/A,N/A,N/A,N/A,N/A,N/A,N/A,N/A,N/A,N/A,N/A,N/A,N/A,N/A,N/A,N/A,N/A,N/A,N/A,N/A,N/A,N/A,N/A,N/A,N/A,N/A,N/A,N/A,N/A,N/A,N/A,N/A,N/A,N/A,N/A,N/A,N/A,N/A,N/A,N/A,N/A,N/A,N/A,N/A,N/A,N/A,N/A,N/A,N/A,N/A,N/A,N/A,Hotel November Lima,N/A,N/A,N/A,N/A,N/A,N/A,frequency_instruction,0.0,N/A,Hotel November Lima,0.0,N/A,N/A,N/A,N/A,N/A,N/A,N/A,N/A,N/A,N/A,N/A,N/A,N/A,N/A,N/A,N/A,N/A,N/A,N/A,N/A,N/A,N/A,N/A,N/A,N/A,N/A,N/A,N/A,N/A,N/A,N/A,N/A,N/A,N/A,N/A,N/A,N/A,N/A,N/A,N/A,N/A,N/A,N/A,N/A,N/A,N/A,N/A,N/A,Non-English/Other Language,N/A,N/A,N/A,llm_confidence=0.95,0,"{""transcript"":""Hotel November Lima for the time being remain on this frequency"",""role"":""Controller"",""coarse_intent"":""Other"",""fine_intent"":""Other"",""dialogue_function"":""ATCO Other"",""slots"":{""slot_control_unit"":""Hotel November Lima""},""subslots"":{""sub_nonenglish_marker"":""Non-English/Other Language""}}",0.3333333333333333
LSZH_ZURICH_Tower_118_1MHz_20210414_055559.wav,Phi-4-multimodal-instruct + speech LoRA,Singapore Three Four Six contact apron one two one decimal eight five five,report three four six contact apron one two one decimal eight five five,True,Pilot,ATC,0,Report,Command,0,Report,Transfer,0,Pilot Report,ATCO Instruction,0.0,N/A,Singapore,0.0,N/A,346,0.0,N/A,N/A,N/A,N/A,N/A,N/A,121.85,121.855,0.0,N/A,N/A,N/A,N/A,N/A,N/A,N/A,N/A,N/A,N/A,N/A,N/A,N/A,N/A,N/A,N/A,N/A,N/A,N/A,N/A,N/A,N/A,N/A,N/A,report,N/A,N/A,N/A,N/A,N/A,N/A,Singapore Three Four Six,0.0,N/A,SIA346,0.0,Pilot,ATC,0,N/A,A,0,apron,apron | tower,0.0,N/A,LSZH,0,N/A,LSZH (Zurich),0,121.85,118.1MHz,0,N/A,4/14/2021 5:55,0,N/A,N/A,N/A,N/A,AFOLT AGERI AKABI ALBIX ALINE AMIKI AMRUP ARGAX ARGEV ARTAG ATBAS BARIG BERSU BREGO DEGES DITON DONET DOPIL EDUMI EGABI EKRIT EKTUM ELMUR ENONO ENUSO ERMUS GARMO GERSA GIPOL IBILA KELIP KESEX KOLUL KUDIS KUSIX LAMAX LAPAG LAPDI LEDMI LUMEG MANEG MANID MATIV MILNI MOMOL MOSIT NEDOV NEMAG NOLKA OBEDU OLKEV OLNAV OMIDO OSNEM OSNOG RAMEM RAUTA RILAX RINLI RIPUS RISLI ROLSA ROMIR RONBA RONIX RUDSI SITOR SONGI SONOM SUBEX SUREP TADOB TINOX TITIX UMTOP URIGI URNAS UTIXO VEBIT VEDOK VIBAX VIBEV XANAL,0.0,N/A,N/A,N/A,N/A,N/A,N/A,N/A,N/A,N/A,N/A,N/A,N/A,N/A,N/A,N/A,N/A,N/A,N/A,N/A,N/A,N/A,N/A,N/A,N/A,N/A,N/A,N/A,N/A,apron,0.0,N/A,N/A,N/A,N/A,N/A,N/A,N/A,N/A,N/A,N/A,N/A,N/A,N/A,N/A,N/A,N/A,N/A,N/A,N/A,N/A,N/A,N/A,N/A,N/A,N/A,N/A,N/A,N/A,N/A,N/A,report,N/A,N/A,N/A,N/A,N/A,N/A,contact,0.0,apron,apron,1.0,N/A,N/A,N/A,N/A,N/A,N/A,N/A,N/A,N/A,N/A,N/A,N/A,N/A,N/A,N/A,N/A,N/A,N/A,N/A,N/A,N/A,N/A,N/A,N/A,N/A,N/A,N/A,N/A,N/A,N/A,N/A,N/A,N/A,N/A,N/A,N/A,N/A,N/A,N/A,N/A,N/A,N/A,N/A,N/A,N/A,three four six,N/A,N/A,N/A,N/A,N/A,N/A,N/A,N/A,N/A,N/A,N/A,N/A,N/A,N/A,N/A,llm_confidence=0.475,0,"{""transcript"":""report three four six contact apron one two one decimal eight five five"",""role"":""Pilot"",""coarse_intent"":""Report"",""fine_intent"":""Report"",""dialogue_function"":""Pilot Report"",""slots"":{""slot_action"":""report"",""slot_control_unit"":""apron"",""slot_frequency"":""121.85"",""position_report"":""three four six""},""subslots"":{""sub_report_keyword"":""report""}}",0.047619047619047616
LSZB_BERN_Tower_121_0MHz_20210414_094938.wav,Phi-4-multimodal-instruct + speech LoRA,say again Heli Lima Juliett Heli Lima Juliett join mid left heli circuit three two land at own discretion swiss helicopter wind zero four zero degrees one zero knots,Heli Lima Juliett join mid left heli circuit three two land at own discretion swiss helicopter wind zero four zero degrees one zero knots,True,Pilot,Other,0,Other,Other,1,Other,Other,1,ATCO Other,N/A,N/A,Swiss Helicopter,N/A,N/A,N/A,N/A,N/A,N/A,N/A,N/A,N/A,N/A,N/A,N/A,N/A,N/A,N/A,N/A,N/A,E,left,0.0,N/A,N/A,N/A,N/A,N/A,N/A,N/A,N/A,N/A,N/A,N/A,N/A,N/A,N/A,N/A,N/A,land,0.0,N/A,N/A,N/A,N/A,N/A,N/A,Heli Lima Juliett,N/A,N/A,HLLY,N/A,N/A,Pilot,Other,0,Heli Lima Juliett,D | A,0,Swiss Helicopter,tower,0.0,N/A,LSZB,0,N/A,LSZB (Bern),0,N/A,121.0MHz,0,N/A,4/14/2021 9:49,0,N/A,N/A,N/A,N/A,ABARI ALETO AMRID ARNOT ARVAN ASBER BADEP BALIR BASUD BELAR BENOT BERSU BIRKI BOMEC DEKAM DOPIL DOUCI EKTUM ERMUS ESEVA ETEKI GODRA GUDAX IXUDI KONOL KORED KUBOM LAMUR LARDO LASUN LEPLA LUMEL LUTIX MASAB MEBOX MONIN NAXOL NEMAG NEMOS NOLKA OBEDU OLBEN OSKUP RAMOK REVLI ROMOM ROTOS SOSAL SUREP TADOB TELNO ULMES UMTOP VADAR VALAD VEBIT,0.0,N/A,N/A,N/A,N/A,N/A,N/A,N/A,N/A,N/A,N/A,N/A,N/A,N/A,N/A,N/A,N/A,N/A,N/A,N/A,N/A,N/A,N/A,N/A,N/A,E,N/A,N/A,N/A,N/A,N/A,N/A,N/A,N/A,N/A,N/A,N/A,N/A,N/A,N/A,N/A,N/A,N/A,N/A,N/A,N/A,E,N/A,N/A,N/A,N/A,N/A,N/A,N/A,N/A,N/A,N/A,N/A,N/A,N/A,N/A,join,N/A,N/A,N/A,N/A,N/A,N/A,N/A,N/A,Swiss Helicopter,N/A,N/A,N/A,N/A,N/A,N/A,ATC Instruction,0.0,N/A,join mid left heli circuit three two land at own discretion,0.0,N/A,N/A,N/A,N/A,N/A,N/A,N/A,N/A,N/A,N/A,N/A,N/A,N/A,N/A,N/A,N/A,N/A,N/A,N/A,N/A,N/A,N/A,N/A,N/A,N/A,N/A,N/A,N/A,N/A,N/A,N/A,join mid left heli circuit three two land at own discretion,0.0,N/A,N/A,N/A,N/A,N/A,N/A,N/A,N/A,N/A,Heli Lima Juliett,N/A,N/A,N/A,N/A,N/A,N/A,N/A,N/A,N/A,llm_confidence=0.9499999999999998,0,"{""transcript"":""Heli Lima Juliett join mid left heli circuit three two land at own discretion swiss helicopter wind zero four zero degrees one zero knots"",""role"":""Pilot"",""coarse_intent"":""Other"",""fine_intent"":""Other"",""dialogue_function"":""ATCO Other"",""slots"":{""slot_callsign_code"":""HLLY"",""slot_callsign_spoken"":""Heli Lima Juliett"",""slot_airline"":""Swiss Helicopter"",""slot_action"":""join"",""slot_control_unit"":""Swiss Helicopter"",""slot_wind"":""0401"",""slot_direction"":""E""},""subslots"":{""sub_greeting_phrase"":""Heli Lima Juliett""}}",0.11764705882352941
YSSY_SYDNEY_Tower_120_5MHz_20210427_090118.wav,Phi-4-multimodal-instruct + speech LoRA,Sydney tower good evening Singapore Seventy Two Ninety Eight is one six right,Sydney tower good evening Singapore Seventy Two Ninety Eight is one six right,True,ATC,ATC,1,Other,Other,1,Other,Other,1,ATCO Other,ATCO Other,1.0,N/A,N/A,N/A,N/A,N/A,N/A,N/A,N/A,N/A,N/A,N/A,N/A,N/A,N/A,N/A,N/A,N/A,N/A,right,right,1.0,N/A,N/A,N/A,N/A,N/A,N/A,N/A,N/A,N/A,N/A,N/A,N/A,N/A,N/A,N/A,N/A,N/A,N/A,N/A,N/A,N/A,N/A,N/A,N/A,N/A,N/A,N/A,N/A,N/A,N/A,ATC,ATC,1,N/A,A,0,Sydney tower,tower,0.0,N/A,YSSY,0,N/A,YSSY (Sydney),0,N/A,120.5MHz,0,N/A,4/27/2021 9:01,0,N/A,N/A,N/A,N/A,ABBEY ANKUB ATRET BEROW BIGEM BIKUS BOBIG BOOGI BUVLO CLIFF COONY CORDO DALAR DEENA DIPPA DUDOK DUMOP DUNES ENDEV ENKAS ENTRA FISHA GOMUB HALAS HOOKS IGALA ISMER JAKLN JELLI JENTL JULIA KABLO KAMBA KAMPI KEVIN LANOL LISHA MAJAR MANFA MARKY MARUB MITSA NASHO NESSY NOBAR NOLEM OLSOG OVILS PEBRA PEGBA POSTY PRAWN RAKSO RENAM RISOL SBKWA SBKWB SBKWF SBKWH SBKWI SBKWM SCNWF SCNWH SCNWM SHORE SOSIJ SRIEA SRIEB SRIEF SRIEH SRIEI SRIEM SRIWF SRIWG SRIWH SRIWI SRIWM SSYEF SSYEH SSYEM SSYNF SSYNH SSYNI SSYNM SSYSF SSYSH SSYSM SSYWF SSYWH SSYWM SUZAN SYDNF SYDNH SYDNM SYDSF SYDSH SYDSM SYRBB SYRCC SYRDD SYRFF SYRGG TAMMI TESAT TONTO TONUX URDEN UXAMA VENUL VIDIK VOSSI WHALE WOLNA WOLNC WOLND WOLNF WOLNI ZONKA,0.0,N/A,N/A,N/A,N/A,N/A,N/A,N/A,N/A,N/A,N/A,N/A,N/A,N/A,N/A,N/A,N/A,N/A,N/A,N/A,N/A,N/A,N/A,N/A,N/A,right,N/A,N/A,N/A,N/A,N/A,N/A,N/A,N/A,N/A,N/A,N/A,N/A,N/A,N/A,N/A,N/A,N/A,N/A,N/A,N/A,right,N/A,N/A,N/A,N/A,N/A,N/A,N/A,N/A,N/A,N/A,N/A,N/A,N/A,N/A,N/A,N/A,N/A,N/A,N/A,N/A,N/A,N/A,N/A,Sydney tower,N/A,N/A,N/A,N/A,N/A,N/A,N/A,N/A,N/A,N/A,N/A,N/A,N/A,N/A,N/A,N/A,N/A,N/A,N/A,N/A,N/A,N/A,N/A,N/A,N/A,N/A,N/A,N/A,N/A,N/A,N/A,N/A,N/A,N/A,N/A,N/A,N/A,N/A,N/A,N/A,N/A,N/A,N/A,N/A,N/A,N/A,N/A,N/A,N/A,N/A,N/A,N/A,N/A,good evening,good evening,1.0,N/A,N/A,N/A,N/A,N/A,N/A,N/A,llm_confidence=0.0,0,"{""transcript"":""Sydney tower good evening Singapore Seventy Two Ninety Eight is one six right"",""role"":""Controller"",""coarse_intent"":""Other"",""fine_intent"":""Other"",""dialogue_function"":""ATCO Other"",""slots"":{""slot_control_unit"":""Sydney tower"",""slot_direction"":""right""},""subslots"":{""sub_greeting_phrase"":""good evening""}}",0.4666666666666667
LSZH_ZURICH_ApronS_121_75MHz_20210418_075050.wav,Phi-4-multimodal-instruct + speech LoRA,well there's marchall on it's way and [hes] in Zurich it is handled like this all the time but it's any second with you,Well there's a marshal on its way and in Zurich it is handled like this all the time but it's any second with you,True,ATC,ATC,1,Other,Other,1,Other,Other,1,ATCO Other,ATCO Other,1.0,N/A,N/A,N/A,N/A,N/A,N/A,N/A,N/A,N/A,N/A,N/A,N/A,N/A,N/A,N/A,N/A,N/A,N/A,N/A,N/A,N/A,N/A,N/A,N/A,N/A,N/A,N/A,N/A,N/A,N/A,N/A,N/A,N/A,N/A,N/A,N/A,N/A,N/A,N/A,N/A,N/A,N/A,N/A,N/A,N/A,N/A,N/A,N/A,N/A,N/A,N/A,ATC,ATC,1,N/A,A,0,Zurich,apron,0.0,N/A,LSZH,0,N/A,LSZH (Zurich),0,N/A,121.75MHz,0,N/A,4/18/2021 7:50,0,N/A,N/A,N/A,N/A,AFOLT AGERI AKABI ALBIX ALINE AMIKI AMRUP ARGAX ARGEV ARTAG ATBAS BARIG BERSU BREGO DEGES DITON DONET DOPIL EDUMI EGABI EKRIT EKTUM ELMUR ENONO ENUSO ERMUS GARMO GERSA GIPOL IBILA KELIP KESEX KOLUL KUDIS KUSIX LAMAX LAPAG LAPDI LEDMI LUMEG MANEG MANID MATIV MILNI MOMOL MOSIT NEDOV NEMAG NOLKA OBEDU OLKEV OLNAV OMIDO OSNEM OSNOG RAMEM RAUTA RILAX RINLI RIPUS RISLI ROLSA ROMIR RONBA RONIX RUDSI SITOR SONGI SONOM SUBEX SUREP TADOB TINOX TITIX UMTOP URIGI URNAS UTIXO VEBIT VEDOK VIBAX VIBEV XANAL,0.0,N/A,N/A,N/A,N/A,N/A,N/A,N/A,N/A,N/A,N/A,N/A,N/A,N/A,N/A,N/A,N/A,N/A,N/A,N/A,N/A,N/A,N/A,N/A,N/A,N/A,N/A,N/A,N/A,N/A,N/A,N/A,N/A,N/A,N/A,N/A,N/A,N/A,N/A,N/A,N/A,N/A,N/A,N/A,N/A,N/A,N/A,N/A,N/A,N/A,N/A,N/A,N/A,N/A,N/A,N/A,N/A,N/A,N/A,N/A,N/A,N/A,N/A,N/A,N/A,N/A,N/A,N/A,N/A,N/A,Zurich,N/A,N/A,N/A,N/A,N/A,N/A,N/A,N/A,N/A,N/A,N/A,N/A,N/A,N/A,N/A,N/A,N/A,N/A,N/A,N/A,N/A,N/A,N/A,N/A,N/A,N/A,N/A,N/A,N/A,N/A,N/A,N/A,N/A,N/A,N/A,N/A,N/A,N/A,N/A,N/A,N/A,N/A,N/A,N/A,N/A,N/A,N/A,N/A,N/A,N/A,N/A,N/A,N/A,N/A,N/A,N/A,N/A,N/A,N/A,N/A,N/A,N/A,N/A,hesitation_marker | llm_confidence=0.0,0,"{""transcript"":""Well there's a marshal on its way and in Zurich it is handled like this all the time but it's any second with you"",""role"":""Controller"",""coarse_intent"":""Other"",""fine_intent"":""Other"",""dialogue_function"":""ATCO Other"",""slots"":{""slot_control_unit"":""Zurich""},""subslots"":{}}",0.38461538461538464
LZIB_STEFANIK_Tower_118_3MHz_20210503_131815.wav,Phi-4-multimodal-instruct + speech LoRA,Delta Bravo Bravo line up runway three one report ready for departure Delta Bravo Bravo lining up runway three one we are ready for departure roger,Delta Bravo Bravo one approach runway three three ready for departure,True,Pilot,ATC,0,Clearance,Other,0,Approach,Line-up,0,ATCO Clearance,ATCO Clearance,1.0,N/A,N/A,N/A,N/A,N/A,N/A,N/A,31,0.0,N/A,N/A,N/A,N/A,N/A,N/A,N/A,N/A,N/A,N/A,N/A,N/A,N/A,N/A,N/A,N/A,N/A,N/A,N/A,N/A,N/A,N/A,N/A,N/A,N/A,roger,0.0,N/A,N/A,N/A,N/A,report,0.0,N/A,ready,0.0,N/A,N/A,N/A,N/A,N/A,N/A,Pilot,ATC,0,N/A,A | B,0,slot_control_unit,departure | tower | tower,0.0,N/A,LZIB,0,N/A,LZIB (Bratislava),0,N/A,118.3MHz,0,N/A,5/3/2021 13:18,0,N/A,N/A,N/A,N/A,ABETI ABLOM ADAMA AGMIM ASLOT ASPIB ASTON BEGLA BERVA CIFER EKLIP GASNA GESGI KOXER KUVEX LEDRI MABOD MAREG MOVOS NATEX NIGER PESAT REKLU SOMID TOVKA UBUXI URUMU VABGU VAMOG VAPIT VEDER VYDRA XENAK XENDI,0.0,N/A,N/A,N/A,approach clearance,N/A,N/A,runway three three,N/A,N/A,approach clearance,N/A,N/A,N/A,N/A,N/A,N/A,N/A,N/A,N/A,N/A,N/A,N/A,N/A,N/A,N/A,N/A,N/A,N/A,N/A,N/A,N/A,line up,0.0,N/A,N/A,N/A,N/A,N/A,N/A,N/A,N/A,N/A,N/A,N/A,N/A,N/A,N/A,N/A,N/A,N/A,N/A,N/A,N/A,N/A,N/A,N/A,N/A,N/A,N/A,N/A,slot_restriction_type,N/A,N/A,N/A,N/A,N/A,N/A,N/A,N/A,slot_control_unit,N/A,N/A,N/A,N/A,N/A,N/A,N/A,N/A,N/A,N/A,N/A,N/A,N/A,N/A,N/A,N/A,N/A,N/A,N/A,N/A,N/A,N/A,N/A,N/A,N/A,N/A,N/A,N/A,N/A,N/A,N/A,N/A,N/A,N/A,N/A,runway three three,N/A,N/A,N/A,N/A,N/A,N/A,N/A,N/A,N/A,ready,0.0,N/A,we are ready for departure,0.0,N/A,roger,0.0,N/A,N/A,N/A,N/A,N/A,N/A,N/A,N/A,N/A,N/A,llm_confidence=0.925,0,"{""transcript"":""Delta Bravo Bravo one approach runway three three ready for departure"",""role"":""Pilot"",""coarse_intent"":""Clearance"",""fine_intent"":""Approach"",""dialogue_function"":""ATCO Clearance"",""slots"":{""slot_action"":""slot_restriction_type"",""slot_control_unit"":""slot_control_unit"",""slot_clearance_type"":""approach clearance"",""restriction_condition"":""runway three three""},""subslots"":{""sub_approach_type"":""approach clearance"",""sub_approach_runway"":""runway three three"",""sub_clearance_keyword"":""approach clearance""}}",0.047619047619047616
LSZB_BERN_Approach_127_3MHz_20210415_095230.wav,Phi-4-multimodal-instruct + speech LoRA,November Mike Alpha vectoring for a short approach turn left heading two four zero,November Mike Alpha vectoring for a short approach turn left heading two four zero,True,ATC,ATC,1,Command,Command,1,Approach,Heading,0,ATCO Instruction,ATCO Instruction,1.0,N/A,N/A,N/A,N/A,N/A,N/A,N/A,N/A,N/A,N/A,N/A,N/A,N/A,N/A,N/A,N/A,N/A,N/A,N/A,N/A,N/A,N/A,N/A,N/A,N/A,N/A,N/A,N/A,N/A,N/A,N/A,N/A,N/A,N/A,N/A,N/A,N/A,N/A,N/A,N/A,N/A,N/A,N/A,N/A,N/A,N/A,N/A,N/A,N/A,N/A,N/A,ATC,ATC,1,N/A,A,0,November Mike Alpha,approach,0.0,N/A,LSZB,0,N/A,LSZB (Bern),0,N/A,127.3MHz,0,N/A,4/15/2021 9:52,0,N/A,N/A,N/A,N/A,ABARI ALETO AMRID ARNOT ARVAN ASBER BADEP BALIR BASUD BELAR BENOT BERSU BIRKI BOMEC DEKAM DOPIL DOUCI EKTUM ERMUS ESEVA ETEKI GODRA GUDAX IXUDI KONOL KORED KUBOM LAMUR LARDO LASUN LEPLA LUMEL LUTIX MASAB MEBOX MONIN NAXOL NEMAG NEMOS NOLKA OBEDU OLBEN OSKUP RAMOK REVLI ROMOM ROTOS SOSAL SUREP TADOB TELNO ULMES UMTOP VADAR VALAD VEBIT,0.0,N/A,N/A,N/A,vectoring,N/A,N/A,N/A,N/A,N/A,vectoring,N/A,N/A,N/A,N/A,N/A,N/A,N/A,N/A,N/A,N/A,N/A,N/A,N/A,N/A,N/A,N/A,N/A,N/A,N/A,N/A,N/A,N/A,N/A,N/A,N/A,N/A,N/A,N/A,N/A,vectoring,turn left,0.0,240,240.0,1.0,N/A,left,0.0,N/A,N/A,N/A,N/A,N/A,N/A,N/A,N/A,N/A,N/A,N/A,N/A,vectoring,N/A,N/A,N/A,N/A,N/A,N/A,N/A,N/A,November Mike Alpha,N/A,N/A,N/A,N/A,N/A,N/A,N/A,N/A,N/A,N/A,N/A,N/A,N/A,N/A,N/A,vectoring,0.0,N/A,N/A,N/A,N/A,N/A,N/A,N/A,N/A,N/A,N/A,N/A,N/A,N/A,N/A,N/A,Approach Restriction,N/A,N/A,short approach,N/A,N/A,N/A,N/A,N/A,N/A,N/A,N/A,N/A,N/A,N/A,N/A,N/A,N/A,N/A,N/A,N/A,N/A,N/A,N/A,N/A,N/A,N/A,N/A,N/A,N/A,N/A,llm_confidence=0.925,0,"{""transcript"":""November Mike Alpha vectoring for a short approach turn left heading two four zero"",""role"":""Controller"",""coarse_intent"":""Command"",""fine_intent"":""Approach"",""dialogue_function"":""ATCO Instruction"",""slots"":{""slot_action"":""vectoring"",""slot_heading"":""240"",""slot_control_unit"":""November Mike Alpha"",""slot_restriction_type"":""Approach Restriction"",""restriction_condition"":""short approach""},""subslots"":{""sub_approach_type"":""vectoring"",""sub_approach_runway"":""N/A"",""sub_clearance_keyword"":""vectoring"",""sub_heading_action"":""vectoring""}}",0.29411764705882354
LSZB_BERN_Approach_127_3MHz_20210416_084747.wav,Phi-4-multimodal-instruct + speech LoRA,Hotel India Alpha until four miles maintain one hundred knots or greater,Hotel India Alpha until four miles maintain one hundred knots or greater,True,ATC,ATC,1,Command,Other,0,Information,Other,0,ATCO Information,ATCO Other,0.0,N/A,N/A,N/A,N/A,N/A,N/A,N/A,N/A,N/A,N/A,N/A,N/A,N/A,N/A,N/A,N/A,N/A,N/A,N/A,N/A,N/A,N/A,N/A,N/A,N/A,N/A,N/A,N/A,N/A,N/A,N/A,N/A,N/A,N/A,N/A,N/A,N/A,N/A,N/A,N/A,N/A,N/A,N/A,N/A,N/A,N/A,N/A,N/A,N/A,N/A,N/A,ATC,ATC,1,N/A,A,0,Hotel India Alpha,approach,0.0,N/A,LSZB,0,N/A,LSZB (Bern),0,N/A,127.3MHz,0,N/A,4/16/2021 8:47,0,N/A,N/A,N/A,N/A,ABARI ALETO AMRID ARNOT ARVAN ASBER BADEP BALIR BASUD BELAR BENOT BERSU BIRKI BOMEC DEKAM DOPIL DOUCI EKTUM ERMUS ESEVA ETEKI GODRA GUDAX IXUDI KONOL KORED KUBOM LAMUR LARDO LASUN LEPLA LUMEL LUTIX MASAB MEBOX MONIN NAXOL NEMAG NEMOS NOLKA OBEDU OLBEN OSKUP RAMOK REVLI ROMOM ROTOS SOSAL SUREP TADOB TELNO ULMES UMTOP VADAR VALAD VEBIT,0.0,N/A,N/A,N/A,N/A,N/A,N/A,N/A,N/A,N/A,N/A,N/A,N/A,N/A,Hotel India Alpha,0.0,N/A,N/A,N/A,N/A,N/A,N/A,N/A,N/A,N/A,N/A,N/A,N/A,N/A,N/A,N/A,N/A,N/A,N/A,N/A,N/A,N/A,N/A,N/A,N/A,N/A,N/A,N/A,N/A,N/A,N/A,N/A,N/A,N/A,N/A,N/A,N/A,100.0,N/A,N/A,N/A,N/A,N/A,N/A,N/A,N/A,maintain,N/A,N/A,N/A,N/A,N/A,N/A,N/A,N/A,Hotel India Alpha,N/A,N/A,N/A,N/A,N/A,N/A,N/A,N/A,N/A,N/A,N/A,N/A,N/A,N/A,N/A,N/A,N/A,N/A,N/A,N/A,N/A,N/A,N/A,N/A,N/A,N/A,N/A,N/A,N/A,N/A,N/A,N/A,N/A,N/A,N/A,N/A,maintain one hundred knots or greater,0.0,N/A,N/A,N/A,N/A,N/A,N/A,N/A,N/A,N/A,N/A,N/A,N/A,N/A,N/A,N/A,N/A,N/A,N/A,N/A,N/A,N/A,N/A,N/A,N/A,N/A,llm_confidence=0.95,0,"{""transcript"":""Hotel India Alpha until four miles maintain one hundred knots or greater"",""role"":""Controller"",""coarse_intent"":""Command"",""fine_intent"":""Information"",""dialogue_function"":""ATCO Information"",""slots"":{""slot_action"":""maintain"",""slot_control_unit"":""Hotel India Alpha"",""slot_speed"":100.0,""slot_reason_or_condition"":""or greater""},""subslots"":{""sub_information_type"":""Information""}}",0.13333333333333333
LKPR_RUZYNE_Tower_134_560MHz_20201025_144043.wav,Phi-4-multimodal-instruct + speech LoRA,Ruzyne Tower hello again Eurowings One Tango Kilo Eurowings One Tango Kilo Ruzyne Tower good afternoon go ahead [hes] just a question do you think there any chance to get runway two four for departure unfortunately with delay because there are five aircraft on runway zero six landing okay copy thank you,Uh just a question do you think there is a chance for us to get runway two four for departure,True,ATC,Pilot,0,Request,Other,0,N/A,Other,0,Pilot Request,Pilot Response,0.0,N/A,N/A,N/A,N/A,N/A,N/A,2/4,24 | 06,0.0,N/A,N/A,N/A,N/A,N/A,N/A,N/A,N/A,N/A,N/A,N/A,N/A,2/4,N/A,N/A,N/A,N/A,N/A,N/A,N/A,N/A,N/A,N/A,N/A,N/A,N/A,N/A,N/A,landing,0.0,N/A,N/A,N/A,N/A,N/A,N/A,N/A,N/A,N/A,N/A,N/A,N/A,ATC,Pilot,0,N/A,B | A,0,N/A,ruzyne tower | tower | departure | tower | tower,0.0,N/A,LKPR,0,N/A,LKPR (Praha Ruzyne),0,N/A,134.560MHz,0,N/A,10/25/2020 14:40,0,N/A,N/A,N/A,N/A,N/A,N/A,N/A,N/A,N/A,N/A,N/A,N/A,2/4,N/A,N/A,N/A,N/A,N/A,N/A,N/A,N/A,N/A,N/A,N/A,N/A,N/A,N/A,N/A,N/A,N/A,N/A,N/A,N/A,N/A,N/A,N/A,N/A,N/A,N/A,N/A,N/A,N/A,N/A,N/A,N/A,N/A,N/A,N/A,N/A,N/A,N/A,N/A,N/A,N/A,N/A,N/A,N/A,N/A,N/A,N/A,N/A,N/A,N/A,N/A,N/A,N/A,N/A,N/A,N/A,N/A,N/A,N/A,N/A,N/A,N/A,N/A,N/A,N/A,N/A,N/A,N/A,N/A,N/A,N/A,N/A,N/A,N/A,N/A,N/A,N/A,N/A,N/A,N/A,N/A,N/A,N/A,N/A,N/A,N/A,N/A,N/A,N/A,N/A,N/A,N/A,N/A,N/A,N/A,N/A,N/A,N/A,N/A,delay because there are five aircraft on runway zero six landing,0.0,requested_item,N/A,N/A,chance to get runway 2/4 for departure,N/A,N/A,N/A,N/A,N/A,N/A,N/A,N/A,N/A,thank you,0.0,N/A,hello | good afternoon,0.0,N/A,N/A,N/A,N/A,N/A,N/A,N/A,hesitation_marker | llm_confidence=0.95,0,"{""transcript"":""Uh just a question do you think there is a chance for us to get runway two four for departure"",""role"":""Controller"",""coarse_intent"":""Request"",""dialogue_function"":""Pilot Request"",""slots"":{""slot_runway"":""2/4"",""planned_route"":""2/4"",""requested_item"":""chance to get runway 2/4 for departure""},""subslots"":{""sub_request_keyword"":""requested_item""}}",0.0
LSGS_SION_Ground_Control_121_7MHz_20210422_083102.wav,Phi-4-multimodal-instruct + speech LoRA,Hotel Foxtrot Oscar Echo One at six thousand feet Foxtrot Oscar report echo two for runway two five,Foxtrot Oscar report echo tower for runway two five full,True,ATC,Other,0,Report,Other,0,Report,Other,0,ATCO Confirmation,N/A,N/A,N/A,N/A,N/A,N/A,N/A,N/A,25,25,1.0,N/A,N/A,N/A,N/A,N/A,N/A,N/A,N/A,N/A,N/A,N/A,N/A,tower,N/A,N/A,N/A,N/A,N/A,N/A,N/A,N/A,N/A,N/A,N/A,N/A,N/A,N/A,N/A,N/A,N/A,report,report,1.0,Foxtrot Oscar report echo tower,N/A,N/A,Foxtrot Oscar,N/A,N/A,N/A,N/A,N/A,ATC,Other,0,N/A,D | E,0,tower,N/A,N/A,N/A,LSGS,0,N/A,LSGS (Sion),0,N/A,121.7MHz,0,N/A,4/22/2021 8:31,0,N/A,N/A,N/A,N/A,ALETO AOSTA BANKO BERAR BIBAN CERVI ESOKO ETEKI GARLO GODRA GOLEB GRANA INTIP LAMUR MASAB MOBLO MOLUS MONIN OMETO ORSUD PUNSA REVLI ROCCA ROMOM SANET SONOD SOSAL TERSI UBIMA VADAR VALOR VENAT VEROX,0.0,N/A,N/A,N/A,N/A,N/A,N/A,25,N/A,N/A,N/A,N/A,N/A,N/A,N/A,N/A,N/A,N/A,N/A,N/A,N/A,N/A,N/A,N/A,N/A,N/A,N/A,N/A,N/A,N/A,N/A,N/A,N/A,N/A,N/A,N/A,N/A,N/A,N/A,N/A,N/A,N/A,N/A,N/A,N/A,N/A,N/A,N/A,N/A,N/A,N/A,N/A,N/A,N/A,N/A,N/A,N/A,N/A,N/A,N/A,N/A,report,N/A,N/A,N/A,N/A,N/A,N/A,N/A,N/A,tower,N/A,N/A,N/A,N/A,N/A,N/A,N/A,N/A,N/A,N/A,N/A,N/A,N/A,N/A,N/A,N/A,N/A,N/A,N/A,N/A,N/A,N/A,N/A,N/A,N/A,N/A,N/A,N/A,N/A,N/A,N/A,N/A,N/A,N/A,N/A,N/A,N/A,N/A,N/A,N/A,N/A,N/A,N/A,N/A,N/A,N/A,N/A,Foxtrot Oscar report echo tower,Hotel Foxtrot Oscar Echo One at six thousand feet,0.0,N/A,N/A,N/A,N/A,N/A,N/A,N/A,N/A,N/A,N/A,N/A,N/A,N/A,llm_confidence=0.95,0,"{""transcript"":""Foxtrot Oscar report echo tower for runway two five full"",""role"":""Controller"",""coarse_intent"":""Report"",""fine_intent"":""Report"",""dialogue_function"":""ATCO Confirmation"",""slots"":{""slot_action"":""report"",""slot_control_unit"":""tower"",""slot_runway"":""25"",""slot_clearance_type"":""Position Report"",""planned_route"":""tower"",""position_report"":""Foxtrot Oscar report echo tower""},""subslots"":{""sub_report_keyword"":""report"",""sub_report_condition"":""Foxtrot Oscar report echo tower"",""sub_full_callsign"":""Foxtrot Oscar""}}",0.14285714285714285
LSZH_ZURICH_Tower_118_1MHz_20210414_112229.wav,Phi-4-multimodal-instruct + speech LoRA,two hundred Turkish Six Three Two Nine wind zero seven zero degrees one three gusting two zero knots runway one,Turkish Six Three Two Nine wind zero seven zero degrees one three gusting two zero knots runway one one,True,Pilot,Other,0,Information,Information,1,Information,Information,1,ATCO Information,N/A,N/A,N/A,Turkish,0.0,N/A,6329,0.0,1,1,1.0,N/A,N/A,N/A,N/A,N/A,N/A,N/A,N/A,N/A,090,N/A,N/A,N/A,N/A,N/A,N/A,N/A,N/A,N/A,N/A,N/A,N/A,N/A,N/A,N/A,N/A,N/A,N/A,N/A,N/A,N/A,N/A,N/A,N/A,N/A,N/A,THY6329,Turkish Six Three Two Nine,0.0,THY6329,THY6329,1.0,Pilot,Other,0,N/A,C,0,tower,tower,1.0,N/A,LSZH,0,N/A,LSZH (Zurich),0,N/A,118.1MHz,0,N/A,4/14/2021 11:22,0,N/A,N/A,N/A,N/A,AFOLT AGERI AKABI ALBIX ALINE AMIKI AMRUP ARGAX ARGEV ARTAG ATBAS BARIG BERSU BREGO DEGES DITON DONET DOPIL EDUMI EGABI EKRIT EKTUM ELMUR ENONO ENUSO ERMUS GARMO GERSA GIPOL IBILA KELIP KESEX KOLUL KUDIS KUSIX LAMAX LAPAG LAPDI LEDMI LUMEG MANEG MANID MATIV MILNI MOMOL MOSIT NEDOV NEMAG NOLKA OBEDU OLKEV OLNAV OMIDO OSNEM OSNOG RAMEM RAUTA RILAX RINLI RIPUS RISLI ROLSA ROMIR RONBA RONIX RUDSI SITOR SONGI SONOM SUBEX SUREP TADOB TINOX TITIX UMTOP URIGI URNAS UTIXO VEBIT VEDOK VIBAX VIBEV XANAL,0.0,N/A,N/A,N/A,N/A,N/A,N/A,1,N/A,N/A,Information,N/A,N/A,N/A,N/A,N/A,N/A,N/A,N/A,N/A,N/A,N/A,N/A,N/A,N/A,090,N/A,N/A,N/A,N/A,N/A,N/A,N/A,N/A,N/A,N/A,N/A,N/A,N/A,N/A,N/A,N/A,N/A,N/A,N/A,N/A,090,N/A,N/A,N/A,N/A,N/A,13.0,N/A,N/A,N/A,N/A,N/A,knots,N/A,N/A,wind,N/A,N/A,N/A,N/A,N/A,N/A,N/A,N/A,tower,N/A,N/A,N/A,N/A,N/A,wind information,Weather,0.0,wind 0032 13.0 gust 2.0 at 090 degrees,"wind 070/13, gusting 20 knots",0.0,runway,N/A,N/A,runway,N/A,N/A,N/A,N/A,N/A,N/A,N/A,N/A,N/A,N/A,N/A,N/A,N/A,N/A,N/A,N/A,N/A,N/A,N/A,N/A,N/A,N/A,N/A,N/A,N/A,N/A,N/A,N/A,N/A,N/A,N/A,N/A,N/A,N/A,N/A,N/A,N/A,N/A,N/A,N/A,N/A,N/A,N/A,N/A,N/A,N/A,N/A,N/A,llm_confidence=0.95,0,"{""transcript"":""Turkish Six Three Two Nine wind zero seven zero degrees one three gusting two zero knots runway one one"",""role"":""Pilot"",""coarse_intent"":""Information"",""fine_intent"":""Information"",""dialogue_function"":""ATCO Information"",""slots"":{""slot_callsign_code"":""THY6329"",""slot_action"":""wind"",""slot_runway"":""1"",""slot_control_unit"":""tower"",""slot_wind"":""0032"",""slot_direction"":""090"",""slot_speed"":13.0,""slot_clearance_type"":""Information"",""clearance_limit"":""N/A"",""procedure_assignment_keyword"":""runway"",""procedure_name"":""runway"",""position_report"":""N/A"",""information_type"":""wind information"",""information_value"":""wind 0032 13.0 gust 2.0 at 090 degrees""},""subslots"":{""sub_full_callsign"":""THY6329"",""sub_approach_type"":""N/A"",""sub_approach_runway"":""N/A"",""sub_clearance_keyword"":""Information"",""sub_noise_marker"":""N/A"",""sub_nonenglish_marker"":""N/A"",""sub_speed_action"":""N/A"",""sub_simple_response_keyword"":""N/A"",""sub_greeting_phrase"":""N/A"",""sub_contact_keyword"":""N/A"",""sub_contact_unit"":""tower"",""sub_status_report_keyword"":""N/A"",""sub_full_callsign"":""THY6329"",""sub_approach_type"":""N/A"",""sub_approach_runway"":""N/A"",""sub_clearance_keyword"":""Information"",""sub_pushback_keyword"":""N/A"",""sub_line_up_keyword"":""N/A"",""sub_heading_action"":""N/A"",""sub_flight_level"":""N/A"",""sub_altitude_action"":""N/A"",""sub_altitude_unit"":""knots"",""sub_route_action"":""N/A"",""sub_route_offset_direction"":""N/A"",""sub_route_offset_distance"":""N/A"",""sub_contact_keyword"":""N/A"",""sub_contact_unit"":""tower"",""sub_holding_point"":""N/A"",""sub_request_keyword"":""N/A"",""sub_status_report_keyword"":""N/A"",""sub_simple_response_keyword"":""N/A"",""sub_greeting_phrase"":""N/A"",""sub_nonenglish_marker"":""N/A""}}",0.2631578947368421
LSGS_SION_Tower_118_3MHz_20210502_065945.wav,Phi-4-multimodal-instruct + speech LoRA,[#unnamed]we[/#unnamed] [#unnamed]are[/#unnamed] [#unnamed]not[/#unnamed] [#unnamed]ready[/#unnamed] [#unnamed]now[/#unnamed] [#callsign]Foxtrot[/#callsign] [#callsign]Lima[/#callsign] [#callsign]Delta[/#callsign],we are not ready now we are not ready yet,True,Pilot,Other,0,Other,Other,1,Other,Status report,0,Pilot Status Report,N/A,N/A,N/A,N/A,N/A,N/A,N/A,N/A,N/A,N/A,N/A,N/A,N/A,N/A,N/A,N/A,N/A,N/A,N/A,N/A,N/A,N/A,N/A,N/A,N/A,N/A,N/A,N/A,N/A,N/A,N/A,N/A,N/A,N/A,N/A,N/A,N/A,N/A,N/A,N/A,N/A,N/A,N/A,N/A,N/A,N/A,N/A,N/A,N/A,N/A,N/A,N/A,N/A,Pilot,Other,0,N/A,D,0,NORDIR,tower,0.0,N/A,LSGS,0,N/A,LSGS (Sion),0,N/A,118.3MHz,0,N/A,5/2/2021 6:59,0,N/A,N/A,N/A,N/A,ALETO AOSTA BANKO BERAR BIBAN CERVI ESOKO ETEKI GARLO GODRA GOLEB GRANA INTIP LAMUR MASAB MOBLO MOLUS MONIN OMETO ORSUD PUNSA REVLI ROCCA ROMOM SANET SONOD SOSAL TERSI UBIMA VADAR VALOR VENAT VEROX,0.0,N/A,N/A,N/A,N/A,N/A,N/A,N/A,N/A,N/A,N/A,N/A,N/A,N/A,N/A,N/A,N/A,N/A,N/A,N/A,N/A,N/A,N/A,N/A,N/A,N/A,N/A,N/A,N/A,N/A,N/A,N/A,N/A,N/A,N/A,N/A,N/A,N/A,N/A,N/A,N/A,N/A,N/A,N/A,N/A,N/A,N/A,N/A,N/A,N/A,N/A,N/A,N/A,N/A,N/A,N/A,N/A,N/A,N/A,N/A,N/A,N/A,N/A,N/A,N/A,N/A,N/A,N/A,N/A,N/A,NORDIR,N/A,N/A,N/A,N/A,N/A,N/A,N/A,N/A,N/A,N/A,N/A,N/A,N/A,N/A,N/A,N/A,N/A,N/A,N/A,N/A,N/A,N/A,N/A,N/A,N/A,N/A,N/A,N/A,N/A,N/A,N/A,N/A,N/A,N/A,N/A,N/A,N/A,N/A,N/A,N/A,N/A,N/A,N/A,N/A,Status Report,ready,0.0,N/A,we are not ready now,0.0,N/A,N/A,N/A,N/A,N/A,N/A,N/A,N/A,N/A,N/A,N/A,N/A,N/A,llm_confidence=0.85,0,"{""transcript"":""we are not ready now we are not ready yet"",""role"":""Pilot"",""coarse_intent"":""Other"",""fine_intent"":""Other"",""dialogue_function"":""Pilot Status Report"",""slots"":{""slot_control_unit"":""NORDIR""},""subslots"":{""sub_status_report_keyword"":""Status Report""}}",0.07142857142857142
LSZB_BERN_Approach_127_3MHz_20210414_122417.wav,Phi-4-multimodal-instruct + speech LoRA,Hotel Tango Uniform [hes] do you intend to canceled the IFR flight before Fribourg,Hotel Tango Uniform do you intend to cancel the I-IV flight before freebook,True,ATC,ATC,1,Other,Other,1,Other,Other,1,ATCO Other,ATCO Other,1.0,N/A,N/A,N/A,N/A,N/A,N/A,N/A,N/A,N/A,N/A,N/A,N/A,N/A,N/A,N/A,N/A,N/A,N/A,N/A,N/A,N/A,N/A,N/A,N/A,N/A,N/A,N/A,N/A,N/A,N/A,N/A,N/A,N/A,N/A,N/A,N/A,N/A,N/A,N/A,N/A,N/A,N/A,N/A,N/A,N/A,N/A,N/A,N/A,N/A,N/A,N/A,ATC,ATC,1,N/A,A,0,HOTEL TANGO UNIFORM,approach,0.0,N/A,LSZB,0,N/A,LSZB (Bern),0,N/A,127.3MHz,0,N/A,4/14/2021 12:24,0,N/A,N/A,N/A,N/A,ABARI ALETO AMRID ARNOT ARVAN ASBER BADEP BALIR BASUD BELAR BENOT BERSU BIRKI BOMEC DEKAM DOPIL DOUCI EKTUM ERMUS ESEVA ETEKI GODRA GUDAX IXUDI KONOL KORED KUBOM LAMUR LARDO LASUN LEPLA LUMEL LUTIX MASAB MEBOX MONIN NAXOL NEMAG NEMOS NOLKA OBEDU OLBEN OSKUP RAMOK REVLI ROMOM ROTOS SOSAL SUREP TADOB TELNO ULMES UMTOP VADAR VALAD VEBIT,0.0,N/A,N/A,N/A,N/A,N/A,N/A,N/A,N/A,N/A,N/A,N/A,N/A,N/A,N/A,N/A,N/A,N/A,N/A,N/A,N/A,N/A,N/A,N/A,N/A,N/A,N/A,N/A,N/A,N/A,N/A,N/A,N/A,N/A,N/A,N/A,N/A,N/A,N/A,N/A,N/A,N/A,N/A,N/A,N/A,N/A,N/A,N/A,N/A,N/A,N/A,N/A,N/A,N/A,N/A,N/A,N/A,N/A,N/A,N/A,N/A,N/A,N/A,N/A,N/A,N/A,N/A,N/A,N/A,N/A,HOTEL TANGO UNIFORM,N/A,N/A,N/A,N/A,N/A,N/A,N/A,N/A,N/A,N/A,N/A,N/A,N/A,N/A,N/A,N/A,N/A,N/A,N/A,N/A,N/A,N/A,N/A,N/A,N/A,N/A,N/A,N/A,N/A,N/A,N/A,N/A,N/A,N/A,N/A,N/A,N/A,N/A,N/A,N/A,N/A,N/A,N/A,N/A,N/A,N/A,N/A,N/A,N/A,N/A,N/A,N/A,N/A,N/A,N/A,N/A,N/A,N/A,N/A,N/A,N/A,N/A,N/A,hesitation_marker | needs_manual_review=True | llm_confidence=0.0,0,"{""transcript"":""Hotel Tango Uniform do you intend to cancel the I-IV flight before freebook"",""role"":""Controller"",""coarse_intent"":""Other"",""fine_intent"":""Other"",""dialogue_function"":""ATCO Other"",""slots"":{""slot_control_unit"":""HOTEL TANGO UNIFORM""},""subslots"":{}}",0.38461538461538464
LSZB_BERN_Tower_121_0MHz_20210413_124225.wav,Phi-4-multimodal-instruct + speech LoRA,Hotel Golf Oscar number two number one short final runway one four,Hotel Golf Oscar number two number one short final runway one four,True,ATC,ATC,1,Other,Other,1,Other,Status report,0,ATCO Other,ATCO Other,1.0,N/A,N/A,N/A,N/A,N/A,N/A,1/4,14,1.0,N/A,N/A,N/A,N/A,N/A,N/A,N/A,N/A,N/A,N/A,N/A,N/A,N/A,N/A,N/A,N/A,N/A,N/A,N/A,N/A,N/A,N/A,N/A,N/A,N/A,N/A,N/A,N/A,N/A,N/A,N/A,N/A,N/A,N/A,N/A,N/A,N/A,N/A,N/A,N/A,N/A,N/A,ATC,ATC,1,N/A,A,0,HOTEL GOLF OSCAR | NUMBER TWO NUMBER ONE,tower,0.0,N/A,LSZB,0,N/A,LSZB (Bern),0,N/A,121.0MHz,0,N/A,4/13/2021 12:42,0,N/A,N/A,N/A,N/A,ABARI ALETO AMRID ARNOT ARVAN ASBER BADEP BALIR BASUD BELAR BENOT BERSU BIRKI BOMEC DEKAM DOPIL DOUCI EKTUM ERMUS ESEVA ETEKI GODRA GUDAX IXUDI KONOL KORED KUBOM LAMUR LARDO LASUN LEPLA LUMEL LUTIX MASAB MEBOX MONIN NAXOL NEMAG NEMOS NOLKA OBEDU OLBEN OSKUP RAMOK REVLI ROMOM ROTOS SOSAL SUREP TADOB TELNO ULMES UMTOP VADAR VALAD VEBIT,0.0,N/A,N/A,N/A,N/A,N/A,N/A,1/4,N/A,N/A,N/A,N/A,N/A,N/A,N/A,N/A,N/A,N/A,N/A,N/A,N/A,N/A,N/A,N/A,N/A,N/A,N/A,N/A,N/A,N/A,N/A,N/A,N/A,N/A,N/A,N/A,N/A,N/A,N/A,N/A,N/A,N/A,N/A,N/A,N/A,N/A,N/A,N/A,N/A,N/A,N/A,N/A,N/A,N/A,N/A,N/A,N/A,N/A,N/A,N/A,N/A,N/A,N/A,N/A,N/A,N/A,N/A,N/A,N/A,N/A,HOTEL GOLF OSCAR | NUMBER TWO NUMBER ONE,N/A,N/A,N/A,N/A,N/A,N/A,N/A,N/A,N/A,N/A,N/A,N/A,N/A,N/A,N/A,N/A,N/A,N/A,N/A,N/A,N/A,N/A,N/A,N/A,N/A,N/A,N/A,N/A,N/A,N/A,N/A,N/A,N/A,N/A,N/A,N/A,N/A,N/A,N/A,N/A,N/A,N/A,N/A,N/A,N/A,N/A,N/A,N/A,short final runway 14,0.0,N/A,N/A,N/A,N/A,N/A,N/A,N/A,N/A,N/A,N/A,N/A,N/A,N/A,llm_confidence=0.95,0,"{""transcript"":""Hotel Golf Oscar number two number one short final runway one four"",""role"":""Controller"",""coarse_intent"":""Other"",""fine_intent"":""Other"",""dialogue_function"":""ATCO Other"",""slots"":{""slot_control_unit"":""HOTEL GOLF OSCAR | NUMBER TWO NUMBER ONE"",""slot_runway"":""1/4""},""subslots"":{}}",0.3333333333333333
LSGS_SION_Ground_Control_121_7MHz_20210503_082722.wav,Phi-4-multimodal-instruct + speech LoRA,[#unnamed]next[/#unnamed] [#unnamed]final[/#unnamed] [#value]two[/#value] [#value]five[/#value] [#callsign] Hotel[/#callsign] [#callsign]Charlie[/#callsign] [#callsign]Juliett[/#callsign],next final two five hotel charlie juliet,True,Pilot,Other,0,Other,Other,1,Other,Status report,0,ATCO Other,N/A,N/A,N/A,N/A,N/A,N/A,N/A,N/A,N/A,N/A,N/A,N/A,N/A,N/A,N/A,N/A,N/A,N/A,N/A,N/A,N/A,N/A,N/A,N/A,N/A,N/A,N/A,N/A,N/A,N/A,N/A,N/A,N/A,N/A,N/A,N/A,N/A,N/A,N/A,N/A,N/A,N/A,N/A,N/A,N/A,N/A,N/A,N/A,N/A,N/A,N/A,N/A,N/A,Pilot,Other,0,N/A,D,0,HOTEL CHARLIE JULIET,N/A,N/A,N/A,LSGS,0,N/A,LSGS (Sion),0,N/A,121.7MHz,0,N/A,5/3/2021 8:27,0,N/A,N/A,N/A,N/A,ALETO AOSTA BANKO BERAR BIBAN CERVI ESOKO ETEKI GARLO GODRA GOLEB GRANA INTIP LAMUR MASAB MOBLO MOLUS MONIN OMETO ORSUD PUNSA REVLI ROCCA ROMOM SANET SONOD SOSAL TERSI UBIMA VADAR VALOR VENAT VEROX,0.0,N/A,N/A,N/A,N/A,N/A,N/A,N/A,N/A,N/A,N/A,N/A,N/A,N/A,N/A,N/A,N/A,N/A,N/A,N/A,N/A,N/A,N/A,N/A,N/A,N/A,N/A,N/A,N/A,N/A,N/A,N/A,N/A,N/A,N/A,N/A,N/A,N/A,N/A,N/A,N/A,N/A,N/A,N/A,N/A,N/A,N/A,N/A,N/A,N/A,N/A,N/A,N/A,N/A,N/A,N/A,N/A,N/A,N/A,N/A,N/A,N/A,N/A,N/A,N/A,N/A,N/A,N/A,N/A,N/A,HOTEL CHARLIE JULIET,N/A,N/A,N/A,N/A,N/A,N/A,N/A,N/A,N/A,N/A,N/A,N/A,N/A,N/A,N/A,N/A,N/A,N/A,N/A,N/A,N/A,N/A,N/A,N/A,N/A,N/A,N/A,N/A,N/A,N/A,N/A,N/A,N/A,N/A,N/A,N/A,N/A,N/A,N/A,N/A,N/A,N/A,N/A,N/A,N/A,N/A,N/A,N/A,final 25,0.0,N/A,N/A,N/A,N/A,N/A,N/A,N/A,N/A,N/A,Non-English/Other Language,N/A,N/A,N/A,llm_confidence=0.85,0,"{""transcript"":""next final two five hotel charlie juliet"",""role"":""Pilot"",""coarse_intent"":""Other"",""fine_intent"":""Other"",""dialogue_function"":""ATCO Other"",""slots"":{""slot_control_unit"":""HOTEL CHARLIE JULIET""},""subslots"":{""sub_nonenglish_marker"":""Non-English/Other Language""}}",0.08333333333333333
LSGS_SION_Ground_Control_121_7MHz_20210504_155421.wav,Phi-4-multimodal-instruct + speech LoRA,[#callsign]Nav[/#callsign] [#callsign]Checker[/#callsign] [#callsign]Five[/#callsign] [#callsign]One[/#callsign] [#callsign]One[/#callsign] [#unnamed]good[/#unnamed] [#unnamed]afternoon[/#unnamed] [#callsign]Nav[/#callsign] [#callsign]Checker[/#callsign] [#callsign]Five[/#callsign] [#callsign]One[/#callsign] [#callsign]One[/#callsign] we are on the way to your airfield and i would like to know what is the actual ground base you have in your area,yeah that's correct we are on the way to your airfield and i would like to know what is the actual cloud base you have in your area,True,ATC,ATC,1,Other,Other,1,Other,Other,1,ATCO Other,ATCO Other,1.0,N/A,N/A,N/A,N/A,N/A,N/A,N/A,N/A,N/A,N/A,N/A,N/A,N/A,N/A,N/A,N/A,N/A,N/A,N/A,N/A,N/A,N/A,N/A,N/A,N/A,N/A,N/A,N/A,N/A,N/A,N/A,N/A,N/A,N/A,N/A,N/A,N/A,N/A,N/A,N/A,N/A,N/A,N/A,N/A,N/A,N/A,N/A,N/A,N/A,N/A,N/A,ATC,ATC,1,N/A,A | B,0,slot_control_unit,ground,0.0,N/A,LSGS,0,N/A,LSGS (Sion),0,N/A,121.7MHz,0,N/A,5/4/2021 15:54,0,N/A,N/A,N/A,N/A,ALETO AOSTA BANKO BERAR BIBAN CERVI ESOKO ETEKI GARLO GODRA GOLEB GRANA INTIP LAMUR MASAB MOBLO MOLUS MONIN OMETO ORSUD PUNSA REVLI ROCCA ROMOM SANET SONOD SOSAL TERSI UBIMA VADAR VALOR VENAT VEROX,0.0,N/A,N/A,N/A,N/A,N/A,N/A,N/A,N/A,N/A,N/A,N/A,N/A,N/A,N/A,N/A,N/A,N/A,N/A,N/A,N/A,N/A,N/A,N/A,N/A,N/A,N/A,N/A,N/A,N/A,N/A,N/A,N/A,N/A,N/A,N/A,N/A,N/A,N/A,N/A,N/A,N/A,N/A,N/A,N/A,N/A,N/A,N/A,N/A,N/A,N/A,N/A,N/A,N/A,N/A,N/A,N/A,N/A,N/A,N/A,N/A,N/A,N/A,N/A,N/A,N/A,N/A,N/A,N/A,N/A,slot_control_unit,N/A,N/A,N/A,N/A,N/A,Other,N/A,N/A,N/A,N/A,N/A,N/A,N/A,N/A,N/A,N/A,N/A,N/A,N/A,N/A,N/A,N/A,N/A,N/A,N/A,N/A,N/A,N/A,N/A,N/A,N/A,N/A,N/A,N/A,N/A,Other,N/A,N/A,N/A,would like,0.0,N/A,N/A,N/A,N/A,N/A,N/A,N/A,N/A,N/A,N/A,N/A,N/A,N/A,N/A,N/A,N/A,N/A,N/A,N/A,N/A,N/A,N/A,llm_confidence=1.0,0,"{""transcript"":""yeah that's correct we are on the way to your airfield and i would like to know what is the actual cloud base you have in your area"",""role"":""Controller"",""coarse_intent"":""Other"",""fine_intent"":""Other"",""dialogue_function"":""ATCO Other"",""slots"":{""slot_control_unit"":""slot_control_unit"",""information_type"":""Other"",""restriction_condition"":""Other""},""subslots"":{}}",0.35714285714285715
YSSY_SYDNEY_Tower_120_5MHz_20210505_203701.wav,Phi-4-multimodal-instruct + speech LoRA,[#value]one[/#value] [#value]six[/#value] [#value]right[/#value] [#command]cleared[/#command] [#command]to[/#command] [#command]land[/#command] [#callsign]Qantas[/#callsign] [#callsign]Seven[/#callsign] [#callsign]Seven[/#callsign] [#callsign]Zero[/#callsign] [#callsign]Two[/#callsign],one six right clear lane one seven seven zero two,True,ATC,Pilot,0,Clearance,Clearance,1,ATCO Clearance,Readback,0,ATCO Clearance,Pilot Readback,0.0,N/A,Qantas,0.0,N/A,7702,0.0,N/A,N/A,N/A,N/A,N/A,N/A,one seven seven zero two,N/A,N/A,N/A,N/A,N/A,N/A,right,0.0,N/A,N/A,N/A,N/A,N/A,N/A,N/A,N/A,N/A,N/A,N/A,N/A,N/A,N/A,N/A,N/A,land,0.0,N/A,N/A,N/A,N/A,N/A,N/A,N/A,Qantas Seven Seven Zero Two,0.0,N/A,QFA7702,0.0,ATC,Pilot,0,N/A,B,0,lane,tower,0.0,N/A,YSSY,0,N/A,YSSY (Sydney),0,one seven seven zero two,120.5MHz,0,N/A,5/5/2021 20:37,0,N/A,N/A,N/A,N/A,ABBEY ANKUB ATRET BEROW BIGEM BIKUS BOBIG BOOGI BUVLO CLIFF COONY CORDO DALAR DEENA DIPPA DUDOK DUMOP DUNES ENDEV ENKAS ENTRA FISHA GOMUB HALAS HOOKS IGALA ISMER JAKLN JELLI JENTL JULIA KABLO KAMBA KAMPI KEVIN LANOL LISHA MAJAR MANFA MARKY MARUB MITSA NASHO NESSY NOBAR NOLEM OLSOG OVILS PEBRA PEGBA POSTY PRAWN RAKSO RENAM RISOL SBKWA SBKWB SBKWF SBKWH SBKWI SBKWM SCNWF SCNWH SCNWM SHORE SOSIJ SRIEA SRIEB SRIEF SRIEH SRIEI SRIEM SRIWF SRIWG SRIWH SRIWI SRIWM SSYEF SSYEH SSYEM SSYNF SSYNH SSYNI SSYNM SSYSF SSYSH SSYSM SSYWF SSYWH SSYWM SUZAN SYDNF SYDNH SYDNM SYDSF SYDSH SYDSM SYRBB SYRCC SYRDD SYRFF SYRGG TAMMI TESAT TONTO TONUX URDEN UXAMA VENUL VIDIK VOSSI WHALE WOLNA WOLNC WOLND WOLNF WOLNI ZONKA,0.0,N/A,N/A,N/A,N/A,N/A,N/A,N/A,N/A,N/A,clearance,landing clearance,0.0,N/A,Runway 16R,0.0,N/A,N/A,N/A,N/A,N/A,N/A,N/A,N/A,N/A,N/A,N/A,N/A,N/A,N/A,N/A,N/A,N/A,N/A,N/A,N/A,N/A,N/A,N/A,N/A,N/A,N/A,N/A,N/A,N/A,N/A,N/A,N/A,N/A,N/A,N/A,N/A,N/A,N/A,N/A,N/A,N/A,N/A,N/A,N/A,N/A,clearance,N/A,N/A,N/A,N/A,N/A,N/A,N/A,N/A,lane,N/A,N/A,N/A,N/A,N/A,N/A,N/A,N/A,N/A,N/A,N/A,N/A,N/A,N/A,N/A,N/A,N/A,N/A,N/A,N/A,N/A,N/A,N/A,N/A,N/A,N/A,N/A,N/A,N/A,N/A,N/A,N/A,N/A,N/A,N/A,N/A,N/A,N/A,N/A,N/A,N/A,N/A,N/A,N/A,N/A,N/A,N/A,N/A,N/A,N/A,N/A,N/A,N/A,N/A,N/A,N/A,N/A,N/A,N/A,N/A,N/A,N/A,N/A,llm_confidence=0.975,0,"{""transcript"":""one six right clear lane one seven seven zero two"",""role"":""Controller"",""coarse_intent"":""Clearance"",""fine_intent"":""ATCO Clearance"",""dialogue_function"":""ATCO Clearance"",""slots"":{""slot_action"":""clearance"",""slot_control_unit"":""lane"",""slot_frequency"":""one seven seven zero two""},""subslots"":{""sub_clearance_keyword"":""clearance""}}",0.047619047619047616
LSZH_ZURICH_ApronS_121_75MHz_20210414_095157.wav,Phi-4-multimodal-instruct + speech LoRA,KLM Nine Four Foxtrot on echo seven hold short of runway one six,Hotel Lima Nine Four Foxtrot and Echo Seven hold short of runway one six,True,ATC,ATC,1,Command,Restriction,0,Flight route,Restriction,0,ATCO Clearance,ATCO Other,0.0,N/A,KLM,0.0,N/A,94F,0.0,16,16,1.0,N/A,N/A,N/A,N/A,N/A,N/A,N/A,N/A,N/A,N/A,N/A,N/A,N/A,N/A,N/A,N/A,N/A,N/A,N/A,N/A,N/A,N/A,N/A,N/A,N/A,N/A,N/A,N/A,N/A,N/A,N/A,N/A,N/A,N/A,N/A,N/A,N/A,KLM Nine Four Foxtrot,0.0,N/A,KLM94F,0.0,ATC,ATC,1,N/A,A,0,Hotel Lima Nine Four Foxtrot,apron,0.0,N/A,LSZH,0,N/A,LSZH (Zurich),0,N/A,121.75MHz,0,N/A,4/14/2021 9:51,0,N/A,N/A,N/A,N/A,AFOLT AGERI AKABI ALBIX ALINE AMIKI AMRUP ARGAX ARGEV ARTAG ATBAS BARIG BERSU BREGO DEGES DITON DONET DOPIL EDUMI EGABI EKRIT EKTUM ELMUR ENONO ENUSO ERMUS GARMO GERSA GIPOL IBILA KELIP KESEX KOLUL KUDIS KUSIX LAMAX LAPAG LAPDI LEDMI LUMEG MANEG MANID MATIV MILNI MOMOL MOSIT NEDOV NEMAG NOLKA OBEDU OLKEV OLNAV OMIDO OSNEM OSNOG RAMEM RAUTA RILAX RINLI RIPUS RISLI ROLSA ROMIR RONBA RONIX RUDSI SITOR SONGI SONOM SUBEX SUREP TADOB TINOX TITIX UMTOP URIGI URNAS UTIXO VEBIT VEDOK VIBAX VIBEV XANAL,0.0,N/A,N/A,N/A,N/A,N/A,N/A,16,N/A,N/A,hold_short,N/A,N/A,N/A,N/A,N/A,N/A,N/A,N/A,N/A,N/A,N/A,N/A,N/A,N/A,N/A,N/A,N/A,N/A,N/A,N/A,N/A,N/A,N/A,N/A,N/A,N/A,N/A,N/A,N/A,N/A,N/A,N/A,N/A,N/A,N/A,N/A,N/A,N/A,N/A,N/A,N/A,N/A,N/A,N/A,N/A,N/A,N/A,N/A,N/A,N/A,hold_short,N/A,N/A,N/A,N/A,N/A,N/A,N/A,N/A,Hotel Lima Nine Four Foxtrot,N/A,N/A,N/A,N/A,N/A,N/A,N/A,N/A,N/A,N/A,N/A,N/A,N/A,N/A,N/A,N/A,N/A,N/A,N/A,N/A,N/A,N/A,N/A,N/A,N/A,N/A,N/A,N/A,N/A,N/A,N/A,N/A,N/A,hold short,0.0,runway,hold short of runway 16,0.0,N/A,N/A,N/A,N/A,N/A,N/A,N/A,N/A,N/A,N/A,N/A,N/A,N/A,N/A,N/A,N/A,N/A,N/A,N/A,N/A,N/A,N/A,N/A,N/A,N/A,needs_manual_review=True | llm_confidence=0.3333333333333333,0,"{""transcript"":""Hotel Lima Nine Four Foxtrot and Echo Seven hold short of runway one six"",""role"":""Controller"",""coarse_intent"":""Command"",""fine_intent"":""Flight route"",""dialogue_function"":""ATCO Clearance"",""slots"":{""slot_action"":""hold_short"",""slot_control_unit"":""Hotel Lima Nine Four Foxtrot"",""slot_runway"":""16"",""slot_clearance_type"":""hold_short"",""restriction_condition"":""runway""},""subslots"":{""sub_clearance_keyword"":""hold_short"",""sub_runway_keyword"":""runway""}}",0.15
LSZB_BERN_Tower_121_0MHz_20210413_144653.wav,Phi-4-multimodal-instruct + speech LoRA,Hotel Quebec Juliett traffic Piper single engine [hes] position three miles south of your position proceeding towards Willisau four thousand feet indicating not verified,Hotel Quebec Juliett traffic Piper single engine position three miles south of your position proceeding towards Ville So four thousand feet indicating not verified,True,ATC,ATC,1,Information,Command,0,Information,Flight route,0,ATCO Information,ATCO Instruction,0.0,N/A,N/A,N/A,N/A,N/A,N/A,N/A,N/A,N/A,N/A,N/A,N/A,N/A,N/A,N/A,N/A,N/A,N/A,N/A,N/A,N/A,N/A,N/A,N/A,N/A,N/A,N/A,N/A,N/A,N/A,N/A,N/A,N/A,N/A,N/A,N/A,N/A,N/A,N/A,N/A,N/A,N/A,N/A,N/A,N/A,N/A,N/A,N/A,N/A,N/A,N/A,ATC,ATC,1,N/A,A,0,Hotel Quebec Juliett,tower,0.0,N/A,LSZB,0,N/A,LSZB (Bern),0,N/A,121.0MHz,0,N/A,4/13/2021 14:46,0,N/A,N/A,N/A,N/A,ABARI ALETO AMRID ARNOT ARVAN ASBER BADEP BALIR BASUD BELAR BENOT BERSU BIRKI BOMEC DEKAM DOPIL DOUCI EKTUM ERMUS ESEVA ETEKI GODRA GUDAX IXUDI KONOL KORED KUBOM LAMUR LARDO LASUN LEPLA LUMEL LUTIX MASAB MEBOX MONIN NAXOL NEMAG NEMOS NOLKA OBEDU OLBEN OSKUP RAMOK REVLI ROMOM ROTOS SOSAL SUREP TADOB TELNO ULMES UMTOP VADAR VALAD VEBIT,0.0,N/A,N/A,N/A,N/A,N/A,N/A,N/A,N/A,N/A,N/A,N/A,N/A,N/A,N/A,N/A,N/A,N/A,N/A,N/A,N/A,N/A,N/A,N/A,N/A,N/A,N/A,N/A,N/A,N/A,N/A,N/A,N/A,N/A,N/A,N/A,N/A,N/A,N/A,N/A,N/A,N/A,N/A,N/A,N/A,N/A,N/A,N/A,N/A,N/A,N/A,N/A,N/A,N/A,N/A,N/A,N/A,N/A,N/A,N/A,N/A,position,proceed,0.0,N/A,N/A,N/A,N/A,N/A,N/A,Hotel Quebec Juliett,N/A,N/A,N/A,N/A,N/A,traffic advisory,traffic advisory,1.0,Piper single engine position three miles south of your position proceeding towards Ville So four thousand feet indicating not verified,Piper single engine position three miles south of your position proceeding towards Willisau four thousand feet indicating not verified,0.0,N/A,N/A,N/A,N/A,N/A,N/A,N/A,N/A,N/A,N/A,N/A,N/A,N/A,N/A,N/A,N/A,N/A,N/A,N/A,N/A,N/A,N/A,N/A,N/A,N/A,N/A,N/A,N/A,N/A,N/A,N/A,N/A,N/A,N/A,N/A,N/A,N/A,N/A,N/A,N/A,N/A,N/A,N/A,N/A,N/A,N/A,N/A,N/A,N/A,N/A,N/A,N/A,hesitation_marker | llm_confidence=0.95,0,"{""transcript"":""Hotel Quebec Juliett traffic Piper single engine position three miles south of your position proceeding towards Ville So four thousand feet indicating not verified"",""role"":""Controller"",""coarse_intent"":""Information"",""fine_intent"":""Information"",""dialogue_function"":""ATCO Information"",""slots"":{""slot_action"":""position"",""slot_control_unit"":""Hotel Quebec Juliett"",""slot_distance"":3.0,""information_type"":""traffic advisory"",""information_value"":""Piper single engine position three miles south of your position proceeding towards Ville So four thousand feet indicating not verified""},""subslots"":{""sub_information_type"":""traffic advisory"",""sub_information_value"":""Piper single engine position three miles south of your position proceeding towards Ville So four thousand feet indicating not verified""}}",0.1875
LZIB_STEFANIK_Tower_118_3MHz_20210425_130418.wav,Phi-4-multimodal-instruct + speech LoRA,QNH one zero [hes] one eight [hes] after keep the proceeding to victor,QNH One Zero One Eight after Kicsi proceeding to Victor,True,ATC,ATC,1,Other,Command,0,Other,Flight route,0,ATCO Other,ATCO Instruction,0.0,N/A,N/A,N/A,N/A,N/A,N/A,N/A,N/A,N/A,N/A,N/A,N/A,N/A,N/A,N/A,N/A,N/A,N/A,N/A,N/A,N/A,Victor,N/A,N/A,N/A,N/A,N/A,N/A,N/A,N/A,N/A,1018.0,0.0,N/A,N/A,N/A,N/A,N/A,N/A,N/A,N/A,N/A,N/A,N/A,N/A,N/A,N/A,N/A,N/A,N/A,N/A,ATC,ATC,1,N/A,A,0,QNH,tower,0.0,N/A,LZIB,0,N/A,LZIB (Bratislava),0,N/A,118.3MHz,0,N/A,4/25/2021 13:04,0,N/A,N/A,N/A,N/A,ABETI ABLOM ADAMA AGMIM ASLOT ASPIB ASTON BEGLA BERVA CIFER EKLIP GASNA GESGI KOXER KUVEX LEDRI MABOD MAREG MOVOS NATEX NIGER PESAT REKLU SOMID TOVKA UBUXI URUMU VABGU VAMOG VAPIT VEDER VYDRA XENAK XENDI,0.0,N/A,N/A,N/A,Victor,N/A,N/A,N/A,N/A,N/A,N/A,N/A,N/A,N/A,N/A,N/A,N/A,N/A,N/A,N/A,N/A,N/A,N/A,N/A,N/A,N/A,N/A,N/A,N/A,N/A,N/A,N/A,N/A,N/A,N/A,N/A,N/A,N/A,N/A,N/A,N/A,N/A,N/A,N/A,N/A,N/A,N/A,N/A,N/A,N/A,N/A,N/A,N/A,N/A,N/A,N/A,N/A,N/A,N/A,N/A,N/A,N/A,proceed,0.0,N/A,N/A,N/A,N/A,N/A,N/A,QNH,N/A,N/A,N/A,N/A,N/A,N/A,QNH,0.0,N/A,10.18.0,0.0,N/A,N/A,N/A,N/A,N/A,N/A,N/A,N/A,N/A,N/A,N/A,N/A,N/A,N/A,N/A,N/A,N/A,N/A,N/A,N/A,N/A,N/A,N/A,N/A,N/A,N/A,N/A,N/A,N/A,N/A,N/A,N/A,N/A,N/A,N/A,N/A,Kicsi,N/A,N/A,N/A,N/A,N/A,N/A,N/A,N/A,N/A,N/A,N/A,N/A,N/A,N/A,N/A,hesitation_marker | llm_confidence=0.65,0,"{""transcript"":""QNH One Zero One Eight after Kicsi proceeding to Victor"",""role"":""Controller"",""coarse_intent"":""Other"",""fine_intent"":""Other"",""dialogue_function"":""ATCO Other"",""slots"":{""slot_control_unit"":""QNH"",""slot_procedure"":""Victor"",""planned_route"":""Victor"",""position_report"":""Kicsi""},""subslots"":{}}",0.11764705882352941
YSSY_SYDNEY_Tower_120_5MHz_20210430_224017.wav,Phi-4-multimodal-instruct + speech LoRA,Sydney tower good day Qlink Four Zero Two Qlink Four Zero Two Sydney tower good morning,Sydney tower killing cold zero two sundytag good morning,True,ATC,ATC,1,Other,Other,1,Other,Simple respond,0,ATCO Other,ATCO Other,1.0,N/A,Qlink,0.0,N/A,402,0.0,N/A,N/A,N/A,N/A,N/A,N/A,N/A,N/A,N/A,N/A,N/A,N/A,N/A,N/A,N/A,Sydney,N/A,N/A,N/A,N/A,N/A,N/A,N/A,N/A,N/A,N/A,N/A,N/A,N/A,N/A,N/A,N/A,N/A,N/A,N/A,N/A,N/A,N/A,N/A,N/A,Qlink Four Zero Two,0.0,N/A,QLK402,0.0,ATC,ATC,1,N/A,A | C,0,Sundytag,tower,0.0,N/A,YSSY,0,N/A,YSSY (Sydney),0,N/A,120.5MHz,0,N/A,4/30/2021 22:40,0,N/A,N/A,N/A,N/A,ABBEY ANKUB ATRET BEROW BIGEM BIKUS BOBIG BOOGI BUVLO CLIFF COONY CORDO DALAR DEENA DIPPA DUDOK DUMOP DUNES ENDEV ENKAS ENTRA FISHA GOMUB HALAS HOOKS IGALA ISMER JAKLN JELLI JENTL JULIA KABLO KAMBA KAMPI KEVIN LANOL LISHA MAJAR MANFA MARKY MARUB MITSA NASHO NESSY NOBAR NOLEM OLSOG OVILS PEBRA PEGBA POSTY PRAWN RAKSO RENAM RISOL SBKWA SBKWB SBKWF SBKWH SBKWI SBKWM SCNWF SCNWH SCNWM SHORE SOSIJ SRIEA SRIEB SRIEF SRIEH SRIEI SRIEM SRIWF SRIWG SRIWH SRIWI SRIWM SSYEF SSYEH SSYEM SSYNF SSYNH SSYNI SSYNM SSYSF SSYSH SSYSM SSYWF SSYWH SSYWM SUZAN SYDNF SYDNH SYDNM SYDSF SYDSH SYDSM SYRBB SYRCC SYRDD SYRFF SYRGG TAMMI TESAT TONTO TONUX URDEN UXAMA VENUL VIDIK VOSSI WHALE WOLNA WOLNC WOLND WOLNF WOLNI ZONKA,0.0,N/A,N/A,N/A,N/A,N/A,N/A,N/A,N/A,N/A,N/A,N/A,N/A,N/A,N/A,N/A,N/A,N/A,N/A,N/A,N/A,N/A,N/A,N/A,N/A,N/A,N/A,N/A,N/A,N/A,N/A,N/A,N/A,N/A,N/A,N/A,N/A,N/A,N/A,N/A,N/A,N/A,N/A,N/A,N/A,N/A,N/A,N/A,N/A,N/A,N/A,N/A,N/A,N/A,N/A,N/A,N/A,N/A,N/A,N/A,N/A,N/A,N/A,N/A,N/A,N/A,N/A,N/A,N/A,N/A,Sundytag,N/A,N/A,N/A,N/A,N/A,N/A,N/A,N/A,N/A,N/A,N/A,N/A,N/A,N/A,N/A,N/A,N/A,N/A,N/A,N/A,N/A,N/A,N/A,N/A,N/A,N/A,N/A,N/A,N/A,N/A,N/A,N/A,N/A,N/A,N/A,N/A,N/A,N/A,N/A,N/A,N/A,N/A,N/A,N/A,N/A,N/A,N/A,N/A,N/A,N/A,N/A,N/A,N/A,good morning,good morning,1.0,N/A,N/A,N/A,N/A,N/A,N/A,N/A,llm_confidence=0.0,0,"{""transcript"":""Sydney tower killing cold zero two sundytag good morning"",""role"":""Controller"",""coarse_intent"":""Other"",""fine_intent"":""Other"",""dialogue_function"":""ATCO Other"",""slots"":{""slot_control_unit"":""Sundytag"",""planned_route"":""Sydney""},""subslots"":{""sub_greeting_phrase"":""good morning""}}",0.2777777777777778
YSSY_SYDNEY_Tower_120_5MHz_20210503_075426.wav,Phi-4-multimodal-instruct + speech LoRA,[#unnamed]hello[/#unnamed] [#unnamed]Sydney[/#unnamed] [#unnamed]good[/#unnamed] [#unnamed]evening[/#unnamed] [#callsign]Jetstar[/#callsign] [#callsign]Four[/#callsign] [#callsign]Seventy[/#callsign] [#callsign]Five[/#callsign] [#command]climbing[/#command] [#value]flight[/#value] [#value]level[/#value] [#value]two[/#value] [#value]eight[/#value] [#value]zero[/#value],Hotel Alpha Charlie Echo X-ray Kilo November four seventy five climbing flight level two eight zero,True,ATC,Pilot,0,Clearance,Command,0,ATCO Clearance,Readback,0,ATCO Clearance,Pilot Readback,0.0,N/A,N/A,N/A,475,N/A,N/A,N/A,N/A,N/A,N/A,N/A,N/A,N/A,N/A,N/A,N/A,N/A,N/A,N/A,N/A,N/A,Hotel Alpha Charlie Echo X-ray Kilo,N/A,N/A,N/A,climb,0.0,280,N/A,N/A,N/A,N/A,N/A,N/A,N/A,N/A,N/A,N/A,N/A,N/A,N/A,N/A,N/A,N/A,N/A,Hotel Alpha Charlie Echo X-ray Kilo,N/A,N/A,HACXK,N/A,N/A,ATC,Pilot,0,Hotel Alpha Charlie Echo X-ray Kilo,B,0,Hotel Alpha Charlie Echo X-ray Kilo,tower,0.0,N/A,YSSY,0,N/A,YSSY (Sydney),0,N/A,120.5MHz,0,N/A,5/3/2021 7:54,0,N/A,N/A,N/A,N/A,ABBEY ANKUB ATRET BEROW BIGEM BIKUS BOBIG BOOGI BUVLO CLIFF COONY CORDO DALAR DEENA DIPPA DUDOK DUMOP DUNES ENDEV ENKAS ENTRA FISHA GOMUB HALAS HOOKS IGALA ISMER JAKLN JELLI JENTL JULIA KABLO KAMBA KAMPI KEVIN LANOL LISHA MAJAR MANFA MARKY MARUB MITSA NASHO NESSY NOBAR NOLEM OLSOG OVILS PEBRA PEGBA POSTY PRAWN RAKSO RENAM RISOL SBKWA SBKWB SBKWF SBKWH SBKWI SBKWM SCNWF SCNWH SCNWM SHORE SOSIJ SRIEA SRIEB SRIEF SRIEH SRIEI SRIEM SRIWF SRIWG SRIWH SRIWI SRIWM SSYEF SSYEH SSYEM SSYNF SSYNH SSYNI SSYNM SSYSF SSYSH SSYSM SSYWF SSYWH SSYWM SUZAN SYDNF SYDNH SYDNM SYDSF SYDSH SYDSM SYRBB SYRCC SYRDD SYRFF SYRGG TAMMI TESAT TONTO TONUX URDEN UXAMA VENUL VIDIK VOSSI WHALE WOLNA WOLNC WOLND WOLNF WOLNI ZONKA,0.0,N/A,N/A,N/A,N/A,N/A,N/A,N/A,N/A,N/A,General clearance,N/A,N/A,FL280,N/A,N/A,N/A,N/A,N/A,N/A,N/A,N/A,N/A,N/A,N/A,N/A,N/A,N/A,N/A,N/A,N/A,N/A,N/A,N/A,N/A,N/A,N/A,N/A,N/A,N/A,N/A,N/A,N/A,N/A,N/A,N/A,N/A,N/A,N/A,N/A,N/A,N/A,N/A,N/A,N/A,280,FL280,1.0,flight_level,flight level,1.0,climbing,N/A,N/A,N/A,N/A,N/A,N/A,N/A,N/A,Hotel Alpha Charlie Echo X-ray Kilo,N/A,N/A,N/A,N/A,N/A,N/A,N/A,N/A,N/A,N/A,N/A,climb,N/A,N/A,climb,N/A,N/A,N/A,N/A,N/A,N/A,N/A,N/A,N/A,N/A,N/A,N/A,N/A,N/A,N/A,N/A,N/A,N/A,N/A,N/A,N/A,N/A,N/A,N/A,N/A,N/A,N/A,N/A,N/A,N/A,N/A,N/A,climbing flight level 280,N/A,N/A,N/A,N/A,N/A,N/A,hello,0.0,Noise/Unclear,N/A,N/A,N/A,N/A,N/A,N/A,llm_confidence=1.0,0,"{""transcript"":""Hotel Alpha Charlie Echo X-ray Kilo November four seventy five climbing flight level two eight zero"",""role"":""Controller"",""coarse_intent"":""Clearance"",""fine_intent"":""ATCO Clearance"",""dialogue_function"":""ATCO Clearance"",""slots"":{""slot_callsign_code"":""HACXK"",""slot_callsign_spoken"":""Hotel Alpha Charlie Echo X-ray Kilo"",""slot_flight_number"":""475"",""slot_action"":""climbing"",""slot_altitude"":""280"",""slot_control_unit"":""Hotel Alpha Charlie Echo X-ray Kilo"",""slot_clearance_type"":""General clearance"",""planned_route"":""Hotel Alpha Charlie Echo X-ray Kilo"",""clearance_limit"":""FL280"",""procedure_assignment_keyword"":""climb"",""procedure_name"":""climb"",""position_report"":""climbing flight level 280""},""subslots"":{""sub_flight_level"":""280"",""sub_altitude_unit"":""flight_level"",""sub_clearance_keyword"":""General clearance"",""sub_noise_marker"":""Noise/Unclear""}}",0.11764705882352941
LSZH_ZURICH_Tower_118_1MHz_20210414_123120.wav,Phi-4-multimodal-instruct + speech LoRA,Hotel India Victor after whiskey two join wide right base runway one zero number one,Hotel India Victor after whiskey two join wide right base runway one zero number one,True,ATC,ATC,1,Clearance,Other,0,ATCO Clearance,Other,0,ATCO Clearance,ATCO Other,0.0,N/A,N/A,N/A,N/A,N/A,N/A,1,10,0.0,N/A,N/A,N/A,N/A,N/A,N/A,N/A,N/A,N/A,N/A,right,0.0,N/A,N/A,N/A,N/A,N/A,N/A,N/A,N/A,N/A,N/A,N/A,N/A,N/A,N/A,N/A,N/A,N/A,N/A,N/A,N/A,N/A,N/A,N/A,N/A,N/A,N/A,N/A,N/A,N/A,N/A,ATC,ATC,1,N/A,A,0,Hotel India Victor,tower,0.0,N/A,LSZH,0,N/A,LSZH (Zurich),0,N/A,118.1MHz,0,N/A,4/14/2021 12:31,0,N/A,N/A,N/A,N/A,AFOLT AGERI AKABI ALBIX ALINE AMIKI AMRUP ARGAX ARGEV ARTAG ATBAS BARIG BERSU BREGO DEGES DITON DONET DOPIL EDUMI EGABI EKRIT EKTUM ELMUR ENONO ENUSO ERMUS GARMO GERSA GIPOL IBILA KELIP KESEX KOLUL KUDIS KUSIX LAMAX LAPAG LAPDI LEDMI LUMEG MANEG MANID MATIV MILNI MOMOL MOSIT NEDOV NEMAG NOLKA OBEDU OLKEV OLNAV OMIDO OSNEM OSNOG RAMEM RAUTA RILAX RINLI RIPUS RISLI ROLSA ROMIR RONBA RONIX RUDSI SITOR SONGI SONOM SUBEX SUREP TADOB TINOX TITIX UMTOP URIGI URNAS UTIXO VEBIT VEDOK VIBAX VIBEV XANAL,0.0,N/A,N/A,N/A,N/A,N/A,N/A,1,N/A,N/A,N/A,N/A,N/A,whiskey two,N/A,N/A,N/A,N/A,N/A,N/A,N/A,N/A,N/A,N/A,N/A,N/A,N/A,N/A,N/A,N/A,N/A,N/A,N/A,N/A,N/A,N/A,N/A,N/A,N/A,N/A,N/A,N/A,N/A,N/A,N/A,N/A,N/A,N/A,N/A,N/A,N/A,N/A,N/A,N/A,N/A,N/A,N/A,N/A,N/A,N/A,N/A,join,N/A,N/A,N/A,N/A,N/A,N/A,N/A,N/A,Hotel India Victor,N/A,N/A,N/A,N/A,N/A,N/A,N/A,N/A,N/A,N/A,N/A,N/A,N/A,N/A,N/A,N/A,N/A,N/A,N/A,N/A,N/A,N/A,N/A,N/A,N/A,N/A,N/A,N/A,N/A,N/A,N/A,N/A,N/A,N/A,N/A,N/A,join wide right base,0.0,N/A,N/A,N/A,N/A,N/A,N/A,N/A,N/A,N/A,N/A,N/A,N/A,N/A,N/A,N/A,N/A,N/A,N/A,N/A,N/A,N/A,N/A,N/A,N/A,N/A,llm_confidence=0.85,0,"{""transcript"":""Hotel India Victor after whiskey two join wide right base runway one zero number one"",""role"":""Controller"",""coarse_intent"":""Clearance"",""fine_intent"":""ATCO Clearance"",""dialogue_function"":""ATCO Clearance"",""slots"":{""slot_action"":""join"",""slot_runway"":""1"",""slot_control_unit"":""Hotel India Victor"",""clearance_limit"":""whiskey two""},""subslots"":{""sub_route_action"":""join""}}",0.125
LSGS_SION_Ground_Control_121_7MHz_20210419_153441.wav,Phi-4-multimodal-instruct + speech LoRA,Two Bravo Sierra to the left taxi with,N/A,False,N/A,ATC,0,N/A,Command,0,N/A,Taxiing,0,N/A,ATCO Instruction,0.0,N/A,N/A,N/A,N/A,N/A,N/A,N/A,N/A,N/A,N/A,N/A,N/A,N/A,N/A,N/A,N/A,taxi,0.0,N/A,left,0.0,N/A,N/A,N/A,N/A,N/A,N/A,N/A,N/A,N/A,N/A,N/A,N/A,N/A,N/A,N/A,N/A,N/A,N/A,N/A,N/A,N/A,N/A,N/A,N/A,N/A,N/A,N/A,N/A,N/A,N/A,N/A,ATC,0,N/A,A,0,N/A,ground,0.0,N/A,LSGS,0,N/A,LSGS (Sion),0,N/A,121.7MHz,0,N/A,4/19/2021 15:34,0,N/A,N/A,N/A,N/A,ALETO AOSTA BANKO BERAR BIBAN CERVI ESOKO ETEKI GARLO GODRA GOLEB GRANA INTIP LAMUR MASAB MOBLO MOLUS MONIN OMETO ORSUD PUNSA REVLI ROCCA ROMOM SANET SONOD SOSAL TERSI UBIMA VADAR VALOR VENAT VEROX,0.0,N/A,N/A,N/A,N/A,N/A,N/A,N/A,N/A,N/A,N/A,N/A,N/A,N/A,N/A,N/A,N/A,N/A,N/A,N/A,N/A,N/A,N/A,N/A,N/A,N/A,N/A,N/A,N/A,N/A,N/A,N/A,N/A,N/A,N/A,N/A,N/A,N/A,N/A,N/A,N/A,N/A,N/A,N/A,N/A,N/A,N/A,N/A,N/A,N/A,N/A,N/A,N/A,N/A,N/A,N/A,N/A,N/A,N/A,N/A,N/A,N/A,N/A,N/A,N/A,N/A,N/A,N/A,N/A,N/A,N/A,N/A,N/A,N/A,N/A,N/A,N/A,N/A,N/A,N/A,N/A,N/A,N/A,N/A,N/A,N/A,N/A,N/A,N/A,N/A,N/A,N/A,N/A,N/A,N/A,N/A,N/A,N/A,N/A,N/A,N/A,N/A,N/A,N/A,N/A,N/A,N/A,N/A,N/A,N/A,N/A,N/A,N/A,N/A,N/A,N/A,N/A,N/A,N/A,N/A,N/A,N/A,N/A,N/A,N/A,N/A,N/A,N/A,N/A,N/A,N/A,N/A,N/A,N/A,needs_manual_review=True | llm_confidence=0.0,0,"{""transcript"":""two bravo zierra to the left taxiway taxiway taxiway taxiway taxiway taxiway taxiway taxiway taxiway taxiway taxiway taxiway taxiway taxiway taxiway taxiway taxiway taxiway taxiway taxiway taxiway taxiway taxiway taxiway taxiway taxiway taxiway taxiway taxiway taxiway taxiway taxiway taxiway taxiway taxiway taxiway taxiway taxiway taxiway taxiway taxiway taxiway taxiway taxiway taxiway taxiway taxiway taxiway taxiway taxiway taxiway taxiway taxiway taxiway taxiway taxiway taxiway taxiway taxiway taxiway taxiway taxiway taxiway taxiway taxiway taxiway taxiway taxiway taxiway taxiway taxiway taxiway taxiway taxiway taxiway taxiway taxiway taxiway taxiway taxiway taxiway taxiway taxiway taxiway taxiway taxiway taxiway taxiway taxiway taxiway taxiway taxiway taxiway taxiway taxiway taxiway taxiway taxiway taxiway taxiway taxiway taxiway taxiway taxiway taxiway taxiway taxiway taxiway taxiway taxiway taxiway taxiway taxiway taxiway taxiway taxiway taxiway taxiway taxiway taxiway taxiway taxiway taxiway taxiway taxiway taxiway taxiway taxiway taxiway taxiway taxiway taxiway taxiway taxiway taxiway taxiway taxiway taxiway taxiway taxiway taxiway taxiway taxiway taxiway taxiway taxiway taxiway taxiway taxiway taxiway taxiway taxiway taxiway taxiway taxiway taxiway taxiway taxiway taxiway taxiway taxiway taxiway taxiway taxiway taxiway taxiway taxiway taxiway taxiway taxiway taxiway taxiway taxiway taxiway taxiway taxiway taxiway taxiway taxiway taxiway taxiway taxiway taxiway taxiway taxiway taxiway taxiway taxiway taxiway taxiway taxiway taxiway taxiway taxiway taxiway taxiway taxiway taxiway taxiway taxiway taxiway taxiway taxiway taxiway taxiway taxiway taxiway taxiway taxiway taxiway taxiway taxiway taxiway taxiway taxiway taxiway taxiway taxiway taxiway taxiway taxiway taxiway taxiway taxiway taxiway taxiway taxiway taxiway taxiway taxiway taxiway taxiway taxiway taxiway taxiway taxiway taxiway taxiway taxiway taxiway taxiway taxiway taxiway taxiway taxiway taxiway taxiway taxiway taxiway taxiway taxi",0.0
LSZH_ZURICH_Tower_118_1MHz_20210422_110047.wav,Phi-4-multimodal-instruct + speech LoRA,Rega One in case you still with me you may leave the frequency,Herr Rega one in case you're still with me you may leave the frequency,True,ATC,ATC,1,Other,Other,1,Other,Other,1,ATCO Other,ATCO Other,1.0,N/A,N/A,N/A,N/A,N/A,N/A,N/A,N/A,N/A,N/A,N/A,N/A,N/A,N/A,N/A,N/A,N/A,N/A,N/A,N/A,N/A,REGA_1,N/A,N/A,N/A,N/A,N/A,N/A,N/A,N/A,N/A,N/A,N/A,N/A,N/A,N/A,N/A,N/A,N/A,N/A,N/A,N/A,N/A,N/A,N/A,N/A,N/A,N/A,N/A,N/A,N/A,ATC,ATC,1,N/A,A,0,REGA_1,tower,0.0,N/A,LSZH,0,N/A,LSZH (Zurich),0,N/A,118.1MHz,0,N/A,4/22/2021 11:00,0,N/A,N/A,N/A,N/A,AFOLT AGERI AKABI ALBIX ALINE AMIKI AMRUP ARGAX ARGEV ARTAG ATBAS BARIG BERSU BREGO DEGES DITON DONET DOPIL EDUMI EGABI EKRIT EKTUM ELMUR ENONO ENUSO ERMUS GARMO GERSA GIPOL IBILA KELIP KESEX KOLUL KUDIS KUSIX LAMAX LAPAG LAPDI LEDMI LUMEG MANEG MANID MATIV MILNI MOMOL MOSIT NEDOV NEMAG NOLKA OBEDU OLKEV OLNAV OMIDO OSNEM OSNOG RAMEM RAUTA RILAX RINLI RIPUS RISLI ROLSA ROMIR RONBA RONIX RUDSI SITOR SONGI SONOM SUBEX SUREP TADOB TINOX TITIX UMTOP URIGI URNAS UTIXO VEBIT VEDOK VIBAX VIBEV XANAL,0.0,N/A,N/A,N/A,N/A,N/A,N/A,N/A,N/A,N/A,N/A,N/A,N/A,N/A,N/A,N/A,N/A,N/A,N/A,N/A,N/A,N/A,N/A,N/A,N/A,N/A,N/A,N/A,N/A,N/A,N/A,N/A,N/A,N/A,N/A,N/A,N/A,N/A,N/A,N/A,N/A,N/A,N/A,N/A,N/A,N/A,N/A,N/A,N/A,N/A,N/A,N/A,N/A,N/A,N/A,N/A,N/A,N/A,N/A,N/A,N/A,N/A,N/A,N/A,N/A,N/A,N/A,N/A,N/A,N/A,REGA_1,N/A,N/A,N/A,N/A,N/A,N/A,frequency_change,0.0,N/A,you may leave the frequency,0.0,N/A,N/A,N/A,N/A,N/A,N/A,N/A,N/A,N/A,N/A,N/A,N/A,N/A,N/A,N/A,N/A,leave,0.0,N/A,N/A,N/A,N/A,N/A,N/A,N/A,N/A,N/A,N/A,N/A,N/A,N/A,N/A,N/A,N/A,N/A,N/A,N/A,N/A,N/A,N/A,N/A,N/A,N/A,N/A,N/A,N/A,N/A,N/A,N/A,N/A,N/A,N/A,llm_confidence=0.85,0,"{""transcript"":""Herr Rega one in case you're still with me you may leave the frequency"",""role"":""Controller"",""coarse_intent"":""Other"",""fine_intent"":""Other"",""dialogue_function"":""ATCO Other"",""slots"":{""slot_control_unit"":""REGA_1"",""planned_route"":""REGA_1""},""subslots"":{}}",0.3125
LSZB_BERN_Approach_127_3MHz_20210420_090959.wav,Phi-4-multimodal-instruct + speech LoRA,Hotel Hotel Bravo seven thousand feet Hotel Hotel Bravo thank you,Hotel Hotel Bravo contact us immediately Hotel Echo Foxtrot,True,ATC,Pilot,0,Other,Other,1,Other,Other,1,ATCO Other,Pilot Response,0.0,N/A,N/A,N/A,N/A,N/A,N/A,N/A,N/A,N/A,N/A,N/A,N/A,N/A,N/A,N/A,N/A,N/A,N/A,N/A,N/A,N/A,N/A,N/A,N/A,N/A,N/A,N/A,N/A,N/A,N/A,N/A,N/A,N/A,N/A,N/A,N/A,N/A,N/A,N/A,N/A,N/A,N/A,N/A,N/A,N/A,N/A,N/A,N/A,N/A,N/A,N/A,ATC,Pilot,0,N/A,B | A,0,Hotel Echo Foxtrot,approach,0.0,N/A,LSZB,0,N/A,LSZB (Bern),0,N/A,127.3MHz,0,N/A,4/20/2021 9:09,0,N/A,N/A,N/A,N/A,ABARI ALETO AMRID ARNOT ARVAN ASBER BADEP BALIR BASUD BELAR BENOT BERSU BIRKI BOMEC DEKAM DOPIL DOUCI EKTUM ERMUS ESEVA ETEKI GODRA GUDAX IXUDI KONOL KORED KUBOM LAMUR LARDO LASUN LEPLA LUMEL LUTIX MASAB MEBOX MONIN NAXOL NEMAG NEMOS NOLKA OBEDU OLBEN OSKUP RAMOK REVLI ROMOM ROTOS SOSAL SUREP TADOB TELNO ULMES UMTOP VADAR VALAD VEBIT,0.0,N/A,N/A,N/A,N/A,N/A,N/A,N/A,N/A,N/A,N/A,N/A,N/A,N/A,N/A,N/A,N/A,N/A,N/A,N/A,N/A,N/A,N/A,N/A,N/A,N/A,N/A,N/A,N/A,N/A,N/A,N/A,N/A,N/A,N/A,N/A,N/A,N/A,N/A,N/A,N/A,N/A,N/A,N/A,N/A,N/A,N/A,N/A,N/A,N/A,N/A,N/A,N/A,N/A,N/A,N/A,N/A,N/A,N/A,N/A,N/A,N/A,N/A,N/A,N/A,N/A,N/A,contact,N/A,N/A,Hotel Echo Foxtrot,N/A,N/A,N/A,N/A,N/A,N/A,N/A,N/A,N/A,N/A,N/A,N/A,N/A,N/A,N/A,N/A,N/A,N/A,N/A,N/A,N/A,N/A,N/A,N/A,N/A,N/A,N/A,N/A,N/A,N/A,N/A,N/A,N/A,N/A,N/A,N/A,N/A,N/A,N/A,N/A,N/A,N/A,N/A,N/A,N/A,N/A,N/A,N/A,N/A,N/A,N/A,thank you,0.0,N/A,N/A,N/A,N/A,N/A,N/A,N/A,N/A,N/A,N/A,llm_confidence=0.0,0,"{""transcript"":""Hotel Hotel Bravo contact us immediately Hotel Echo Foxtrot"",""role"":""Controller"",""coarse_intent"":""Other"",""fine_intent"":""Other"",""dialogue_function"":""ATCO Other"",""slots"":{""slot_control_unit"":""Hotel Echo Foxtrot""},""subslots"":{""sub_contact_keyword"":""contact"",""sub_contact_unit"":""Hotel Echo Foxtrot""}}",0.14285714285714285
LSZB_BERN_Tower_121_0MHz_20210420_062521.wav,Phi-4-multimodal-instruct + speech LoRA,Hotel Golf Papa number two number one is the company on now left hand base and still two helicopters low altitude over the city looking up for helicopter and number one not in sight at the moment and a number two Papa Golf Papa,Hotel Golf Papa number two number one is the company on now left hand base and still two helicopters low altitude over the city,True,ATC,ATC,1,Other,Other,1,Other,Other,1,ATCO Other,ATCO Other,1.0,N/A,N/A,N/A,N/A,N/A,N/A,N/A,N/A,N/A,N/A,N/A,N/A,N/A,N/A,N/A,N/A,N/A,N/A,N/A,left,0.0,N/A,N/A,N/A,N/A,N/A,N/A,N/A,N/A,N/A,N/A,N/A,N/A,N/A,N/A,N/A,N/A,N/A,N/A,N/A,N/A,N/A,N/A,N/A,N/A,N/A,N/A,N/A,N/A,N/A,N/A,ATC,ATC,1,N/A,A | B,0,Hotel Golf Papa,tower,0.0,N/A,LSZB,0,N/A,LSZB (Bern),0,N/A,121.0MHz,0,N/A,4/20/2021 6:25,0,N/A,N/A,N/A,N/A,ABARI ALETO AMRID ARNOT ARVAN ASBER BADEP BALIR BASUD BELAR BENOT BERSU BIRKI BOMEC DEKAM DOPIL DOUCI EKTUM ERMUS ESEVA ETEKI GODRA GUDAX IXUDI KONOL KORED KUBOM LAMUR LARDO LASUN LEPLA LUMEL LUTIX MASAB MEBOX MONIN NAXOL NEMAG NEMOS NOLKA OBEDU OLBEN OSKUP RAMOK REVLI ROMOM ROTOS SOSAL SUREP TADOB TELNO ULMES UMTOP VADAR VALAD VEBIT,0.0,N/A,N/A,N/A,N/A,N/A,N/A,N/A,N/A,N/A,N/A,N/A,N/A,N/A,N/A,N/A,N/A,N/A,N/A,N/A,N/A,N/A,N/A,N/A,N/A,N/A,N/A,N/A,N/A,N/A,N/A,N/A,N/A,N/A,N/A,N/A,N/A,N/A,N/A,N/A,N/A,N/A,N/A,N/A,N/A,N/A,N/A,N/A,N/A,N/A,N/A,N/A,N/A,N/A,N/A,N/A,N/A,N/A,N/A,N/A,N/A,N/A,N/A,N/A,N/A,N/A,N/A,N/A,N/A,N/A,Hotel Golf Papa,N/A,N/A,N/A,N/A,N/A,N/A,N/A,N/A,N/A,N/A,N/A,N/A,N/A,N/A,N/A,N/A,N/A,N/A,N/A,N/A,N/A,N/A,N/A,N/A,N/A,N/A,N/A,N/A,N/A,N/A,N/A,N/A,N/A,N/A,N/A,N/A,N/A,N/A,N/A,N/A,N/A,N/A,looking up for helicopter,0.0,N/A,N/A,N/A,N/A,N/A,N/A,N/A,N/A,N/A,N/A,N/A,N/A,N/A,N/A,N/A,N/A,N/A,N/A,N/A,llm_confidence=0.85,0,"{""transcript"":""Hotel Golf Papa number two number one is the company on now left hand base and still two helicopters low altitude over the city"",""role"":""Controller"",""coarse_intent"":""Other"",""fine_intent"":""Other"",""dialogue_function"":""ATCO Other"",""slots"":{""slot_control_unit"":""Hotel Golf Papa""},""subslots"":{}}",0.3333333333333333
LSGS_SION_Ground_Control_121_7MHz_20210505_140831.wav,Phi-4-multimodal-instruct + speech LoRA,no sorry you have to refound the flight plan sir okay we won't see company quickly to refound no problem [hes] [ukn] technic,Okay we will accept company QKI two ref thanks no problem Alex here,True,ATC,ATC,1,Other,Other,1,Other,Other,1,ATCO Other,ATCO Other,1.0,N/A,N/A,N/A,N/A,N/A,N/A,N/A,N/A,N/A,N/A,N/A,N/A,N/A,N/A,N/A,N/A,N/A,N/A,N/A,N/A,N/A,N/A,N/A,N/A,N/A,N/A,N/A,N/A,N/A,N/A,N/A,N/A,N/A,N/A,N/A,N/A,N/A,N/A,N/A,N/A,N/A,N/A,N/A,N/A,N/A,N/A,N/A,N/A,N/A,N/A,N/A,ATC,ATC,1,N/A,A | D,0,QKI,ground,0.0,N/A,LSGS,0,N/A,LSGS (Sion),0,N/A,121.7MHz,0,N/A,5/5/2021 14:08,0,N/A,N/A,N/A,N/A,ALETO AOSTA BANKO BERAR BIBAN CERVI ESOKO ETEKI GARLO GODRA GOLEB GRANA INTIP LAMUR MASAB MOBLO MOLUS MONIN OMETO ORSUD PUNSA REVLI ROCCA ROMOM SANET SONOD SOSAL TERSI UBIMA VADAR VALOR VENAT VEROX,0.0,N/A,N/A,N/A,N/A,N/A,N/A,N/A,N/A,N/A,N/A,N/A,N/A,N/A,N/A,N/A,N/A,N/A,N/A,N/A,N/A,N/A,N/A,N/A,N/A,N/A,N/A,N/A,N/A,N/A,N/A,N/A,N/A,N/A,N/A,N/A,N/A,N/A,N/A,N/A,N/A,N/A,N/A,N/A,N/A,N/A,N/A,N/A,N/A,N/A,N/A,N/A,N/A,N/A,N/A,N/A,N/A,N/A,N/A,N/A,N/A,N/A,N/A,N/A,N/A,N/A,N/A,N/A,N/A,N/A,QKI,N/A,N/A,N/A,N/A,N/A,N/A,N/A,N/A,N/A,N/A,N/A,N/A,N/A,N/A,N/A,N/A,N/A,N/A,N/A,N/A,N/A,N/A,N/A,N/A,N/A,N/A,N/A,N/A,N/A,N/A,N/A,N/A,N/A,N/A,N/A,N/A,N/A,N/A,N/A,N/A,N/A,N/A,refound the flight plan,0.0,N/A,N/A,N/A,N/A,N/A,N/A,N/A,no,0.0,N/A,N/A,N/A,N/A,N/A,N/A,N/A,N/A,N/A,N/A,hesitation_marker | llm_confidence=0.85,0,"{""transcript"":""Okay we will accept company QKI two ref thanks no problem Alex here"",""role"":""Controller"",""coarse_intent"":""Other"",""fine_intent"":""Other"",""dialogue_function"":""ATCO Other"",""slots"":{""slot_control_unit"":""QKI""},""subslots"":{}}",0.3333333333333333
LSZB_BERN_Approach_127_3MHz_20210416_061750.wav,Phi-4-multimodal-instruct + speech LoRA,tower Bern Hotel Bravo Kilo Golf November blue parking [spk] VFR local as plan route whiskey information november request taxi,Tower Bern Hotel Bravo Kilo Golf November blue parking via our local outbound route whiskey information November request taxis,True,ATC,Pilot,0,Other,Command,0,Information,Readback,0,ATCO Information,Pilot Readback,0.0,N/A,Hotel Bravo Kilo Golf November,0.0,N/A,N/A,N/A,N/A,N/A,N/A,N/A,N/A,N/A,N/A,N/A,N/A,N/A,taxi,0.0,N/A,N/A,N/A,November,whiskey information november,0.0,N/A,N/A,N/A,N/A,N/A,N/A,N/A,N/A,N/A,N/A,N/A,N/A,N/A,N/A,N/A,N/A,N/A,N/A,N/A,N/A,N/A,N/A,Hotel Bravo Kilo Golf November,0.0,N/A,HBKGN,0.0,ATC,Pilot,0,N/A,B,0,BERN,approach | information | tower,0.0,N/A,LSZB,0,N/A,LSZB (Bern),0,N/A,127.3MHz,0,N/A,4/16/2021 6:17,0,N/A,N/A,N/A,N/A,ABARI ALETO AMRID ARNOT ARVAN ASBER BADEP BALIR BASUD BELAR BENOT BERSU BIRKI BOMEC DEKAM DOPIL DOUCI EKTUM ERMUS ESEVA ETEKI GODRA GUDAX IXUDI KONOL KORED KUBOM LAMUR LARDO LASUN LEPLA LUMEL LUTIX MASAB MEBOX MONIN NAXOL NEMAG NEMOS NOLKA OBEDU OLBEN OSKUP RAMOK REVLI ROMOM ROTOS SOSAL SUREP TADOB TELNO ULMES UMTOP VADAR VALAD VEBIT,0.0,N/A,N/A,N/A,LOCAL,N/A,N/A,N/A,N/A,N/A,N/A,N/A,N/A,N/A,N/A,N/A,N/A,N/A,N/A,N/A,N/A,N/A,N/A,N/A,N/A,N/A,N/A,N/A,N/A,blue parking,0.0,N/A,N/A,N/A,N/A,N/A,N/A,N/A,N/A,N/A,N/A,N/A,N/A,N/A,N/A,N/A,N/A,N/A,N/A,N/A,N/A,N/A,N/A,N/A,N/A,N/A,N/A,N/A,N/A,N/A,N/A,N/A,N/A,N/A,N/A,N/A,N/A,N/A,N/A,N/A,BERN,N/A,N/A,N/A,N/A,N/A,Information,flight plan,0.0,taxis,whiskey information november,0.0,N/A,N/A,N/A,N/A,N/A,N/A,N/A,N/A,N/A,N/A,N/A,N/A,N/A,N/A,N/A,N/A,N/A,N/A,N/A,N/A,N/A,N/A,N/A,N/A,N/A,N/A,N/A,N/A,request,0.0,N/A,whiskey information november,0.0,N/A,N/A,N/A,N/A,N/A,N/A,N/A,N/A,N/A,N/A,N/A,N/A,N/A,N/A,N/A,N/A,N/A,N/A,N/A,needs_manual_review=True | llm_confidence=0.725,0,"{""transcript"":""Tower Bern Hotel Bravo Kilo Golf November blue parking via our local outbound route whiskey information November request taxis"",""role"":""Controller"",""coarse_intent"":""Other"",""fine_intent"":""Information"",""dialogue_function"":""ATCO Information"",""slots"":{""slot_control_unit"":""BERN"",""slot_procedure"":""LOCAL"",""planned_route"":""November"",""information_type"":""Information"",""information_value"":""taxis""},""subslots"":{}}",0.0
LSZB_BERN_Tower_121_0MHz_20210418_185745.wav,Phi-4-multimodal-instruct + speech LoRA,Hotel Lima Sierra during night time visual departure is not possible,Hotel Lima via visual departure is not possible,True,ATC,ATC,1,Other,Other,1,Other,Other,1,ATCO Other,ATCO Other,1.0,N/A,N/A,N/A,N/A,N/A,N/A,N/A,N/A,N/A,N/A,N/A,N/A,N/A,N/A,N/A,N/A,N/A,N/A,N/A,N/A,N/A,N/A,N/A,N/A,N/A,N/A,N/A,N/A,N/A,N/A,N/A,N/A,N/A,N/A,N/A,N/A,N/A,N/A,N/A,N/A,N/A,N/A,N/A,N/A,N/A,N/A,N/A,N/A,N/A,N/A,N/A,ATC,ATC,1,N/A,A,0,Hotel Lima,departure | tower,0.0,N/A,LSZB,0,N/A,LSZB (Bern),0,N/A,121.0MHz,0,N/A,4/18/2021 18:57,0,N/A,N/A,N/A,N/A,ABARI ALETO AMRID ARNOT ARVAN ASBER BADEP BALIR BASUD BELAR BENOT BERSU BIRKI BOMEC DEKAM DOPIL DOUCI EKTUM ERMUS ESEVA ETEKI GODRA GUDAX IXUDI KONOL KORED KUBOM LAMUR LARDO LASUN LEPLA LUMEL LUTIX MASAB MEBOX MONIN NAXOL NEMAG NEMOS NOLKA OBEDU OLBEN OSKUP RAMOK REVLI ROMOM ROTOS SOSAL SUREP TADOB TELNO ULMES UMTOP VADAR VALAD VEBIT,0.0,N/A,N/A,N/A,N/A,N/A,N/A,N/A,N/A,N/A,N/A,N/A,N/A,N/A,N/A,N/A,N/A,N/A,N/A,N/A,N/A,N/A,N/A,N/A,N/A,N/A,N/A,N/A,N/A,N/A,N/A,N/A,N/A,N/A,N/A,N/A,N/A,N/A,N/A,N/A,N/A,N/A,N/A,N/A,N/A,N/A,N/A,N/A,N/A,N/A,N/A,N/A,N/A,N/A,N/A,N/A,N/A,N/A,N/A,N/A,N/A,N/A,N/A,N/A,N/A,N/A,N/A,N/A,N/A,N/A,Hotel Lima,N/A,N/A,N/A,N/A,N/A,N/A,N/A,N/A,N/A,N/A,N/A,N/A,VISUAL,0.0,N/A,N/A,N/A,N/A,N/A,N/A,N/A,N/A,N/A,N/A,N/A,N/A,N/A,N/A,N/A,N/A,N/A,N/A,N/A,N/A,N/A,N/A,N/A,N/A,N/A,N/A,N/A,N/A,N/A,N/A,N/A,N/A,N/A,N/A,N/A,N/A,N/A,N/A,N/A,Hotel Lima,N/A,N/A,N/A,N/A,N/A,N/A,N/A,N/A,N/A,llm_confidence=1.0,0,"{""transcript"":""Hotel Lima via visual departure is not possible"",""role"":""Controller"",""coarse_intent"":""Other"",""fine_intent"":""Other"",""dialogue_function"":""ATCO Other"",""slots"":{""slot_control_unit"":""Hotel Lima""},""subslots"":{""sub_greeting_phrase"":""Hotel Lima""}}",0.35714285714285715
LSZB_BERN_Tower_121_0MHz_20210414_132458.wav,Phi-4-multimodal-instruct + speech LoRA,Tango Three One Eight roger you can already change frequency have a nice day,Tango Three One Eight roger you can already change frequency have a nice day,True,ATC,ATC,1,Other,Other,1,Other,Simple respond,0,ATCO Other,ATCO Other,1.0,N/A,N/A,N/A,N/A,N/A,N/A,N/A,N/A,N/A,N/A,N/A,N/A,can change frequency,N/A,N/A,N/A,N/A,N/A,N/A,N/A,N/A,N/A,N/A,N/A,N/A,N/A,N/A,N/A,N/A,N/A,N/A,N/A,N/A,N/A,roger,0.0,N/A,N/A,N/A,N/A,N/A,N/A,N/A,N/A,N/A,N/A,N/A,N/A,N/A,N/A,N/A,ATC,ATC,1,N/A,A,0,Tango318,tower,0.0,N/A,LSZB,0,N/A,LSZB (Bern),0,can change frequency,121.0MHz,0,N/A,4/14/2021 13:24,0,N/A,N/A,N/A,N/A,ABARI ALETO AMRID ARNOT ARVAN ASBER BADEP BALIR BASUD BELAR BENOT BERSU BIRKI BOMEC DEKAM DOPIL DOUCI EKTUM ERMUS ESEVA ETEKI GODRA GUDAX IXUDI KONOL KORED KUBOM LAMUR LARDO LASUN LEPLA LUMEL LUTIX MASAB MEBOX MONIN NAXOL NEMAG NEMOS NOLKA OBEDU OLBEN OSKUP RAMOK REVLI ROMOM ROTOS SOSAL SUREP TADOB TELNO ULMES UMTOP VADAR VALAD VEBIT,0.0,N/A,N/A,N/A,N/A,N/A,N/A,N/A,N/A,N/A,N/A,N/A,N/A,N/A,N/A,N/A,N/A,N/A,N/A,N/A,N/A,N/A,N/A,N/A,N/A,N/A,N/A,N/A,N/A,N/A,N/A,N/A,N/A,N/A,N/A,N/A,N/A,N/A,N/A,N/A,N/A,N/A,N/A,N/A,N/A,N/A,N/A,N/A,N/A,N/A,N/A,N/A,N/A,N/A,N/A,N/A,N/A,N/A,N/A,N/A,N/A,N/A,N/A,N/A,N/A,N/A,N/A,N/A,N/A,N/A,Tango318,N/A,N/A,N/A,change,0.0,frequency change,frequency change permission,0.0,you can already change frequency,you can already change frequency have a nice day,0.0,N/A,N/A,N/A,N/A,N/A,N/A,N/A,N/A,N/A,N/A,N/A,N/A,N/A,N/A,N/A,N/A,N/A,N/A,N/A,N/A,N/A,N/A,N/A,N/A,N/A,N/A,N/A,N/A,N/A,N/A,N/A,N/A,N/A,N/A,N/A,N/A,N/A,N/A,N/A,N/A,roger,0.0,roger,N/A,N/A,N/A,N/A,N/A,N/A,N/A,N/A,N/A,llm_confidence=0.5666666666666667,0,"{""transcript"":""Tango Three One Eight roger you can already change frequency have a nice day"",""role"":""Controller"",""coarse_intent"":""Other"",""fine_intent"":""Other"",""dialogue_function"":""ATCO Other"",""slots"":{""slot_control_unit"":""Tango318"",""slot_frequency"":""can change frequency"",""information_type"":""frequency change"",""information_value"":""you can already change frequency""},""subslots"":{""sub_greeting_phrase"":""roger""}}",0.2222222222222222
LSGS_SION_Ground_Control_121_7MHz_20210502_071049.wav,Phi-4-multimodal-instruct + speech LoRA,[#unnamed]Sion[/#unnamed] [#unnamed]tower[/#unnamed] [#unnamed]bonjour[/#unnamed] [#callsign]Bair[/#callsign] [#callsign]Nine[/#callsign] [#callsign]Five[/#callsign] [#value]now[/#value] [#command]establish[/#command] [#command]on[/#command] [#command]the[/#command] [#command]ILS[/#command] [#value]runway[/#value] [#value]two[/#value] [#value]five[/#value],Sion tower bonjour pr nine five one establish and the ILS runway two five,True,Pilot,Other,0,Other,Other,1,Other,Other,1,ATCO Other,N/A,N/A,PR,N/A,N/A,Five One,N/A,N/A,N/A,25,0.0,N/A,N/A,N/A,N/A,N/A,N/A,N/A,N/A,N/A,N/A,N/A,N/A,N/A,N/A,N/A,N/A,N/A,N/A,N/A,N/A,N/A,N/A,N/A,N/A,N/A,N/A,N/A,N/A,N/A,N/A,N/A,N/A,N/A,N/A,N/A,N/A,PR Nine Five One,N/A,N/A,PR,N/A,N/A,Pilot,Other,0,PR Nine Five One,D,0,Sion tower,tower,0.0,N/A,LSGS,0,N/A,LSGS (Sion),0,N/A,121.7MHz,0,N/A,5/2/2021 7:10,0,N/A,N/A,N/A,N/A,ALETO AOSTA BANKO BERAR BIBAN CERVI ESOKO ETEKI GARLO GODRA GOLEB GRANA INTIP LAMUR MASAB MOBLO MOLUS MONIN OMETO ORSUD PUNSA REVLI ROCCA ROMOM SANET SONOD SOSAL TERSI UBIMA VADAR VALOR VENAT VEROX,0.0,N/A,N/A,N/A,ILS,N/A,N/A,N/A,N/A,N/A,N/A,N/A,N/A,N/A,N/A,N/A,N/A,N/A,N/A,N/A,N/A,N/A,N/A,N/A,N/A,N/A,N/A,N/A,N/A,N/A,N/A,N/A,N/A,N/A,N/A,N/A,N/A,N/A,N/A,N/A,N/A,N/A,N/A,N/A,N/A,N/A,N/A,N/A,N/A,N/A,N/A,N/A,N/A,N/A,N/A,N/A,N/A,N/A,N/A,N/A,N/A,N/A,N/A,N/A,N/A,N/A,N/A,establish,N/A,N/A,Sion tower,N/A,N/A,N/A,N/A,N/A,N/A,N/A,N/A,N/A,N/A,N/A,ILS,ILS,1.0,establish,N/A,N/A,N/A,N/A,N/A,N/A,N/A,N/A,N/A,N/A,N/A,N/A,N/A,N/A,in,N/A,N/A,N/A,N/A,N/A,N/A,N/A,N/A,establish,N/A,N/A,ILS,N/A,N/A,N/A,N/A,N/A,establish,N/A,N/A,N/A,N/A,N/A,N/A,N/A,N/A,N/A,N/A,N/A,N/A,N/A,N/A,N/A,llm_confidence=1.0,0,"{""transcript"":""Sion tower bonjour pr nine five one establish and the ILS runway two five"",""role"":""Pilot"",""coarse_intent"":""Other"",""fine_intent"":""Other"",""dialogue_function"":""ATCO Other"",""slots"":{""slot_callsign_code"":""PR"",""slot_callsign_spoken"":""PR Nine Five One"",""slot_airline"":""PR"",""slot_flight_number"":""Five One"",""slot_control_unit"":""Sion tower"",""slot_procedure"":""ILS"",""procedure_name"":""ILS"",""procedure_assignment_keyword"":""establish"",""route_in_out_point"":""in"",""procedure_name"":""ILS"",""position_report"":""establish"",""requested_item"":""ILS""},""subslots"":{""sub_full_callsign"":""PR Nine Five One"",""sub_procedure_name"":""ILS"",""sub_contact_keyword"":""establish"",""sub_contact_unit"":""Sion tower"",""sub_request_keyword"":""establish""}}",0.21428571428571427
YSSY_SYDNEY_Tower_120_5MHz_20210504_093243.wav,Phi-4-multimodal-instruct + speech LoRA,tower Connie [hes] Eight Thirty Five on the ILS one six three,Tower County Eight Thirty Five on the ILS one six right,True,ATC,Other,0,Other,Other,1,Other,Other,1,ATCO Other,N/A,N/A,N/A,N/A,N/A,N/A,N/A,N/A,N/A,16,0.0,N/A,N/A,N/A,N/A,N/A,N/A,N/A,N/A,N/A,N/A,N/A,N/A,ILS one six,N/A,N/A,N/A,N/A,N/A,N/A,N/A,N/A,N/A,N/A,N/A,N/A,N/A,N/A,N/A,N/A,N/A,N/A,N/A,N/A,N/A,N/A,N/A,N/A,N/A,N/A,N/A,N/A,N/A,ATC,Other,0,N/A,B,0,County Eight Thirty Five,tower,0.0,N/A,YSSY,0,N/A,YSSY (Sydney),0,N/A,120.5MHz,0,N/A,5/4/2021 9:32,0,N/A,N/A,N/A,N/A,ABBEY ANKUB ATRET BEROW BIGEM BIKUS BOBIG BOOGI BUVLO CLIFF COONY CORDO DALAR DEENA DIPPA DUDOK DUMOP DUNES ENDEV ENKAS ENTRA FISHA GOMUB HALAS HOOKS IGALA ISMER JAKLN JELLI JENTL JULIA KABLO KAMBA KAMPI KEVIN LANOL LISHA MAJAR MANFA MARKY MARUB MITSA NASHO NESSY NOBAR NOLEM OLSOG OVILS PEBRA PEGBA POSTY PRAWN RAKSO RENAM RISOL SBKWA SBKWB SBKWF SBKWH SBKWI SBKWM SCNWF SCNWH SCNWM SHORE SOSIJ SRIEA SRIEB SRIEF SRIEH SRIEI SRIEM SRIWF SRIWG SRIWH SRIWI SRIWM SSYEF SSYEH SSYEM SSYNF SSYNH SSYNI SSYNM SSYSF SSYSH SSYSM SSYWF SSYWH SSYWM SUZAN SYDNF SYDNH SYDNM SYDSF SYDSH SYDSM SYRBB SYRCC SYRDD SYRFF SYRGG TAMMI TESAT TONTO TONUX URDEN UXAMA VENUL VIDIK VOSSI WHALE WOLNA WOLNC WOLND WOLNF WOLNI ZONKA,0.0,N/A,N/A,N/A,N/A,N/A,N/A,N/A,N/A,N/A,N/A,N/A,N/A,N/A,N/A,N/A,N/A,N/A,N/A,N/A,N/A,N/A,N/A,N/A,N/A,N/A,N/A,N/A,N/A,N/A,N/A,N/A,N/A,N/A,N/A,N/A,N/A,N/A,N/A,N/A,N/A,N/A,N/A,N/A,N/A,N/A,N/A,N/A,N/A,N/A,N/A,N/A,N/A,N/A,N/A,N/A,N/A,N/A,N/A,N/A,N/A,N/A,N/A,N/A,N/A,N/A,N/A,N/A,N/A,N/A,County Eight Thirty Five,N/A,N/A,N/A,N/A,N/A,N/A,N/A,N/A,N/A,N/A,N/A,N/A,ILS,0.0,N/A,N/A,N/A,N/A,N/A,N/A,N/A,N/A,N/A,N/A,N/A,N/A,N/A,N/A,N/A,N/A,N/A,N/A,N/A,N/A,N/A,N/A,N/A,N/A,N/A,N/A,N/A,N/A,N/A,N/A,N/A,N/A,N/A,N/A,N/A,N/A,N/A,N/A,N/A,N/A,N/A,N/A,N/A,N/A,N/A,N/A,N/A,N/A,N/A,hesitation_marker | llm_confidence=1.0,0,"{""transcript"":""Tower County Eight Thirty Five on the ILS one six right"",""role"":""Controller"",""coarse_intent"":""Other"",""fine_intent"":""Other"",""dialogue_function"":""ATCO Other"",""slots"":{""slot_control_unit"":""County Eight Thirty Five"",""planned_route"":""ILS one six""},""subslots"":{}}",0.14285714285714285
LSZH_ZURICH_Tower_118_1MHz_20210413_204447.wav,Phi-4-multimodal-instruct + speech LoRA,Swiss Niner Two identified climb to flight level one two zero and report passing altitude,Swiss Niner Two identified climb to flight level one two zero and report pass on altitude,True,ATC,ATC,1,Command,Command,1,Information,Altitude,0,ATCO Information,ATCO Instruction,0.0,N/A,Swiss,0.0,N/A,N/A,N/A,N/A,N/A,N/A,N/A,N/A,N/A,N/A,N/A,N/A,N/A,N/A,N/A,N/A,N/A,N/A,N/A,N/A,N/A,report,climb,0.0,flight level one two zero,N/A,N/A,N/A,N/A,N/A,N/A,N/A,N/A,N/A,N/A,N/A,report,report,1.0,N/A,N/A,N/A,N/A,Swiss,0.0,N/A,SWR,0.0,ATC,ATC,1,N/A,A,0,Swiss Niner Two,tower,0.0,N/A,LSZH,0,N/A,LSZH (Zurich),0,N/A,118.1MHz,0,N/A,4/13/2021 20:44,0,N/A,N/A,N/A,N/A,AFOLT AGERI AKABI ALBIX ALINE AMIKI AMRUP ARGAX ARGEV ARTAG ATBAS BARIG BERSU BREGO DEGES DITON DONET DOPIL EDUMI EGABI EKRIT EKTUM ELMUR ENONO ENUSO ERMUS GARMO GERSA GIPOL IBILA KELIP KESEX KOLUL KUDIS KUSIX LAMAX LAPAG LAPDI LEDMI LUMEG MANEG MANID MATIV MILNI MOMOL MOSIT NEDOV NEMAG NOLKA OBEDU OLKEV OLNAV OMIDO OSNEM OSNOG RAMEM RAUTA RILAX RINLI RIPUS RISLI ROLSA ROMIR RONBA RONIX RUDSI SITOR SONGI SONOM SUBEX SUREP TADOB TINOX TITIX UMTOP URIGI URNAS UTIXO VEBIT VEDOK VIBAX VIBEV XANAL,0.0,N/A,N/A,N/A,climb to flight level,N/A,N/A,N/A,N/A,N/A,N/A,N/A,N/A,N/A,N/A,N/A,N/A,N/A,N/A,N/A,N/A,N/A,N/A,N/A,N/A,N/A,N/A,N/A,N/A,N/A,N/A,N/A,N/A,N/A,N/A,N/A,N/A,N/A,N/A,N/A,N/A,N/A,N/A,N/A,N/A,N/A,N/A,N/A,N/A,N/A,N/A,N/A,N/A,N/A,N/A,flight level one two zero,FL120,0.0,N/A,flight level,0.0,N/A,N/A,N/A,N/A,N/A,N/A,N/A,N/A,N/A,Swiss Niner Two,N/A,N/A,N/A,N/A,N/A,N/A,N/A,N/A,N/A,N/A,N/A,N/A,N/A,N/A,N/A,N/A,N/A,N/A,N/A,N/A,N/A,N/A,N/A,N/A,N/A,N/A,N/A,N/A,N/A,N/A,N/A,N/A,N/A,N/A,N/A,N/A,N/A,N/A,N/A,N/A,N/A,N/A,N/A,N/A,N/A,passing,0.0,N/A,report passing altitude,0.0,N/A,N/A,N/A,N/A,N/A,N/A,N/A,N/A,N/A,N/A,N/A,N/A,N/A,llm_confidence=0.95,0,"{""transcript"":""Swiss Niner Two identified climb to flight level one two zero and report pass on altitude"",""role"":""Controller"",""coarse_intent"":""Command"",""fine_intent"":""Information"",""dialogue_function"":""ATCO Information"",""slots"":{""slot_control_unit"":""Swiss Niner Two"",""slot_altitude"":""flight level one two zero"",""slot_procedure"":""climb to flight level""},""subslots"":{""sub_altitude_action"":""report"",""sub_report_keyword"":""report""}}",0.18181818181818182
LSGS_SION_Ground_Control_121_7MHz_20210503_151916.wav,Phi-4-multimodal-instruct + speech LoRA,[#callsign]Hotel[/#callsign] [#callsign]Golf[/#callsign] [#callsign]Kilo[/#callsign] you may [#command]leave[/#command] [#command]frequency[/#command] [#unnamed]bye[/#unnamed] [#unnamed]bye[/#unnamed],Hotel Golf Kilo you may leave frequency bye bye,True,ATC,ATC,1,Other,Other,1,Other,Simple respond,0,ATCO Other,ATCO Other,1.0,N/A,N/A,N/A,N/A,N/A,N/A,N/A,N/A,N/A,N/A,N/A,N/A,N/A,N/A,N/A,N/A,N/A,N/A,N/A,N/A,N/A,N/A,N/A,N/A,N/A,N/A,N/A,N/A,N/A,N/A,N/A,N/A,N/A,N/A,N/A,N/A,N/A,N/A,N/A,N/A,N/A,N/A,N/A,N/A,N/A,N/A,N/A,N/A,N/A,N/A,N/A,ATC,ATC,1,N/A,A,0,Hotel Golf Kilo,ground,0.0,N/A,LSGS,0,N/A,LSGS (Sion),0,N/A,121.7MHz,0,N/A,5/3/2021 15:19,0,N/A,N/A,N/A,N/A,ALETO AOSTA BANKO BERAR BIBAN CERVI ESOKO ETEKI GARLO GODRA GOLEB GRANA INTIP LAMUR MASAB MOBLO MOLUS MONIN OMETO ORSUD PUNSA REVLI ROCCA ROMOM SANET SONOD SOSAL TERSI UBIMA VADAR VALOR VENAT VEROX,0.0,N/A,N/A,N/A,N/A,N/A,N/A,N/A,N/A,N/A,N/A,N/A,N/A,N/A,N/A,N/A,N/A,N/A,N/A,N/A,N/A,N/A,N/A,N/A,N/A,N/A,N/A,N/A,N/A,N/A,N/A,N/A,N/A,N/A,N/A,N/A,N/A,N/A,N/A,N/A,N/A,N/A,N/A,N/A,N/A,N/A,N/A,N/A,N/A,N/A,N/A,N/A,N/A,N/A,N/A,N/A,N/A,N/A,N/A,N/A,N/A,N/A,N/A,N/A,N/A,N/A,N/A,N/A,N/A,N/A,Hotel Golf Kilo,N/A,N/A,N/A,N/A,N/A,N/A,frequency change,0.0,N/A,leave frequency,0.0,N/A,N/A,N/A,N/A,N/A,N/A,N/A,N/A,N/A,N/A,N/A,N/A,N/A,N/A,N/A,N/A,leave,0.0,N/A,N/A,N/A,N/A,N/A,N/A,N/A,N/A,N/A,N/A,N/A,N/A,N/A,N/A,N/A,N/A,N/A,N/A,N/A,N/A,N/A,N/A,N/A,N/A,bye bye,bye,0.0,N/A,N/A,N/A,N/A,N/A,N/A,N/A,llm_confidence=0.95,0,"{""transcript"":""Hotel Golf Kilo you may leave frequency bye bye"",""role"":""Controller"",""coarse_intent"":""Other"",""fine_intent"":""Other"",""dialogue_function"":""ATCO Other"",""slots"":{""slot_control_unit"":""Hotel Golf Kilo""},""subslots"":{""sub_greeting_phrase"":""bye bye""}}",0.23529411764705882
LZIB_STEFANIK_Tower_118_3MHz_20210425_120446.wav,Phi-4-multimodal-instruct + speech LoRA,taxi holding point three one via Foxtrot cross runway zero four Slovak Government Zero Zero Four,Siegfried Holding Point Bravo Foxtrot cross runway zero four full stop go ahead zero zero four,True,ATC,Pilot,0,Other,Command,0,Other,Readback,0,ATCO Other,Pilot Readback,0.0,N/A,Slovak Government,0.0,N/A,4,0.0,N/A,4,0.0,N/A,N/A,N/A,N/A,N/A,N/A,N/A,taxi,0.0,N/A,N/A,N/A,N/A,via Foxtrot cross runway zero four,0.0,N/A,N/A,N/A,N/A,N/A,N/A,N/A,N/A,N/A,N/A,N/A,N/A,N/A,N/A,N/A,N/A,N/A,N/A,N/A,N/A,N/A,N/A,Slovak Government Zero Zero Four,0.0,N/A,SSG004,0.0,ATC,Pilot,0,N/A,B,0,Siegfried Holding Point Bravo Foxtrot,tower,0.0,N/A,LZIB,0,N/A,LZIB (Bratislava),0,N/A,118.3MHz,0,N/A,4/25/2021 12:04,0,N/A,N/A,N/A,N/A,ABETI ABLOM ADAMA AGMIM ASLOT ASPIB ASTON BEGLA BERVA CIFER EKLIP GASNA GESGI KOXER KUVEX LEDRI MABOD MAREG MOVOS NATEX NIGER PESAT REKLU SOMID TOVKA UBUXI URUMU VABGU VAMOG VAPIT VEDER VYDRA XENAK XENDI,0.0,N/A,N/A,N/A,N/A,N/A,N/A,N/A,N/A,N/A,N/A,N/A,N/A,N/A,N/A,N/A,N/A,N/A,N/A,N/A,N/A,N/A,N/A,N/A,N/A,N/A,N/A,N/A,N/A,N/A,N/A,N/A,N/A,N/A,N/A,N/A,N/A,N/A,N/A,N/A,N/A,N/A,N/A,N/A,N/A,N/A,N/A,N/A,N/A,N/A,N/A,N/A,N/A,N/A,N/A,N/A,N/A,N/A,N/A,N/A,N/A,N/A,N/A,N/A,N/A,N/A,N/A,N/A,N/A,N/A,Siegfried Holding Point Bravo Foxtrot,N/A,N/A,N/A,N/A,N/A,N/A,N/A,N/A,N/A,N/A,N/A,N/A,N/A,N/A,N/A,N/A,N/A,N/A,FOXTROT,0.0,N/A,three one,0.0,N/A,holding point three one via Foxtrot cross runway zero four,0.0,N/A,N/A,N/A,N/A,N/A,N/A,Full stop,N/A,N/A,N/A,N/A,N/A,N/A,N/A,N/A,N/A,N/A,N/A,N/A,N/A,N/A,N/A,N/A,N/A,N/A,N/A,N/A,N/A,N/A,N/A,Sub Noise Marker,N/A,N/A,N/A,N/A,N/A,N/A,llm_confidence=0.95,0,"{""transcript"":""Siegfried Holding Point Bravo Foxtrot cross runway zero four full stop go ahead zero zero four"",""role"":""Controller"",""coarse_intent"":""Other"",""fine_intent"":""Other"",""dialogue_function"":""ATCO Other"",""slots"":{""slot_control_unit"":""Siegfried Holding Point Bravo Foxtrot"",""slot_restriction_type"":""Full stop"",""slot_reason_or_condition"":""go ahead""},""subslots"":{""sub_noise_marker"":""Sub Noise Marker""}}",0.0
LSZH_ZURICH_Tower_118_1MHz_20210413_080112.wav,Phi-4-multimodal-instruct + speech LoRA,wind check for runway one four three four degrees two knots,wind check for runway four three degrees two knots,True,ATC,ATC,1,Other,Information,0,Other,Information,0,ATCO Other,ATCO Information,0.0,N/A,N/A,N/A,N/A,N/A,N/A,N/A,14,0.0,N/A,N/A,N/A,N/A,N/A,N/A,N/A,N/A,N/A,slot_direction,N/A,N/A,N/A,N/A,N/A,N/A,N/A,N/A,N/A,N/A,N/A,N/A,N/A,N/A,N/A,N/A,N/A,N/A,N/A,N/A,N/A,N/A,N/A,N/A,N/A,N/A,N/A,N/A,N/A,N/A,N/A,N/A,ATC,ATC,1,N/A,A,0,slot_control_unit,tower,0.0,N/A,LSZH,0,N/A,LSZH (Zurich),0,N/A,118.1MHz,0,N/A,4/13/2021 8:01,0,N/A,N/A,N/A,N/A,AFOLT AGERI AKABI ALBIX ALINE AMIKI AMRUP ARGAX ARGEV ARTAG ATBAS BARIG BERSU BREGO DEGES DITON DONET DOPIL EDUMI EGABI EKRIT EKTUM ELMUR ENONO ENUSO ERMUS GARMO GERSA GIPOL IBILA KELIP KESEX KOLUL KUDIS KUSIX LAMAX LAPAG LAPDI LEDMI LUMEG MANEG MANID MATIV MILNI MOMOL MOSIT NEDOV NEMAG NOLKA OBEDU OLKEV OLNAV OMIDO OSNEM OSNOG RAMEM RAUTA RILAX RINLI RIPUS RISLI ROLSA ROMIR RONBA RONIX RUDSI SITOR SONGI SONOM SUBEX SUREP TADOB TINOX TITIX UMTOP URIGI URNAS UTIXO VEBIT VEDOK VIBAX VIBEV XANAL,0.0,N/A,N/A,N/A,N/A,N/A,N/A,N/A,N/A,N/A,N/A,N/A,N/A,N/A,N/A,N/A,N/A,N/A,N/A,N/A,N/A,N/A,N/A,N/A,N/A,slot_direction,N/A,N/A,N/A,N/A,N/A,N/A,N/A,N/A,N/A,N/A,N/A,N/A,N/A,N/A,N/A,N/A,N/A,N/A,N/A,N/A,slot_direction,N/A,N/A,N/A,N/A,N/A,slot_speed,N/A,N/A,N/A,N/A,N/A,N/A,N/A,N/A,N/A,N/A,N/A,N/A,N/A,N/A,N/A,N/A,N/A,slot_control_unit,N/A,N/A,N/A,N/A,N/A,information_type,wind information,0.0,wind check for runway four three degrees two knots,143 at 2 knots,0.0,N/A,N/A,N/A,N/A,N/A,N/A,N/A,N/A,N/A,N/A,N/A,N/A,N/A,N/A,N/A,N/A,N/A,N/A,N/A,N/A,N/A,N/A,N/A,N/A,N/A,N/A,N/A,N/A,N/A,N/A,N/A,N/A,N/A,N/A,N/A,N/A,N/A,N/A,N/A,N/A,N/A,N/A,N/A,N/A,N/A,N/A,N/A,N/A,N/A,N/A,N/A,N/A,llm_confidence=0.95,0,"{""transcript"":""wind check for runway four three degrees two knots"",""role"":""Controller"",""coarse_intent"":""Other"",""fine_intent"":""Other"",""dialogue_function"":""ATCO Other"",""slots"":{""slot_control_unit"":""slot_control_unit"",""slot_wind"":""slot_wind"",""slot_direction"":""slot_direction"",""slot_speed"":""slot_speed"",""information_type"":""information_type"",""information_value"":""wind check for runway four three degrees two knots""},""subslots"":{}}",0.125
LSZB_BERN_Approach_127_3MHz_20210414_090744.wav,Phi-4-multimodal-instruct + speech LoRA,Swiss Radar One Three Five Six Eight Zero next seven five zero eight bye bye,Swiss Radar one three five six eight zero next seven five zero eight bye bye,True,ATC,Other,0,Other,Other,1,Other,Simple respond,0,ATCO Other,N/A,N/A,N/A,N/A,N/A,N/A,N/A,N/A,N/A,N/A,N/A,N/A,N/A,N/A,N/A,N/A,N/A,N/A,N/A,N/A,N/A,N/A,N/A,N/A,N/A,N/A,N/A,N/A,N/A,N/A,N/A,N/A,N/A,N/A,N/A,N/A,N/A,N/A,N/A,N/A,N/A,N/A,N/A,N/A,N/A,N/A,N/A,N/A,N/A,N/A,N/A,N/A,N/A,ATC,Other,0,N/A,D,0,Swiss Radar,approach | radar,0.0,N/A,LSZB,0,N/A,LSZB (Bern),0,N/A,127.3MHz,0,N/A,4/14/2021 9:07,0,N/A,N/A,N/A,N/A,ABARI ALETO AMRID ARNOT ARVAN ASBER BADEP BALIR BASUD BELAR BENOT BERSU BIRKI BOMEC DEKAM DOPIL DOUCI EKTUM ERMUS ESEVA ETEKI GODRA GUDAX IXUDI KONOL KORED KUBOM LAMUR LARDO LASUN LEPLA LUMEL LUTIX MASAB MEBOX MONIN NAXOL NEMAG NEMOS NOLKA OBEDU OLBEN OSKUP RAMOK REVLI ROMOM ROTOS SOSAL SUREP TADOB TELNO ULMES UMTOP VADAR VALAD VEBIT,0.0,N/A,N/A,N/A,N/A,N/A,N/A,N/A,N/A,N/A,N/A,N/A,N/A,N/A,N/A,N/A,N/A,N/A,N/A,N/A,N/A,N/A,N/A,N/A,N/A,N/A,N/A,N/A,N/A,N/A,N/A,N/A,N/A,N/A,N/A,N/A,N/A,N/A,N/A,N/A,N/A,N/A,N/A,N/A,N/A,N/A,N/A,N/A,N/A,N/A,N/A,N/A,N/A,N/A,N/A,N/A,N/A,N/A,N/A,N/A,N/A,N/A,N/A,N/A,N/A,N/A,N/A,N/A,N/A,N/A,Swiss Radar,N/A,N/A,N/A,N/A,N/A,N/A,N/A,N/A,N/A,N/A,N/A,N/A,N/A,N/A,N/A,N/A,N/A,N/A,N/A,N/A,N/A,N/A,N/A,N/A,N/A,N/A,N/A,N/A,N/A,N/A,N/A,N/A,N/A,N/A,N/A,N/A,N/A,N/A,N/A,N/A,N/A,N/A,N/A,N/A,N/A,N/A,N/A,N/A,N/A,N/A,N/A,N/A,N/A,bye bye,bye,0.0,N/A,N/A,N/A,N/A,N/A,N/A,N/A,llm_confidence=0.0,0,"{""transcript"":""Swiss Radar one three five six eight zero next seven five zero eight bye bye"",""role"":""Controller"",""coarse_intent"":""Other"",""fine_intent"":""Other"",""dialogue_function"":""ATCO Other"",""slots"":{""slot_control_unit"":""Swiss Radar""},""subslots"":{""sub_greeting_phrase"":""bye bye""}}",0.07692307692307693
YSSY_SYDNEY_Tower_120_5MHz_20210503_055244.wav,Phi-4-multimodal-instruct + speech LoRA,tower Bauhinia Two Zero One Seven established ILS three four left,tower tower bohnia two zero one seven stand salle s three four left,True,Pilot,Pilot,1,Other,Other,1,Other,Readback,0,ATCO Other,Pilot Status Report,0.0,N/A,Bauhinia,0.0,N/A,2017,0.0,N/A,34,0.0,N/A,N/A,N/A,N/A,N/A,N/A,N/A,N/A,N/A,N/A,left,0.0,s3,N/A,N/A,N/A,N/A,N/A,N/A,N/A,N/A,N/A,N/A,N/A,N/A,N/A,N/A,N/A,N/A,N/A,N/A,N/A,N/A,N/A,N/A,N/A,N/A,Bauhinia Two Zero One Seven,0.0,N/A,CRK2017,0.0,Pilot,Pilot,1,N/A,B,0,tower,tower,1.0,N/A,YSSY,0,N/A,YSSY (Sydney),0,N/A,120.5MHz,0,N/A,5/3/2021 5:52,0,N/A,N/A,N/A,N/A,ABBEY ANKUB ATRET BEROW BIGEM BIKUS BOBIG BOOGI BUVLO CLIFF COONY CORDO DALAR DEENA DIPPA DUDOK DUMOP DUNES ENDEV ENKAS ENTRA FISHA GOMUB HALAS HOOKS IGALA ISMER JAKLN JELLI JENTL JULIA KABLO KAMBA KAMPI KEVIN LANOL LISHA MAJAR MANFA MARKY MARUB MITSA NASHO NESSY NOBAR NOLEM OLSOG OVILS PEBRA PEGBA POSTY PRAWN RAKSO RENAM RISOL SBKWA SBKWB SBKWF SBKWH SBKWI SBKWM SCNWF SCNWH SCNWM SHORE SOSIJ SRIEA SRIEB SRIEF SRIEH SRIEI SRIEM SRIWF SRIWG SRIWH SRIWI SRIWM SSYEF SSYEH SSYEM SSYNF SSYNH SSYNI SSYNM SSYSF SSYSH SSYSM SSYWF SSYWH SSYWM SUZAN SYDNF SYDNH SYDNM SYDSF SYDSH SYDSM SYRBB SYRCC SYRDD SYRFF SYRGG TAMMI TESAT TONTO TONUX URDEN UXAMA VENUL VIDIK VOSSI WHALE WOLNA WOLNC WOLND WOLNF WOLNI ZONKA,0.0,N/A,N/A,N/A,stand,N/A,N/A,N/A,N/A,N/A,N/A,N/A,N/A,N/A,N/A,N/A,N/A,N/A,N/A,N/A,N/A,N/A,N/A,N/A,N/A,N/A,N/A,N/A,N/A,N/A,N/A,N/A,N/A,N/A,N/A,N/A,N/A,N/A,N/A,N/A,N/A,N/A,N/A,N/A,N/A,N/A,N/A,N/A,N/A,N/A,N/A,N/A,N/A,N/A,N/A,N/A,N/A,N/A,N/A,N/A,N/A,N/A,N/A,N/A,N/A,N/A,N/A,N/A,N/A,N/A,tower,N/A,N/A,N/A,N/A,N/A,Noise Marker,N/A,N/A,Non-English,N/A,N/A,N/A,ILS,0.0,N/A,N/A,N/A,N/A,N/A,N/A,N/A,N/A,N/A,N/A,N/A,N/A,N/A,N/A,N/A,N/A,N/A,N/A,N/A,N/A,N/A,N/A,N/A,N/A,N/A,N/A,N/A,N/A,N/A,N/A,N/A,established,0.0,N/A,Bauhinia Two Zero One Seven established ILS three four left,0.0,N/A,N/A,N/A,N/A,N/A,N/A,N/A,N/A,N/A,Noise Marker,N/A,N/A,N/A,llm_confidence=0.975,0,"{""transcript"":""tower tower bohnia two zero one seven stand salle s three four left"",""role"":""Pilot"",""coarse_intent"":""Other"",""fine_intent"":""Other"",""dialogue_function"":""ATCO Other"",""slots"":{""slot_control_unit"":""tower"",""slot_procedure"":""stand"",""planned_route"":""s3"",""information_type"":""Noise Marker"",""information_value"":""Non-English""},""subslots"":{""sub_nonenglish_marker"":""Noise Marker""}}",0.18181818181818182
LKTB_BRNO_Approach-Radar_127_350MHz_20201029_101954.wav,Phi-4-multimodal-instruct + speech LoRA,Sierra Papa Foxtrot Lima Foxtrot contact Wien Radar one two five decimal one seven five good bye,Sierra Papa Foxtrot Lima Foxtrot contact Vienna radar one two five decimal one seven five good bye,True,ATC,Other,0,Other,Command,0,Other,Transfer,0,ATCO Other,N/A,N/A,N/A,N/A,N/A,N/A,N/A,N/A,N/A,N/A,N/A,N/A,N/A,N/A,N/A,125.175,0.0,N/A,N/A,N/A,N/A,N/A,N/A,N/A,N/A,N/A,N/A,N/A,N/A,N/A,N/A,N/A,N/A,N/A,N/A,N/A,N/A,N/A,N/A,N/A,N/A,N/A,N/A,N/A,N/A,N/A,N/A,N/A,N/A,N/A,N/A,N/A,N/A,ATC,Other,0,N/A,B,0,Vienna radar 125.175,approach | radar,0.0,N/A,LKTB,0,N/A,LKTB (Brno Turany),0,N/A,127.350MHz,0,N/A,10/29/2020 10:19,0,N/A,N/A,N/A,N/A,N/A,N/A,N/A,N/A,N/A,N/A,N/A,N/A,N/A,N/A,N/A,N/A,N/A,N/A,N/A,N/A,N/A,N/A,N/A,N/A,N/A,N/A,N/A,N/A,N/A,N/A,N/A,N/A,N/A,N/A,N/A,N/A,N/A,N/A,N/A,N/A,N/A,N/A,N/A,N/A,N/A,N/A,N/A,N/A,N/A,N/A,N/A,N/A,N/A,N/A,N/A,N/A,N/A,N/A,N/A,N/A,N/A,N/A,N/A,N/A,N/A,N/A,N/A,N/A,N/A,N/A,N/A,N/A,Contact,contact,1.0,Vienna radar 125.175,N/A,N/A,N/A,N/A,N/A,Contact,N/A,N/A,Sierra Papa Foxtrot Lima Foxtrot,N/A,N/A,N/A,N/A,N/A,N/A,N/A,N/A,N/A,N/A,N/A,N/A,N/A,N/A,N/A,N/A,N/A,N/A,N/A,N/A,N/A,N/A,N/A,Contact,N/A,N/A,N/A,N/A,N/A,N/A,N/A,N/A,N/A,N/A,N/A,N/A,N/A,N/A,N/A,N/A,N/A,N/A,N/A,N/A,N/A,bye,0.0,N/A,N/A,N/A,N/A,N/A,N/A,N/A,llm_confidence=0.0,0,"{""transcript"":""Sierra Papa Foxtrot Lima Foxtrot contact Vienna radar one two five decimal one seven five good bye"",""role"":""Controller"",""coarse_intent"":""Other"",""fine_intent"":""Other"",""dialogue_function"":""ATCO Other"",""slots"":{""slot_control_unit"":""Vienna radar 125.175"",""slot_restriction_type"":""Contact"",""information_type"":""Contact"",""information_value"":""Sierra Papa Foxtrot Lima Foxtrot""},""subslots"":{""sub_contact_keyword"":""Contact"",""sub_contact_unit"":""Vienna radar 125.175""}}",0.07142857142857142
YSSY_SYDNEY_Tower_120_5MHz_20210502_235050.wav,Phi-4-multimodal-instruct + speech LoRA,tower Viet Nam Seven Seven Three good morning Viet Nam Seven Seven Three heavy Sydney tower good morning continue approach threshold wind two seven zero degrees seven knots,Vietnam Seven Seven Three Heavy City tower good morning continue approach threshold wind two seven zero degrees seven knots,True,Pilot,Pilot,1,Information,Other,0,Information,Other,0,ATCO Information,Pilot Response,0.0,N/A,N/A,N/A,N/A,N/A,N/A,N/A,N/A,N/A,N/A,N/A,N/A,N/A,N/A,N/A,N/A,N/A,N/A,7,N/A,N/A,N/A,N/A,N/A,N/A,N/A,N/A,N/A,N/A,N/A,N/A,N/A,N/A,N/A,N/A,N/A,N/A,N/A,N/A,N/A,N/A,N/A,N/A,N/A,N/A,N/A,N/A,N/A,N/A,N/A,N/A,Pilot,Pilot,1,N/A,B | A,0,Tower,tower | approach | tower,0.0,N/A,YSSY,0,N/A,YSSY (Sydney),0,N/A,120.5MHz,0,N/A,5/2/2021 23:50,0,N/A,N/A,N/A,N/A,ABBEY ANKUB ATRET BEROW BIGEM BIKUS BOBIG BOOGI BUVLO CLIFF COONY CORDO DALAR DEENA DIPPA DUDOK DUMOP DUNES ENDEV ENKAS ENTRA FISHA GOMUB HALAS HOOKS IGALA ISMER JAKLN JELLI JENTL JULIA KABLO KAMBA KAMPI KEVIN LANOL LISHA MAJAR MANFA MARKY MARUB MITSA NASHO NESSY NOBAR NOLEM OLSOG OVILS PEBRA PEGBA POSTY PRAWN RAKSO RENAM RISOL SBKWA SBKWB SBKWF SBKWH SBKWI SBKWM SCNWF SCNWH SCNWM SHORE SOSIJ SRIEA SRIEB SRIEF SRIEH SRIEI SRIEM SRIWF SRIWG SRIWH SRIWI SRIWM SSYEF SSYEH SSYEM SSYNF SSYNH SSYNI SSYNM SSYSF SSYSH SSYSM SSYWF SSYWH SSYWM SUZAN SYDNF SYDNH SYDNM SYDSF SYDSH SYDSM SYRBB SYRCC SYRDD SYRFF SYRGG TAMMI TESAT TONTO TONUX URDEN UXAMA VENUL VIDIK VOSSI WHALE WOLNA WOLNC WOLND WOLNF WOLNI ZONKA,0.0,N/A,N/A,N/A,N/A,N/A,N/A,N/A,N/A,N/A,N/A,N/A,N/A,N/A,N/A,N/A,N/A,N/A,N/A,N/A,N/A,N/A,N/A,N/A,N/A,7,N/A,N/A,N/A,N/A,N/A,N/A,N/A,N/A,N/A,N/A,N/A,N/A,threshold wind 270 at 7 knots,0.0,N/A,N/A,N/A,N/A,N/A,N/A,7,N/A,N/A,speed 7.0,N/A,N/A,7.0,N/A,N/A,N/A,N/A,N/A,N/A,N/A,N/A,N/A,N/A,N/A,N/A,N/A,N/A,N/A,N/A,N/A,Tower,N/A,N/A,N/A,N/A,N/A,N/A,Weather,0.0,N/A,wind two seven zero degrees seven knots,0.0,N/A,N/A,N/A,N/A,N/A,N/A,N/A,N/A,N/A,N/A,N/A,N/A,N/A,N/A,N/A,N/A,N/A,N/A,N/A,N/A,N/A,N/A,N/A,N/A,Heavy,N/A,N/A,N/A,N/A,N/A,N/A,N/A,N/A,N/A,N/A,N/A,N/A,N/A,N/A,N/A,N/A,N/A,N/A,good morning,0.0,N/A,N/A,N/A,N/A,N/A,N/A,N/A,llm_confidence=0.75,0,"{""transcript"":""Vietnam Seven Seven Three Heavy City tower good morning continue approach threshold wind two seven zero degrees seven knots"",""role"":""Pilot"",""coarse_intent"":""Information"",""fine_intent"":""Information"",""dialogue_function"":""ATCO Information"",""slots"":{""slot_control_unit"":""Tower"",""slot_wind"":""270"",""slot_direction"":""7"",""slot_speed"":""7.0"",""slot_clearance_type"":""Information"",""restriction_condition"":""Heavy""},""subslots"":{""sub_wind_action"":""wind 270/7.0"",""sub_speed_action"":""speed 7.0""}}",0.11764705882352941
LSZB_BERN_Tower_121_0MHz_20210413_123724.wav,Phi-4-multimodal-instruct + speech LoRA,Hotel Golf Oscar wind zero seven zero degrees one zero knots runway one four cleared touch and go,N/A,False,N/A,ATC,0,N/A,Information,0,N/A,Information,0,N/A,ATCO Information,0.0,N/A,N/A,N/A,N/A,N/A,N/A,N/A,14,0.0,N/A,N/A,N/A,N/A,N/A,N/A,N/A,N/A,N/A,N/A,N/A,N/A,N/A,N/A,N/A,N/A,N/A,N/A,N/A,N/A,N/A,N/A,N/A,N/A,N/A,N/A,N/A,N/A,N/A,N/A,N/A,N/A,N/A,N/A,N/A,N/A,N/A,N/A,N/A,N/A,N/A,N/A,N/A,ATC,0,N/A,A,0,N/A,tower,0.0,N/A,LSZB,0,N/A,LSZB (Bern),0,N/A,121.0MHz,0,N/A,4/13/2021 12:37,0,N/A,N/A,N/A,N/A,ABARI ALETO AMRID ARNOT ARVAN ASBER BADEP BALIR BASUD BELAR BENOT BERSU BIRKI BOMEC DEKAM DOPIL DOUCI EKTUM ERMUS ESEVA ETEKI GODRA GUDAX IXUDI KONOL KORED KUBOM LAMUR LARDO LASUN LEPLA LUMEL LUTIX MASAB MEBOX MONIN NAXOL NEMAG NEMOS NOLKA OBEDU OLBEN OSKUP RAMOK REVLI ROMOM ROTOS SOSAL SUREP TADOB TELNO ULMES UMTOP VADAR VALAD VEBIT,0.0,N/A,N/A,N/A,N/A,N/A,N/A,N/A,N/A,N/A,N/A,general clearance,0.0,N/A,N/A,N/A,N/A,N/A,N/A,N/A,N/A,N/A,N/A,N/A,N/A,N/A,N/A,N/A,N/A,N/A,N/A,N/A,N/A,N/A,N/A,N/A,N/A,N/A,N/A,N/A,N/A,N/A,N/A,N/A,N/A,N/A,N/A,N/A,N/A,N/A,N/A,N/A,N/A,N/A,N/A,N/A,N/A,N/A,N/A,N/A,N/A,N/A,N/A,N/A,N/A,N/A,N/A,N/A,N/A,N/A,N/A,N/A,N/A,N/A,N/A,N/A,N/A,wind and runway information,0.0,N/A,wind 070/10,0.0,N/A,N/A,N/A,N/A,N/A,N/A,N/A,N/A,N/A,N/A,N/A,N/A,N/A,N/A,N/A,N/A,N/A,N/A,N/A,N/A,N/A,N/A,N/A,N/A,N/A,N/A,N/A,N/A,N/A,N/A,N/A,N/A,N/A,N/A,N/A,N/A,N/A,N/A,N/A,N/A,N/A,N/A,N/A,N/A,N/A,N/A,N/A,N/A,N/A,N/A,N/A,N/A,needs_manual_review=True | llm_confidence=0.65,0,"{""transcript"":""Hotel Golf Oscar wind zero seven zero degrees one zero knots runway one four cleared touch and go"",""role"":""Controller"",""coarse_intent"":""Clearance"",""fine_intent"":""ATCO Clearance"",""dialogue_function"":""ATCO Clearance"",""slots"":{""slot_callsign_code"":""HGOS"",""slot_callsign_spoken"":""Hotel Golf Oscar"",""slot_action"":""Oscar"",""slot_runway"":""14"",""slot_control_unit"":""tower"",""slot_clearance_type"":""general clearance"",""clearance_limit"":null,""procedure_assignment_keyword"":null,""route_in_out_point"":null,""procedure_name"":null,""position_report"":null,""requested_item"":null,""information_type"":""wind information"",""information_value"":""wind zero seven zero degrees one zero knots"",""restriction_condition"":null,""arrival_route"":null,""departure_route"":null,""landing_condition"":null,""stand_gate"":null,""surface_route"":null,""takeoff_condition"":null,""stand_gate"":null,""surface_route"":null,""takeoff_condition"":null,""stand_gate"":null,""surface_route"":null,""takeoff_condition"":null,""stand_gate"":null,""surface_route"":null,""takeoff_condition"":null,""stand_gate"":null,""surface_route"":null,""takeoff_condition"":null,""stand_gate"":null,""surface_route"":null,""takeoff_condition"":null,""stand_gate"":null,""surface_route"":null,""takeoff_condition"":null,""stand_gate"":null,""surface_route"":null,""takeoff_condition"":null,""stand_gate"":null,""surface_route"":null,""takeoff_condition"":null,""stand_gate"":null,""surface_route"":null,""takeoff_condition"":null,""stand_gate"":null,""surface_route"":null,""takeoff_condition"":null,""stand_gate"":null,""surface_route"":null,""takeoff_condition"":null,""stand_gate"":null,""surface_route"":null,""takeoff_condition"":null,""stand_gate"":null,""surface_route"":null,""takeoff_condition"":null,""stand_gate"":null,""surface_route"":null,""takeoff_condition"":null,""stand_gate"":null,""surface_route"":null,""takeoff_condition"":null,""stand_gate"":null,""surface_route"":null,""takeoff_condition"":null,""stand_gate"":null,""surface_route"":null,""takeoff_condition"":null,""stand_gate"":null,""surface_route"":null,""takeoff_condition"":null,""stand_gate"":null,""surface_route"":null,""takeoff_condition"":null,""stand_gate"":null,""surface_route"":null,""takeoff_condition"":null,""stand_gate"":null,""surface_route"":",0.0
LSZB_BERN_Tower_121_0MHz_20210423_091530.wav,Phi-4-multimodal-instruct + speech LoRA,Zulu Sierra go ahead are you aware that you're now inside the CTR of Berne,Are you ready that you're now inside the city of Bern,True,ATC,Other,0,Information,Other,0,Information,Other,0,ATCO Information,N/A,N/A,N/A,N/A,N/A,N/A,N/A,N/A,N/A,N/A,N/A,N/A,N/A,N/A,N/A,N/A,N/A,N/A,N/A,N/A,N/A,N/A,N/A,LSJ,N/A,N/A,N/A,N/A,N/A,N/A,N/A,N/A,N/A,N/A,N/A,N/A,N/A,N/A,N/A,N/A,N/A,N/A,N/A,N/A,N/A,N/A,N/A,N/A,N/A,N/A,N/A,N/A,N/A,ATC,Other,0,N/A,D | A,0,LSJ,tower,0.0,N/A,LSZB,0,N/A,LSZB (Bern),0,N/A,121.0MHz,0,N/A,4/23/2021 9:15,0,N/A,N/A,N/A,N/A,ABARI ALETO AMRID ARNOT ARVAN ASBER BADEP BALIR BASUD BELAR BENOT BERSU BIRKI BOMEC DEKAM DOPIL DOUCI EKTUM ERMUS ESEVA ETEKI GODRA GUDAX IXUDI KONOL KORED KUBOM LAMUR LARDO LASUN LEPLA LUMEL LUTIX MASAB MEBOX MONIN NAXOL NEMAG NEMOS NOLKA OBEDU OLBEN OSKUP RAMOK REVLI ROMOM ROTOS SOSAL SUREP TADOB TELNO ULMES UMTOP VADAR VALAD VEBIT,0.0,N/A,N/A,N/A,N/A,N/A,N/A,N/A,N/A,N/A,N/A,N/A,N/A,N/A,N/A,N/A,N/A,N/A,N/A,N/A,N/A,N/A,N/A,N/A,N/A,N/A,N/A,N/A,N/A,N/A,N/A,N/A,N/A,N/A,N/A,N/A,N/A,N/A,N/A,N/A,N/A,N/A,N/A,N/A,N/A,N/A,N/A,N/A,N/A,N/A,N/A,N/A,N/A,N/A,N/A,N/A,N/A,N/A,N/A,N/A,N/A,N/A,N/A,N/A,N/A,N/A,N/A,N/A,N/A,N/A,LSJ,N/A,N/A,N/A,N/A,N/A,Position Report,N/A,N/A,LSJ,N/A,N/A,N/A,N/A,N/A,N/A,N/A,N/A,N/A,N/A,N/A,N/A,N/A,N/A,N/A,N/A,N/A,N/A,N/A,N/A,N/A,N/A,N/A,N/A,N/A,N/A,N/A,N/A,N/A,N/A,N/A,N/A,N/A,N/A,N/A,N/A,N/A,N/A,LSJ,N/A,N/A,N/A,N/A,N/A,N/A,N/A,N/A,N/A,N/A,N/A,N/A,N/A,N/A,N/A,llm_confidence=0.3333333333333333,0,"{""transcript"":""Are you ready that you're now inside the city of Bern"",""role"":""Controller"",""coarse_intent"":""Information"",""fine_intent"":""Information"",""dialogue_function"":""ATCO Information"",""slots"":{""slot_control_unit"":""LSJ"",""planned_route"":""LSJ"",""position_report"":""LSJ"",""information_type"":""Position Report"",""information_value"":""LSJ""},""subslots"":{}}",0.0
YSSY_SYDNEY_Tower_120_5MHz_20210502_074234.wav,Phi-4-multimodal-instruct + speech LoRA,[#unnamed]roger[/#unnamed] [#command]cleared[/#command] [#command]to[/#command] [#command]land[/#command] [#value]runway[/#value] [#value]three[/#value] [#value]four[/#value] [#value]left[/#value] [hes] [#command]exit[/#command] [hes] [#value]on[/#value] [#value]the[/#value] [#value]high[/#value] [#value]speed[/#value] [#value]on[/#value] [#value]right[/#value],Cleared to land runway three four left exit on the high speed on the right,True,ATC,Other,0,Clearance,Clearance,1,ATCO Clearance,Landing,0,ATCO Clearance,N/A,N/A,N/A,N/A,N/A,N/A,N/A,N/A,slot_runway,34L,0.0,N/A,N/A,N/A,N/A,N/A,N/A,N/A,N/A,N/A,N/A,left | right,0.0,N/A,N/A,N/A,N/A,N/A,N/A,N/A,N/A,N/A,N/A,N/A,N/A,N/A,roger,0.0,N/A,land,0.0,N/A,N/A,N/A,N/A,N/A,N/A,N/A,N/A,N/A,N/A,N/A,N/A,ATC,Other,0,N/A,D,0,slot_control_unit,tower,0.0,N/A,YSSY,0,N/A,YSSY (Sydney),0,N/A,120.5MHz,0,N/A,5/2/2021 7:42,0,N/A,N/A,N/A,N/A,ABBEY ANKUB ATRET BEROW BIGEM BIKUS BOBIG BOOGI BUVLO CLIFF COONY CORDO DALAR DEENA DIPPA DUDOK DUMOP DUNES ENDEV ENKAS ENTRA FISHA GOMUB HALAS HOOKS IGALA ISMER JAKLN JELLI JENTL JULIA KABLO KAMBA KAMPI KEVIN LANOL LISHA MAJAR MANFA MARKY MARUB MITSA NASHO NESSY NOBAR NOLEM OLSOG OVILS PEBRA PEGBA POSTY PRAWN RAKSO RENAM RISOL SBKWA SBKWB SBKWF SBKWH SBKWI SBKWM SCNWF SCNWH SCNWM SHORE SOSIJ SRIEA SRIEB SRIEF SRIEH SRIEI SRIEM SRIWF SRIWG SRIWH SRIWI SRIWM SSYEF SSYEH SSYEM SSYNF SSYNH SSYNI SSYNM SSYSF SSYSH SSYSM SSYWF SSYWH SSYWM SUZAN SYDNF SYDNH SYDNM SYDSF SYDSH SYDSM SYRBB SYRCC SYRDD SYRFF SYRGG TAMMI TESAT TONTO TONUX URDEN UXAMA VENUL VIDIK VOSSI WHALE WOLNA WOLNC WOLND WOLNF WOLNI ZONKA,0.0,N/A,N/A,N/A,N/A,N/A,N/A,slot_runway,34L,0.0,sub_clearance_keyword,landing clearance,0.0,N/A,N/A,N/A,N/A,N/A,N/A,N/A,N/A,N/A,N/A,N/A,N/A,N/A,N/A,N/A,N/A,N/A,N/A,N/A,N/A,N/A,N/A,N/A,N/A,N/A,N/A,N/A,N/A,N/A,N/A,N/A,N/A,N/A,N/A,N/A,N/A,sub_speed_action,N/A,N/A,N/A,N/A,N/A,N/A,N/A,N/A,N/A,N/A,N/A,slot_action,N/A,N/A,N/A,N/A,N/A,N/A,N/A,N/A,slot_control_unit,N/A,N/A,N/A,N/A,N/A,N/A,N/A,N/A,N/A,N/A,N/A,N/A,N/A,N/A,N/A,N/A,N/A,N/A,N/A,N/A,N/A,N/A,N/A,N/A,N/A,N/A,N/A,exit,0.0,N/A,high speed on right,0.0,slot_restriction_type,N/A,N/A,N/A,N/A,N/A,N/A,N/A,N/A,N/A,N/A,N/A,N/A,N/A,N/A,N/A,N/A,N/A,N/A,roger,0.0,N/A,N/A,N/A,sub_noise_marker,N/A,N/A,sub_nonenglish_marker,N/A,N/A,N/A,hesitation_marker | needs_manual_review=True | llm_confidence=0.6166666666666667,0,"{""transcript"":""Cleared to land runway three four left exit on the high speed on the right"",""role"":""Controller"",""coarse_intent"":""Clearance"",""fine_intent"":""ATCO Clearance"",""dialogue_function"":""ATCO Clearance"",""slots"":{""slot_action"":""slot_action"",""slot_runway"":""slot_runway"",""slot_control_unit"":""slot_control_unit"",""slot_clearance_type"":""slot_clearance_type"",""slot_restriction_type"":""slot_restriction_type"",""slot_reason_or_condition"":""slot_reason_or_condition""},""subslots"":{""sub_clearance_keyword"":""sub_clearance_keyword"",""sub_noise_marker"":""sub_noise_marker"",""sub_nonenglish_marker"":""sub_nonenglish_marker"",""sub_speed_action"":""sub_speed_action""}}",0.047619047619047616
LSZB_BERN_Tower_121_0MHz_20210424_130512.wav,Phi-4-multimodal-instruct + speech LoRA,Hotel Bravo Juliett [hes] traffic a husky is approaching Gerzensee right now behind you and same direction,Hotel Bravo Juliett traffic Husky is approaching here today right now behind you and same direction,True,ATC,ATC,1,Information,Command,0,ATCO Information,Flight route,0,ATCO Information,ATCO Instruction,0.0,N/A,N/A,N/A,N/A,N/A,N/A,N/A,N/A,N/A,N/A,N/A,N/A,N/A,N/A,N/A,N/A,N/A,N/A,same direction,right,0.0,N/A,N/A,N/A,N/A,N/A,N/A,N/A,N/A,N/A,N/A,N/A,N/A,N/A,N/A,N/A,N/A,N/A,N/A,N/A,N/A,N/A,N/A,N/A,N/A,N/A,N/A,N/A,N/A,N/A,N/A,ATC,ATC,1,N/A,A,0,Hotel Bravo Juliett,approach | tower,0.0,N/A,LSZB,0,N/A,LSZB (Bern),0,N/A,121.0MHz,0,N/A,4/24/2021 13:05,0,N/A,N/A,N/A,N/A,ABARI ALETO AMRID ARNOT ARVAN ASBER BADEP BALIR BASUD BELAR BENOT BERSU BIRKI BOMEC DEKAM DOPIL DOUCI EKTUM ERMUS ESEVA ETEKI GODRA GUDAX IXUDI KONOL KORED KUBOM LAMUR LARDO LASUN LEPLA LUMEL LUTIX MASAB MEBOX MONIN NAXOL NEMAG NEMOS NOLKA OBEDU OLBEN OSKUP RAMOK REVLI ROMOM ROTOS SOSAL SUREP TADOB TELNO ULMES UMTOP VADAR VALAD VEBIT,0.0,N/A,N/A,N/A,N/A,N/A,N/A,N/A,N/A,N/A,N/A,N/A,N/A,N/A,N/A,N/A,N/A,N/A,N/A,N/A,N/A,N/A,N/A,N/A,N/A,same direction,N/A,N/A,N/A,N/A,N/A,N/A,N/A,N/A,N/A,N/A,N/A,N/A,N/A,N/A,N/A,N/A,N/A,N/A,N/A,N/A,same direction,N/A,N/A,N/A,N/A,N/A,N/A,N/A,N/A,N/A,N/A,N/A,N/A,N/A,N/A,Information,direct,0.0,N/A,N/A,N/A,N/A,N/A,N/A,Hotel Bravo Juliett,N/A,N/A,N/A,N/A,N/A,traffic advisory,traffic_advisory,1.0,traffic Husky is approaching here today right now behind you,a husky is approaching Gerzensee right now behind you and same direction,0.0,N/A,N/A,N/A,N/A,N/A,N/A,N/A,N/A,N/A,N/A,N/A,N/A,N/A,N/A,N/A,N/A,N/A,N/A,N/A,N/A,N/A,N/A,N/A,N/A,N/A,traffic a husky is approaching Gerzensee right now behind you,0.0,N/A,N/A,N/A,N/A,N/A,N/A,N/A,N/A,N/A,N/A,N/A,N/A,N/A,N/A,N/A,N/A,N/A,N/A,N/A,N/A,N/A,N/A,N/A,N/A,N/A,hesitation_marker | needs_manual_review=True | llm_confidence=0.75,0,"{""transcript"":""Hotel Bravo Juliett traffic Husky is approaching here today right now behind you and same direction"",""role"":""Controller"",""coarse_intent"":""Information"",""fine_intent"":""ATCO Information"",""dialogue_function"":""ATCO Information"",""slots"":{""slot_control_unit"":""Hotel Bravo Juliett"",""slot_direction"":""same direction"",""information_type"":""traffic advisory"",""information_value"":""traffic Husky is approaching here today right now behind you""},""subslots"":{""sub_route_action"":""Information""}}",0.16666666666666666
LSZH_ZURICH_ApronS_121_75MHz_20210414_080706.wav,Phi-4-multimodal-instruct + speech LoRA,Turkish Six Foxtrot Lima is in hello taxi second right via inner foxtrot and mike to stand bravo three two,tower taxi six six foxtrot lee maiten hello taxi second right via inner foxtrot and mike to stand bravo three two,True,Pilot,ATC,0,Other,Command,0,Other,Flight route,0,ATCO Other,ATCO Instruction,0.0,N/A,Turkish,0.0,N/A,6FL,0.0,N/A,N/A,N/A,N/A,N/A,N/A,N/A,N/A,N/A,N/A,taxi,0.0,N/A,right,0.0,N/A,via INNER FOXTROT and MIKE to BRavo THREE TWO,0.0,N/A,N/A,N/A,N/A,N/A,N/A,via inner foxtrot and mike,N/A,N/A,N/A,N/A,N/A,N/A,N/A,N/A,N/A,N/A,N/A,N/A,N/A,N/A,N/A,Turkish Six Foxtrot Lima,0.0,N/A,THY6FL,0.0,Pilot,ATC,0,N/A,A,0,tower,apron,0.0,N/A,LSZH,0,N/A,LSZH (Zurich),0,N/A,121.75MHz,0,N/A,4/14/2021 8:07,0,N/A,N/A,N/A,N/A,AFOLT AGERI AKABI ALBIX ALINE AMIKI AMRUP ARGAX ARGEV ARTAG ATBAS BARIG BERSU BREGO DEGES DITON DONET DOPIL EDUMI EGABI EKRIT EKTUM ELMUR ENONO ENUSO ERMUS GARMO GERSA GIPOL IBILA KELIP KESEX KOLUL KUDIS KUSIX LAMAX LAPAG LAPDI LEDMI LUMEG MANEG MANID MATIV MILNI MOMOL MOSIT NEDOV NEMAG NOLKA OBEDU OLKEV OLNAV OMIDO OSNEM OSNOG RAMEM RAUTA RILAX RINLI RIPUS RISLI ROLSA ROMIR RONBA RONIX RUDSI SITOR SONGI SONOM SUBEX SUREP TADOB TINOX TITIX UMTOP URIGI URNAS UTIXO VEBIT VEDOK VIBAX VIBEV XANAL,0.0,N/A,N/A,N/A,N/A,N/A,N/A,N/A,N/A,N/A,N/A,N/A,N/A,N/A,N/A,N/A,N/A,N/A,N/A,N/A,N/A,N/A,N/A,N/A,N/A,N/A,N/A,N/A,bravo three two,bravo three two,1.0,N/A,N/A,N/A,N/A,N/A,N/A,N/A,N/A,N/A,N/A,N/A,N/A,N/A,N/A,N/A,N/A,N/A,N/A,N/A,N/A,N/A,N/A,N/A,N/A,N/A,N/A,N/A,N/A,N/A,N/A,N/A,taxi,0.0,N/A,N/A,N/A,N/A,N/A,N/A,tower,N/A,N/A,N/A,N/A,N/A,N/A,N/A,N/A,N/A,N/A,N/A,N/A,N/A,N/A,N/A,N/A,N/A,second right,INNER,0.0,N/A,N/A,N/A,N/A,second right via INNER FOXTROT and MIKE to stand BRAVO THREE TWO,0.0,N/A,N/A,N/A,N/A,N/A,N/A,N/A,N/A,N/A,N/A,N/A,N/A,N/A,N/A,N/A,N/A,N/A,N/A,N/A,N/A,N/A,N/A,N/A,N/A,N/A,N/A,N/A,hello,hello,1.0,N/A,N/A,N/A,Other,N/A,N/A,N/A,llm_confidence=0.9666666666666668,0,"{""transcript"":""tower taxi six six foxtrot lee maiten hello taxi second right via inner foxtrot and mike to stand bravo three two"",""role"":""Pilot"",""coarse_intent"":""Other"",""fine_intent"":""Other"",""dialogue_function"":""ATCO Other"",""slots"":{""slot_control_unit"":""tower"",""slot_taxiway"":""second right"",""slot_qnh"":""via inner foxtrot and mike"",""stand_gate"":""bravo three two""},""subslots"":{""sub_greeting_phrase"":""hello"",""sub_nonenglish_marker"":""Other""}}",0.08
LSZB_BERN_Approach_127_3MHz_20210419_091544.wav,Phi-4-multimodal-instruct + speech LoRA,Hotel Quebec Yankee crossing completed frequency change approved good bye,N/A,False,N/A,ATC,0,N/A,Other,0,N/A,Simple respond,0,N/A,ATCO Other,0.0,N/A,N/A,N/A,N/A,N/A,N/A,N/A,N/A,N/A,N/A,N/A,N/A,N/A,N/A,N/A,N/A,N/A,N/A,N/A,N/A,N/A,N/A,N/A,N/A,N/A,N/A,N/A,N/A,N/A,N/A,N/A,N/A,N/A,N/A,N/A,N/A,N/A,N/A,N/A,N/A,N/A,N/A,N/A,N/A,N/A,N/A,N/A,N/A,N/A,N/A,N/A,N/A,ATC,0,N/A,A,0,N/A,approach,0.0,N/A,LSZB,0,N/A,LSZB (Bern),0,N/A,127.3MHz,0,N/A,4/19/2021 9:15,0,N/A,N/A,N/A,N/A,ABARI ALETO AMRID ARNOT ARVAN ASBER BADEP BALIR BASUD BELAR BENOT BERSU BIRKI BOMEC DEKAM DOPIL DOUCI EKTUM ERMUS ESEVA ETEKI GODRA GUDAX IXUDI KONOL KORED KUBOM LAMUR LARDO LASUN LEPLA LUMEL LUTIX MASAB MEBOX MONIN NAXOL NEMAG NEMOS NOLKA OBEDU OLBEN OSKUP RAMOK REVLI ROMOM ROTOS SOSAL SUREP TADOB TELNO ULMES UMTOP VADAR VALAD VEBIT,0.0,N/A,N/A,N/A,N/A,N/A,N/A,N/A,N/A,N/A,N/A,N/A,N/A,N/A,N/A,N/A,N/A,N/A,N/A,N/A,N/A,N/A,N/A,N/A,N/A,N/A,N/A,N/A,N/A,N/A,N/A,N/A,N/A,N/A,N/A,N/A,N/A,N/A,N/A,N/A,N/A,N/A,N/A,N/A,N/A,N/A,N/A,N/A,N/A,N/A,N/A,N/A,N/A,N/A,N/A,N/A,N/A,N/A,N/A,N/A,N/A,N/A,N/A,N/A,N/A,N/A,N/A,N/A,N/A,N/A,N/A,N/A,N/A,N/A,change,0.0,N/A,frequency change approval,0.0,N/A,frequency change approved,0.0,N/A,N/A,N/A,N/A,N/A,N/A,N/A,N/A,N/A,N/A,N/A,N/A,N/A,N/A,N/A,N/A,N/A,N/A,N/A,N/A,N/A,N/A,N/A,N/A,N/A,N/A,N/A,N/A,N/A,N/A,N/A,N/A,N/A,N/A,N/A,N/A,N/A,N/A,N/A,N/A,N/A,N/A,N/A,bye,0.0,N/A,N/A,N/A,N/A,N/A,N/A,N/A,llm_confidence=0.6333333333333333,0,"{""transcript"":""Hotel Quebec Yankee crossing completed frequency change approved good bye"",""role"":""Controller"",""coarse_intent"":""Other"",""fine_intent"":""Other"",""dialogue_function"":""ATCO Other"",""slots"":{""slot_control_unit"":""Hotel Quebec Yankee"",""slot_procedure"":""crossing"",""restriction_condition"":""frequency change approved""},""subslots"":{""sub_clearance_keyword"":""crossing"",""sub_noise_marker"":""Other"",""sub_nonenglish_marker"":""Other"",""sub_greeting_phrase"":""good bye"",""sub_contact_keyword"":""good bye"",""sub_contact_unit"":""good bye"",""sub_status_report_keyword"":""Other"",""sub_simple_response_keyword"":""Other"",""sub_nonenglish_marker"":""Other"",""sub_nonenglish_marker"":""Other"",""sub_greeting_phrase"":""good bye"",""sub_contact_keyword"":""good bye"",""sub_contact_unit"":""good bye"",""sub_status_report_keyword"":""Other"",""sub_simple_response_keyword"":""Other"",""sub_greeting_phrase"":""good bye"",""sub_contact_keyword"":""good bye"",""sub_contact_unit"":""good bye"",""sub_status_report_keyword"":""Other"",""sub_simple_response_keyword"":""Other"",""sub_greeting_phrase"":""good bye"",""sub_contact_keyword"":""good bye"",""sub_contact_unit"":""good bye"",""sub_status_report_keyword"":""Other"",""sub_simple_response_keyword"":""Other"",""sub_greeting_phrase"":""good bye"",""sub_contact_keyword"":""good bye"",""sub_contact_unit"":""good bye"",""sub_status_report_keyword"":""Other"",""sub_simple_response_keyword"":""Other"",""sub_greeting_phrase"":""good bye"",""sub_contact_keyword"":""good bye"",""sub_contact_unit"":""good bye"",""sub_status_report_keyword"":""Other"",""sub_simple_response_keyword"":""Other"",""sub_greeting_phrase"":""good bye"",""sub_contact_keyword"":""good bye"",""sub_contact_unit"":""good bye"",""sub_status_report_keyword"":""Other"",""sub_simple_response_keyword"":""Other"",""sub_greeting_phrase"":""good bye"",""sub_contact_keyword"":""good bye"",""sub_contact_unit"":""good bye"",""sub_status_report_keyword"":""Other"",""sub_simple_response_keyword"":""Other"",""sub_greeting_phrase"":""good bye"",""sub_contact_keyword"":""good bye"",""sub_contact_unit"":""good bye"",""sub_status_report_keyword"":""Other"",""sub_simple_response_keyword"":""Other"",""sub_greeting_phrase"":""good bye"",""sub_contact_keyword"":""good bye"",""sub_contact_unit"":""good bye"",""sub_status_report_keyword"":""Other"",""sub_simple_response_keyword"":""Other"",""sub_greeting_phrase"":""good bye"",""sub_contact_keyword"":""good bye"",""sub_contact_unit"":""good bye"",""sub_status_report_keyword"":""Other"",""sub_simple_response_keyword"":""Other"",""sub_greeting_phrase"":""good bye"",""sub_contact_keyword"":""good",0.0
LSZB_BERN_Tower_121_0MHz_20210423_060534.wav,Phi-4-multimodal-instruct + speech LoRA,Heli Tango Whiskey negative it's fine if you want you can monitor the frequency but it's up to you if you stay [hes] outside of CTR all the time,Heli Tango Whiskey Negative it's fine if you want you can monitor the frequency but it's up to you if you stay outside of CTR all the time,True,ATC,ATC,1,Other,Confirmation,0,Other,Confirmation,0,ATCO Other,ATCO Confirmation,0.0,N/A,N/A,N/A,N/A,N/A,N/A,N/A,N/A,N/A,N/A,N/A,N/A,N/A,N/A,N/A,N/A,N/A,N/A,N/A,N/A,N/A,N/A,N/A,N/A,N/A,N/A,N/A,N/A,N/A,N/A,N/A,N/A,N/A,N/A,N/A,N/A,N/A,N/A,N/A,N/A,N/A,N/A,N/A,N/A,N/A,N/A,N/A,N/A,N/A,N/A,N/A,ATC,ATC,1,N/A,A,0,CTR,tower,0.0,N/A,LSZB,0,N/A,LSZB (Bern),0,N/A,121.0MHz,0,N/A,4/23/2021 6:05,0,N/A,N/A,N/A,N/A,ABARI ALETO AMRID ARNOT ARVAN ASBER BADEP BALIR BASUD BELAR BENOT BERSU BIRKI BOMEC DEKAM DOPIL DOUCI EKTUM ERMUS ESEVA ETEKI GODRA GUDAX IXUDI KONOL KORED KUBOM LAMUR LARDO LASUN LEPLA LUMEL LUTIX MASAB MEBOX MONIN NAXOL NEMAG NEMOS NOLKA OBEDU OLBEN OSKUP RAMOK REVLI ROMOM ROTOS SOSAL SUREP TADOB TELNO ULMES UMTOP VADAR VALAD VEBIT,0.0,N/A,N/A,N/A,N/A,N/A,N/A,N/A,N/A,N/A,N/A,N/A,N/A,N/A,N/A,N/A,N/A,N/A,N/A,N/A,N/A,N/A,N/A,N/A,N/A,N/A,N/A,N/A,N/A,N/A,N/A,N/A,N/A,N/A,N/A,N/A,N/A,N/A,N/A,N/A,N/A,N/A,N/A,N/A,N/A,N/A,N/A,N/A,N/A,N/A,N/A,N/A,N/A,N/A,N/A,N/A,N/A,N/A,N/A,N/A,N/A,N/A,N/A,N/A,N/A,N/A,N/A,N/A,monitor,0.0,CTR,N/A,N/A,N/A,N/A,N/A,frequency monitoring,monitoring_permission,0.0,N/A,N/A,N/A,N/A,N/A,N/A,N/A,N/A,N/A,N/A,N/A,N/A,N/A,N/A,N/A,N/A,N/A,N/A,N/A,N/A,N/A,N/A,N/A,N/A,frequency monitoring,N/A,N/A,outside CTR,N/A,N/A,N/A,N/A,N/A,N/A,monitor the frequency,0.0,N/A,N/A,N/A,N/A,N/A,N/A,N/A,N/A,N/A,N/A,N/A,N/A,N/A,N/A,N/A,N/A,N/A,N/A,N/A,hesitation_marker | needs_manual_review=True | llm_confidence=0.7833333333333333,0,"{""transcript"":""Heli Tango Whiskey Negative it's fine if you want you can monitor the frequency but it's up to you if you stay outside of CTR all the time"",""role"":""Controller"",""coarse_intent"":""Other"",""fine_intent"":""Other"",""dialogue_function"":""ATCO Other"",""slots"":{""slot_control_unit"":""CTR"",""slot_restriction_type"":""frequency monitoring"",""information_type"":""frequency monitoring"",""restriction_condition"":""outside CTR""},""subslots"":{}}",0.125
LSZB_BERN_Approach_127_3MHz_20210414_061440.wav,Phi-4-multimodal-instruct + speech LoRA,Quadriga One Six Three Foxtrot descend to flight level seven zero,Quadriga One Six Three Foxtrot descend to flight level seven zero,True,ATC,ATC,1,Command,Command,1,Altitude,Altitude,1,ATCO Clearance,ATCO Instruction,0.0,N/A,Quadriga,0.0,N/A,163F,0.0,N/A,N/A,N/A,N/A,N/A,N/A,N/A,N/A,N/A,N/A,N/A,N/A,N/A,N/A,N/A,N/A,N/A,N/A,descend,descend,1.0,FL70,N/A,N/A,N/A,N/A,N/A,N/A,N/A,N/A,N/A,N/A,N/A,N/A,N/A,N/A,N/A,N/A,N/A,Quadriga One Six Three Foxtrot,Quadriga One Six Three Foxtrot,1.0,N/A,QGA163F,0.0,ATC,ATC,1,N/A,A,0,Quadriga One Six Three Foxtrot,approach,0.0,N/A,LSZB,0,N/A,LSZB (Bern),0,N/A,127.3MHz,0,N/A,4/14/2021 6:14,0,N/A,N/A,N/A,N/A,ABARI ALETO AMRID ARNOT ARVAN ASBER BADEP BALIR BASUD BELAR BENOT BERSU BIRKI BOMEC DEKAM DOPIL DOUCI EKTUM ERMUS ESEVA ETEKI GODRA GUDAX IXUDI KONOL KORED KUBOM LAMUR LARDO LASUN LEPLA LUMEL LUTIX MASAB MEBOX MONIN NAXOL NEMAG NEMOS NOLKA OBEDU OLBEN OSKUP RAMOK REVLI ROMOM ROTOS SOSAL SUREP TADOB TELNO ULMES UMTOP VADAR VALAD VEBIT,0.0,N/A,N/A,N/A,N/A,N/A,N/A,N/A,N/A,N/A,N/A,N/A,N/A,FL70,N/A,N/A,N/A,N/A,N/A,N/A,N/A,N/A,N/A,N/A,N/A,N/A,N/A,N/A,N/A,N/A,N/A,N/A,N/A,N/A,N/A,N/A,N/A,N/A,N/A,N/A,N/A,N/A,N/A,N/A,N/A,N/A,N/A,N/A,N/A,N/A,N/A,N/A,N/A,N/A,N/A,FL70,FL70,1.0,flight_level,flight level,1.0,descend,N/A,N/A,N/A,N/A,N/A,N/A,N/A,N/A,Quadriga One Six Three Foxtrot,N/A,N/A,N/A,N/A,N/A,Altitude,N/A,N/A,descend to FL70,N/A,N/A,descent,N/A,N/A,N/A,N/A,N/A,N/A,N/A,N/A,N/A,N/A,N/A,N/A,N/A,N/A,N/A,N/A,N/A,N/A,N/A,N/A,descent,N/A,N/A,N/A,N/A,N/A,N/A,N/A,N/A,N/A,N/A,N/A,N/A,N/A,N/A,FL70,N/A,N/A,N/A,N/A,N/A,N/A,N/A,N/A,N/A,N/A,N/A,N/A,N/A,N/A,N/A,llm_confidence=0.0,0,"{""transcript"":""Quadriga One Six Three Foxtrot descend to flight level seven zero"",""role"":""Controller"",""coarse_intent"":""Command"",""fine_intent"":""Altitude"",""dialogue_function"":""ATCO Clearance"",""slots"":{""slot_action"":""descend"",""slot_altitude"":""FL70"",""slot_control_unit"":""Quadriga One Six Three Foxtrot"",""slot_restriction_type"":""descent"",""slot_clearance_type"":""Descent Clearance"",""clearance_limit"":""FL70"",""procedure_name"":""descent"",""position_report"":""FL70"",""information_type"":""Altitude"",""information_value"":""descend to FL70""},""subslots"":{""sub_altitude_action"":""descend"",""sub_full_callsign"":""Quadriga One Six Three Foxtrot"",""sub_flight_level"":""FL70"",""sub_altitude_unit"":""flight_level""}}",0.4
LSZB_BERN_Tower_121_0MHz_20210425_074052.wav,Phi-4-multimodal-instruct + speech LoRA,Hotel Delta Charlie [hes] advise traffic is now clear of you and frequency change approved,Hotel Delta Charlie advise traffic is now clear of you frequency change approved,True,ATC,ATC,1,Other,Information,0,Other,Information,0,ATCO Other,ATCO Information,0.0,N/A,N/A,N/A,N/A,N/A,N/A,N/A,N/A,N/A,N/A,N/A,N/A,N/A,N/A,N/A,N/A,N/A,N/A,N/A,N/A,N/A,N/A,N/A,N/A,N/A,N/A,N/A,N/A,N/A,N/A,N/A,N/A,N/A,N/A,N/A,N/A,N/A,N/A,N/A,N/A,N/A,N/A,N/A,N/A,N/A,N/A,N/A,N/A,N/A,N/A,N/A,ATC,ATC,1,N/A,A,0,Hotel Delta Charlie,tower,0.0,N/A,LSZB,0,N/A,LSZB (Bern),0,N/A,121.0MHz,0,N/A,4/25/2021 7:40,0,N/A,N/A,N/A,N/A,ABARI ALETO AMRID ARNOT ARVAN ASBER BADEP BALIR BASUD BELAR BENOT BERSU BIRKI BOMEC DEKAM DOPIL DOUCI EKTUM ERMUS ESEVA ETEKI GODRA GUDAX IXUDI KONOL KORED KUBOM LAMUR LARDO LASUN LEPLA LUMEL LUTIX MASAB MEBOX MONIN NAXOL NEMAG NEMOS NOLKA OBEDU OLBEN OSKUP RAMOK REVLI ROMOM ROTOS SOSAL SUREP TADOB TELNO ULMES UMTOP VADAR VALAD VEBIT,0.0,N/A,N/A,N/A,N/A,N/A,N/A,N/A,N/A,N/A,N/A,N/A,N/A,N/A,N/A,N/A,N/A,N/A,N/A,N/A,N/A,N/A,N/A,N/A,N/A,N/A,N/A,N/A,N/A,N/A,N/A,N/A,N/A,N/A,N/A,N/A,N/A,N/A,N/A,N/A,N/A,N/A,N/A,N/A,N/A,N/A,N/A,N/A,N/A,N/A,N/A,N/A,N/A,N/A,N/A,N/A,N/A,N/A,N/A,N/A,N/A,N/A,N/A,N/A,N/A,N/A,N/A,N/A,N/A,N/A,Hotel Delta Charlie,N/A,N/A,N/A,change,0.0,N/A,traffic_clearance,0.0,N/A,traffic is now clear of you and frequency change approved,0.0,N/A,N/A,N/A,N/A,N/A,N/A,N/A,N/A,N/A,N/A,N/A,N/A,N/A,N/A,N/A,N/A,N/A,N/A,N/A,N/A,N/A,N/A,N/A,N/A,N/A,N/A,N/A,N/A,N/A,N/A,N/A,frequency change,0.0,N/A,N/A,N/A,N/A,N/A,N/A,N/A,N/A,N/A,N/A,N/A,N/A,N/A,N/A,N/A,N/A,N/A,N/A,N/A,hesitation_marker | llm_confidence=0.9499999999999998,0,"{""transcript"":""Hotel Delta Charlie advise traffic is now clear of you frequency change approved"",""role"":""Controller"",""coarse_intent"":""Other"",""fine_intent"":""Other"",""dialogue_function"":""ATCO Other"",""slots"":{""slot_control_unit"":""Hotel Delta Charlie"",""slot_frequency_change_approved"":""True""},""subslots"":{}}",0.11764705882352941
YSSY_SYDNEY_Tower_120_5MHz_20210503_122443.wav,Phi-4-multimodal-instruct + speech LoRA,tower United Twenty Twelve is just outside [hes] Gala for one six right,tower sorry United Twenty Twelve is just outside gala for one six right,True,ATC,Pilot,0,Other,Other,1,Other,Other,1,ATCO Other,Pilot Response,0.0,N/A,N/A,N/A,N/A,N/A,N/A,N/A,N/A,N/A,N/A,N/A,N/A,N/A,N/A,N/A,N/A,N/A,N/A,right,right,1.0,N/A,Gala,0.0,N/A,N/A,N/A,N/A,N/A,N/A,N/A,N/A,N/A,N/A,N/A,N/A,N/A,N/A,N/A,N/A,N/A,N/A,N/A,N/A,N/A,N/A,N/A,N/A,N/A,N/A,N/A,ATC,Pilot,0,N/A,B,0,tower,tower,1.0,N/A,YSSY,0,N/A,YSSY (Sydney),0,N/A,120.5MHz,0,N/A,5/3/2021 12:24,0,N/A,N/A,N/A,N/A,ABBEY ANKUB ATRET BEROW BIGEM BIKUS BOBIG BOOGI BUVLO CLIFF COONY CORDO DALAR DEENA DIPPA DUDOK DUMOP DUNES ENDEV ENKAS ENTRA FISHA GOMUB HALAS HOOKS IGALA ISMER JAKLN JELLI JENTL JULIA KABLO KAMBA KAMPI KEVIN LANOL LISHA MAJAR MANFA MARKY MARUB MITSA NASHO NESSY NOBAR NOLEM OLSOG OVILS PEBRA PEGBA POSTY PRAWN RAKSO RENAM RISOL SBKWA SBKWB SBKWF SBKWH SBKWI SBKWM SCNWF SCNWH SCNWM SHORE SOSIJ SRIEA SRIEB SRIEF SRIEH SRIEI SRIEM SRIWF SRIWG SRIWH SRIWI SRIWM SSYEF SSYEH SSYEM SSYNF SSYNH SSYNI SSYNM SSYSF SSYSH SSYSM SSYWF SSYWH SSYWM SUZAN SYDNF SYDNH SYDNM SYDSF SYDSH SYDSM SYRBB SYRCC SYRDD SYRFF SYRGG TAMMI TESAT TONTO TONUX URDEN UXAMA VENUL VIDIK VOSSI WHALE WOLNA WOLNC WOLND WOLNF WOLNI ZONKA,0.0,N/A,N/A,N/A,N/A,N/A,N/A,N/A,N/A,N/A,N/A,N/A,N/A,N/A,N/A,N/A,N/A,N/A,N/A,N/A,N/A,N/A,N/A,N/A,N/A,right,N/A,N/A,N/A,N/A,N/A,N/A,N/A,N/A,N/A,N/A,N/A,N/A,N/A,N/A,N/A,N/A,N/A,N/A,N/A,N/A,right,N/A,N/A,N/A,N/A,N/A,N/A,N/A,N/A,N/A,N/A,N/A,N/A,N/A,N/A,N/A,N/A,N/A,N/A,N/A,N/A,N/A,N/A,N/A,tower,N/A,N/A,N/A,N/A,N/A,N/A,N/A,N/A,N/A,N/A,N/A,N/A,N/A,N/A,N/A,N/A,N/A,N/A,N/A,N/A,N/A,N/A,N/A,N/A,N/A,N/A,N/A,N/A,N/A,N/A,N/A,N/A,N/A,N/A,N/A,N/A,N/A,N/A,N/A,N/A,N/A,N/A,N/A,N/A,N/A,N/A,N/A,N/A,N/A,N/A,N/A,N/A,N/A,sorry,N/A,N/A,N/A,N/A,N/A,N/A,N/A,N/A,N/A,hesitation_marker | llm_confidence=0.6333333333333333,0,"{""transcript"":""tower sorry United Twenty Twelve is just outside gala for one six right"",""role"":""Controller"",""coarse_intent"":""Other"",""fine_intent"":""Other"",""dialogue_function"":""ATCO Other"",""slots"":{""slot_control_unit"":""tower"",""slot_direction"":""right""},""subslots"":{""sub_greeting_phrase"":""sorry""}}",0.26666666666666666
LSZB_BERN_Approach_127_3MHz_20210414_160746.wav,Phi-4-multimodal-instruct + speech LoRA,we will taxi to sector blue when ready Hotel Charlie November,Hotel Delta Juliett November will taxi to sector blue when ready Hotel Delta Juliett November,True,ATC,Pilot,0,Command,Command,1,ATCO Instruction,Status report,0,ATCO Clearance,Pilot Status Report,0.0,N/A,N/A,N/A,N/A,N/A,N/A,N/A,N/A,N/A,N/A,N/A,N/A,N/A,N/A,N/A,taxi,taxi,1.0,N/A,N/A,N/A,Hotel Delta Juliett November,N/A,N/A,N/A,N/A,N/A,N/A,N/A,N/A,N/A,N/A,N/A,N/A,N/A,N/A,N/A,N/A,N/A,N/A,N/A,N/A,N/A,N/A,N/A,N/A,N/A,N/A,N/A,N/A,N/A,ATC,Pilot,0,N/A,B,0,sector blue,approach,0.0,N/A,LSZB,0,N/A,LSZB (Bern),0,N/A,127.3MHz,0,N/A,4/14/2021 16:07,0,N/A,N/A,N/A,N/A,ABARI ALETO AMRID ARNOT ARVAN ASBER BADEP BALIR BASUD BELAR BENOT BERSU BIRKI BOMEC DEKAM DOPIL DOUCI EKTUM ERMUS ESEVA ETEKI GODRA GUDAX IXUDI KONOL KORED KUBOM LAMUR LARDO LASUN LEPLA LUMEL LUTIX MASAB MEBOX MONIN NAXOL NEMAG NEMOS NOLKA OBEDU OLBEN OSKUP RAMOK REVLI ROMOM ROTOS SOSAL SUREP TADOB TELNO ULMES UMTOP VADAR VALAD VEBIT,0.0,N/A,N/A,N/A,N/A,N/A,N/A,N/A,N/A,N/A,N/A,N/A,N/A,N/A,N/A,N/A,N/A,N/A,N/A,N/A,N/A,N/A,N/A,N/A,N/A,N/A,N/A,N/A,N/A,sector blue,0.0,N/A,N/A,N/A,N/A,N/A,N/A,N/A,N/A,N/A,N/A,N/A,N/A,N/A,N/A,N/A,N/A,N/A,N/A,N/A,N/A,N/A,N/A,N/A,N/A,N/A,N/A,N/A,N/A,N/A,N/A,taxi,N/A,N/A,N/A,N/A,N/A,N/A,N/A,N/A,sector blue,N/A,N/A,N/A,N/A,N/A,N/A,N/A,N/A,N/A,N/A,N/A,N/A,N/A,N/A,N/A,N/A,N/A,N/A,N/A,N/A,N/A,N/A,N/A,N/A,to sector blue,0.0,N/A,N/A,N/A,N/A,N/A,N/A,N/A,N/A,N/A,N/A,N/A,N/A,N/A,N/A,N/A,N/A,N/A,N/A,N/A,ready,0.0,N/A,N/A,N/A,N/A,N/A,N/A,N/A,N/A,N/A,N/A,N/A,N/A,N/A,N/A,N/A,N/A,llm_confidence=0.5833333333333334,0,"{""transcript"":""Hotel Delta Juliett November will taxi to sector blue when ready Hotel Delta Juliett November"",""role"":""Controller"",""coarse_intent"":""Command"",""fine_intent"":""ATCO Instruction"",""dialogue_function"":""ATCO Clearance"",""slots"":{""slot_action"":""taxi"",""slot_control_unit"":""sector blue"",""planned_route"":""Hotel Delta Juliett November"",""slot_clearance_type"":""taxi clearance""},""subslots"":{""sub_taxi_action"":""taxi""}}",0.11764705882352941
LZIB_STEFANIK_Tower_118_3MHz_20210430_181535.wav,Phi-4-multimodal-instruct + speech LoRA,Oscar Golf Echo continue to final runway two two traffic is just now before shortly before landing,Oscar Golf Echo continue to final runway two two traffic is just now before shortly before landing,True,ATC,ATC,1,Information,Information,1,Information,Information,1,ATCO Information,ATCO Information,1.0,N/A,N/A,N/A,N/A,N/A,N/A,22,22,1.0,N/A,N/A,N/A,N/A,N/A,N/A,N/A,N/A,N/A,final,N/A,N/A,N/A,N/A,N/A,N/A,N/A,N/A,N/A,N/A,N/A,N/A,N/A,N/A,N/A,N/A,N/A,N/A,landing,0.0,N/A,N/A,N/A,N/A,N/A,N/A,N/A,N/A,N/A,N/A,N/A,N/A,ATC,ATC,1,N/A,A,0,Oscar Golf Echo,tower,0.0,N/A,LZIB,0,N/A,LZIB (Bratislava),0,N/A,118.3MHz,0,N/A,4/30/2021 18:15,0,N/A,N/A,N/A,N/A,ABETI ABLOM ADAMA AGMIM ASLOT ASPIB ASTON BEGLA BERVA CIFER EKLIP GASNA GESGI KOXER KUVEX LEDRI MABOD MAREG MOVOS NATEX NIGER PESAT REKLU SOMID TOVKA UBUXI URUMU VABGU VAMOG VAPIT VEDER VYDRA XENAK XENDI,0.0,N/A,N/A,N/A,final approach,N/A,N/A,22,N/A,N/A,general clearance,N/A,N/A,shortly before landing,N/A,N/A,N/A,N/A,N/A,N/A,N/A,N/A,N/A,N/A,N/A,final,N/A,N/A,N/A,N/A,N/A,N/A,N/A,N/A,N/A,N/A,N/A,N/A,N/A,N/A,N/A,N/A,N/A,N/A,N/A,N/A,final,N/A,N/A,N/A,N/A,N/A,N/A,N/A,N/A,N/A,N/A,N/A,N/A,N/A,N/A,continue,N/A,N/A,N/A,N/A,N/A,N/A,N/A,N/A,Oscar Golf Echo,N/A,N/A,N/A,N/A,N/A,N/A,traffic_advisory,0.0,N/A,traffic is just now before shortly before landing,0.0,final runway approach,N/A,N/A,final_runway,N/A,N/A,N/A,N/A,N/A,N/A,N/A,N/A,N/A,N/A,N/A,N/A,N/A,N/A,N/A,N/A,N/A,N/A,N/A,N/A,N/A,traffic,0.0,N/A,N/A,N/A,N/A,N/A,N/A,N/A,N/A,N/A,final runway two two,N/A,N/A,N/A,N/A,N/A,N/A,N/A,N/A,N/A,N/A,N/A,N/A,N/A,N/A,N/A,llm_confidence=0.9125,0,"{""transcript"":""Oscar Golf Echo continue to final runway two two traffic is just now before shortly before landing"",""role"":""Controller"",""coarse_intent"":""Information"",""fine_intent"":""Information"",""dialogue_function"":""ATCO Information"",""slots"":{""slot_action"":""continue"",""slot_runway"":""22"",""slot_control_unit"":""Oscar Golf Echo"",""slot_direction"":""final"",""slot_clearance_type"":""general clearance"",""clearance_limit"":""shortly before landing"",""procedure_assignment_keyword"":""final_runway"",""procedure_name"":""final runway approach"",""position_report"":""final runway two two""},""subslots"":{""sub_approach_type"":""final approach"",""sub_approach_runway"":""22"",""sub_clearance_keyword"":""general clearance""}}",0.3333333333333333
LKPR_RUZYNE_Radar_120_520MHz_20201025_213836.wav,Phi-4-multimodal-instruct + speech LoRA,Skytravel Two Eight Two Seven and there is closed echo airspace below flight level one hundred so [hes] if you wish to avoid class echo airspace next descend in two zero miles,Skytravel Two Eight Two Seven and there is close echo space below flight level one hundred so if you wish to avoid close echo space next descend in two zero miles,True,ATC,ATC,1,Command,Command,1,Command,Altitude,0,ATCO Command,ATCO Instruction,0.0,Skytravel,N/A,N/A,2827,N/A,N/A,N/A,N/A,N/A,N/A,N/A,N/A,N/A,N/A,N/A,N/A,N/A,N/A,N/A,N/A,N/A,N/A,N/A,N/A,descend,descend,1.0,FL100,N/A,N/A,N/A,N/A,N/A,N/A,N/A,N/A,N/A,N/A,N/A,N/A,N/A,N/A,N/A,N/A,N/A,Skytravel,N/A,N/A,SKE,N/A,N/A,ATC,ATC,1,Skytravel,A,0,ATC,radar,0.0,N/A,LKPR,0,N/A,LKPR (Praha Ruzyne),0,N/A,120.520MHz,0,N/A,10/25/2020 21:38,0,N/A,N/A,N/A,N/A,N/A,N/A,N/A,N/A,N/A,N/A,N/A,N/A,N/A,N/A,N/A,descend,N/A,N/A,N/A,N/A,N/A,N/A,N/A,N/A,N/A,N/A,N/A,N/A,N/A,N/A,N/A,N/A,N/A,N/A,N/A,N/A,N/A,N/A,N/A,N/A,N/A,N/A,N/A,N/A,N/A,N/A,N/A,N/A,N/A,N/A,N/A,N/A,N/A,N/A,N/A,N/A,N/A,N/A,N/A,N/A,FL100,FL100,1.0,N/A,flight level,0.0,descend,N/A,N/A,N/A,N/A,N/A,N/A,N/A,N/A,ATC,N/A,N/A,N/A,N/A,N/A,N/A,N/A,N/A,N/A,N/A,N/A,N/A,N/A,N/A,N/A,N/A,N/A,N/A,N/A,N/A,N/A,N/A,N/A,N/A,N/A,N/A,N/A,N/A,N/A,N/A,N/A,N/A,N/A,below | avoid | closed,0.0,N/A,closed echo airspace below FL100,0.0,N/A,wish,0.0,N/A,N/A,N/A,N/A,N/A,N/A,N/A,N/A,N/A,N/A,N/A,N/A,N/A,N/A,N/A,N/A,N/A,N/A,N/A,N/A,N/A,N/A,hesitation_marker | llm_confidence=0.95,0,"{""transcript"":""Skytravel Two Eight Two Seven and there is close echo space below flight level one hundred so if you wish to avoid close echo space next descend in two zero miles"",""role"":""Controller"",""coarse_intent"":""Command"",""fine_intent"":""Command"",""dialogue_function"":""ATCO Command"",""slots"":{""slot_callsign_code"":""SKE"",""slot_callsign_spoken"":""Skytravel"",""slot_airline"":""Skytravel"",""slot_flight_number"":""2827"",""slot_action"":""descend"",""slot_altitude"":""FL100"",""slot_control_unit"":""ATC"",""slot_reason_or_condition"":""close echo space avoidance""},""subslots"":{""sub_altitude_action"":""descend"",""sub_clearance_keyword"":""descend""}}",0.2777777777777778
LSZB_BERN_Approach_127_3MHz_20210418_083338.wav,Phi-4-multimodal-instruct + speech LoRA,Papa Foxtrot approaching Bern city request to make an orbid over the [NE German] Bundeshaus [/NE] Papa Foxtrot that is approved orbit approved Hotel Papa Foxtrot,Papa Foxtrot at your service,True,ATC,Pilot,0,Other,Other,1,Other,Other,1,Pilot Response,Pilot Response,1.0,N/A,N/A,N/A,N/A,N/A,N/A,N/A,N/A,N/A,N/A,N/A,N/A,N/A,N/A,N/A,N/A,N/A,N/A,N/A,N/A,N/A,N/A,N/A,N/A,N/A,N/A,N/A,N/A,N/A,N/A,N/A,N/A,N/A,N/A,N/A,N/A,N/A,N/A,N/A,N/A,N/A,N/A,N/A,N/A,N/A,Papa Foxtrot,N/A,N/A,N/A,N/A,N/A,ATC,Pilot,0,N/A,B | A,0,Papa Foxtrot,approach,0.0,N/A,LSZB,0,N/A,LSZB (Bern),0,N/A,127.3MHz,0,N/A,4/18/2021 8:33,0,N/A,N/A,N/A,N/A,ABARI ALETO AMRID ARNOT ARVAN ASBER BADEP BALIR BASUD BELAR BENOT BERSU BIRKI BOMEC DEKAM DOPIL DOUCI EKTUM ERMUS ESEVA ETEKI GODRA GUDAX IXUDI KONOL KORED KUBOM LAMUR LARDO LASUN LEPLA LUMEL LUTIX MASAB MEBOX MONIN NAXOL NEMAG NEMOS NOLKA OBEDU OLBEN OSKUP RAMOK REVLI ROMOM ROTOS SOSAL SUREP TADOB TELNO ULMES UMTOP VADAR VALAD VEBIT,0.0,N/A,N/A,N/A,N/A,N/A,N/A,N/A,N/A,N/A,N/A,N/A,N/A,N/A,N/A,N/A,N/A,N/A,N/A,N/A,N/A,N/A,N/A,N/A,N/A,N/A,N/A,N/A,N/A,N/A,N/A,N/A,N/A,N/A,N/A,N/A,N/A,N/A,N/A,N/A,N/A,N/A,N/A,N/A,N/A,N/A,N/A,N/A,N/A,N/A,N/A,N/A,N/A,N/A,N/A,N/A,N/A,N/A,N/A,N/A,N/A,N/A,N/A,N/A,N/A,N/A,N/A,N/A,N/A,N/A,Papa Foxtrot,N/A,N/A,N/A,N/A,N/A,N/A,request for clearance,0.0,N/A,make an orbit over the NE German Bundeshaus,0.0,N/A,N/A,N/A,N/A,orbit,0.0,N/A,N/A,N/A,N/A,N/A,N/A,N/A,N/A,N/A,N/A,N/A,N/A,N/A,N/A,N/A,N/A,N/A,N/A,N/A,N/A,N/A,N/A,request,0.0,N/A,orbit over the Bundeshaus,0.0,N/A,N/A,N/A,N/A,N/A,N/A,N/A,N/A,N/A,N/A,N/A,N/A,N/A,N/A,N/A,N/A,present,0.0,N/A,explicit_nonenglish_marker | llm_confidence=0.9,0,"{""transcript"":""Papa Foxtrot at your service"",""role"":""Controller"",""coarse_intent"":""Other"",""fine_intent"":""Other"",""dialogue_function"":""Pilot Response"",""slots"":{""slot_control_unit"":""Papa Foxtrot""},""subslots"":{""sub_full_callsign"":""Papa Foxtrot""}}",0.15789473684210525
LKTB_BRNO_Tower_119_605MHz_20201027_122331.wav,Phi-4-multimodal-instruct + speech LoRA,Romeo Alfa Zero One Eight One Seven your flight plan was suspended i am sending delay message,number alpha zero one eight one seven your flight plan was suspended i am sending delay message,True,ATC,ATC,1,Other,Other,1,Other,Other,1,ATCO Other,ATCO Other,1.0,N/A,N/A,N/A,N/A,N/A,N/A,N/A,N/A,N/A,N/A,N/A,N/A,N/A,N/A,N/A,N/A,N/A,N/A,N/A,N/A,N/A,N/A,N/A,N/A,N/A,N/A,N/A,N/A,N/A,N/A,N/A,N/A,N/A,N/A,N/A,N/A,N/A,N/A,N/A,N/A,N/A,N/A,N/A,N/A,N/A,N/A,N/A,N/A,N/A,N/A,N/A,ATC,ATC,1,N/A,A,0,SLOT_CONTROL_UNIT,tower,0.0,N/A,LKTB,0,N/A,LKTB (Brno Turany),0,N/A,119.605MHz,0,N/A,10/27/2020 12:23,0,N/A,N/A,N/A,N/A,ADISU BELUX BITSI BOLMU BUKAP GINAT GIVIP IVOLI MORKO ODNEM ROGAD ROVSO,0.0,N/A,N/A,N/A,N/A,N/A,N/A,N/A,N/A,N/A,N/A,N/A,N/A,N/A,N/A,N/A,N/A,N/A,N/A,N/A,N/A,N/A,N/A,N/A,N/A,N/A,N/A,N/A,N/A,N/A,N/A,N/A,N/A,N/A,N/A,N/A,N/A,N/A,N/A,N/A,N/A,N/A,N/A,N/A,N/A,N/A,N/A,N/A,N/A,N/A,N/A,N/A,N/A,N/A,N/A,N/A,N/A,N/A,N/A,N/A,N/A,N/A,N/A,N/A,N/A,N/A,N/A,N/A,N/A,N/A,SLOT_CONTROL_UNIT,N/A,N/A,N/A,N/A,N/A,N/A,N/A,N/A,N/A,N/A,N/A,N/A,N/A,N/A,N/A,N/A,N/A,N/A,N/A,N/A,N/A,N/A,N/A,N/A,N/A,N/A,N/A,N/A,N/A,N/A,N/A,N/A,N/A,N/A,N/A,N/A,N/A,N/A,N/A,N/A,N/A,N/A,N/A,N/A,N/A,N/A,N/A,N/A,N/A,N/A,N/A,N/A,N/A,N/A,N/A,N/A,N/A,N/A,N/A,N/A,N/A,N/A,N/A,llm_confidence=0.0,0,"{""transcript"":""number alpha zero one eight one seven your flight plan was suspended i am sending delay message"",""role"":""Controller"",""coarse_intent"":""Other"",""fine_intent"":""Other"",""dialogue_function"":""ATCO Other"",""slots"":{""slot_control_unit"":""SLOT_CONTROL_UNIT""},""subslots"":{}}",0.38461538461538464
LSZH_ZURICH_Tower_118_1MHz_20210413_053348.wav,Phi-4-multimodal-instruct + speech LoRA,[#callsign]Air[/#callsign] [#callsign]Canada[/#callsign] [#callsign]Seven[/#callsign] [#callsign]Two[/#callsign] [#callsign]One[/#callsign] [#callsign]Six[/#callsign] when did you see the lights,Air Canada Seven Two One Six when did you see the lights,True,ATC,ATC,1,Other,Other,1,Other,Other,1,ATCO Other,ATCO Other,1.0,N/A,Air Canada,0.0,N/A,7216,0.0,N/A,N/A,N/A,N/A,N/A,N/A,N/A,N/A,N/A,N/A,N/A,N/A,N/A,N/A,N/A,N/A,N/A,N/A,N/A,N/A,N/A,N/A,N/A,N/A,N/A,N/A,N/A,N/A,N/A,N/A,N/A,N/A,N/A,N/A,N/A,N/A,N/A,N/A,N/A,N/A,Air Canada Seven Two One Six,0.0,N/A,ACA7216,0.0,ATC,ATC,1,N/A,A,0,Air Canada Seven Two One Six,tower,0.0,N/A,LSZH,0,N/A,LSZH (Zurich),0,N/A,118.1MHz,0,N/A,4/13/2021 5:33,0,N/A,N/A,N/A,N/A,AFOLT AGERI AKABI ALBIX ALINE AMIKI AMRUP ARGAX ARGEV ARTAG ATBAS BARIG BERSU BREGO DEGES DITON DONET DOPIL EDUMI EGABI EKRIT EKTUM ELMUR ENONO ENUSO ERMUS GARMO GERSA GIPOL IBILA KELIP KESEX KOLUL KUDIS KUSIX LAMAX LAPAG LAPDI LEDMI LUMEG MANEG MANID MATIV MILNI MOMOL MOSIT NEDOV NEMAG NOLKA OBEDU OLKEV OLNAV OMIDO OSNEM OSNOG RAMEM RAUTA RILAX RINLI RIPUS RISLI ROLSA ROMIR RONBA RONIX RUDSI SITOR SONGI SONOM SUBEX SUREP TADOB TINOX TITIX UMTOP URIGI URNAS UTIXO VEBIT VEDOK VIBAX VIBEV XANAL,0.0,N/A,N/A,N/A,N/A,N/A,N/A,N/A,N/A,N/A,N/A,N/A,N/A,N/A,N/A,N/A,N/A,N/A,N/A,N/A,N/A,N/A,N/A,N/A,N/A,N/A,N/A,N/A,N/A,N/A,N/A,N/A,N/A,N/A,N/A,N/A,N/A,N/A,N/A,N/A,N/A,N/A,N/A,N/A,N/A,N/A,N/A,N/A,N/A,N/A,N/A,N/A,N/A,N/A,N/A,N/A,N/A,N/A,N/A,N/A,N/A,N/A,N/A,N/A,N/A,N/A,N/A,N/A,N/A,N/A,Air Canada Seven Two One Six,N/A,N/A,N/A,N/A,N/A,N/A,N/A,N/A,N/A,N/A,N/A,N/A,N/A,N/A,N/A,N/A,N/A,N/A,N/A,N/A,N/A,N/A,N/A,N/A,N/A,N/A,N/A,N/A,N/A,N/A,N/A,N/A,N/A,N/A,N/A,N/A,N/A,N/A,N/A,N/A,N/A,N/A,N/A,N/A,N/A,N/A,N/A,N/A,N/A,N/A,N/A,N/A,N/A,One,N/A,N/A,N/A,N/A,N/A,N/A,N/A,N/A,N/A,llm_confidence=0.0,0,"{""transcript"":""Air Canada Seven Two One Six when did you see the lights"",""role"":""Controller"",""coarse_intent"":""Other"",""fine_intent"":""Other"",""dialogue_function"":""ATCO Other"",""slots"":{""slot_control_unit"":""Air Canada Seven Two One Six""},""subslots"":{""sub_greeting_phrase"":""One""}}",0.29411764705882354
LSZB_BERN_Approach_127_3MHz_20210414_134643.wav,Phi-4-multimodal-instruct + speech LoRA,Delta Oscar Victoria you are still on the Bern arrival frequency,Delta Oscar Victoria you are still on the Bern arrival frequency,True,ATC,ATC,1,Other,Other,1,Other,Other,1,ATCO Other,ATCO Other,1.0,N/A,N/A,N/A,N/A,N/A,N/A,N/A,N/A,N/A,N/A,N/A,N/A,Bern arrival frequency,N/A,N/A,N/A,N/A,N/A,N/A,N/A,N/A,N/A,N/A,N/A,N/A,N/A,N/A,N/A,N/A,N/A,N/A,N/A,N/A,N/A,N/A,N/A,N/A,N/A,N/A,N/A,N/A,N/A,N/A,N/A,N/A,N/A,N/A,N/A,N/A,N/A,N/A,ATC,ATC,1,N/A,A,0,Delta Oscar Victoria,approach,0.0,N/A,LSZB,0,N/A,LSZB (Bern),0,Bern arrival frequency,127.3MHz,0,N/A,4/14/2021 13:46,0,N/A,N/A,N/A,N/A,ABARI ALETO AMRID ARNOT ARVAN ASBER BADEP BALIR BASUD BELAR BENOT BERSU BIRKI BOMEC DEKAM DOPIL DOUCI EKTUM ERMUS ESEVA ETEKI GODRA GUDAX IXUDI KONOL KORED KUBOM LAMUR LARDO LASUN LEPLA LUMEL LUTIX MASAB MEBOX MONIN NAXOL NEMAG NEMOS NOLKA OBEDU OLBEN OSKUP RAMOK REVLI ROMOM ROTOS SOSAL SUREP TADOB TELNO ULMES UMTOP VADAR VALAD VEBIT,0.0,N/A,N/A,N/A,N/A,N/A,N/A,N/A,N/A,N/A,N/A,N/A,N/A,N/A,N/A,N/A,N/A,N/A,N/A,N/A,N/A,N/A,N/A,N/A,N/A,N/A,N/A,N/A,N/A,N/A,N/A,N/A,N/A,N/A,N/A,N/A,N/A,N/A,N/A,N/A,N/A,N/A,N/A,N/A,N/A,N/A,N/A,N/A,N/A,N/A,N/A,N/A,N/A,N/A,N/A,N/A,N/A,N/A,N/A,N/A,N/A,N/A,N/A,N/A,N/A,N/A,N/A,N/A,N/A,N/A,Delta Oscar Victoria,N/A,N/A,N/A,N/A,N/A,N/A,frequency_information,0.0,N/A,still on the Bern arrival frequency,0.0,N/A,Bern arrival,0.0,N/A,N/A,N/A,N/A,N/A,N/A,N/A,N/A,N/A,N/A,N/A,N/A,N/A,N/A,N/A,N/A,N/A,N/A,N/A,N/A,N/A,N/A,N/A,N/A,N/A,N/A,N/A,N/A,N/A,N/A,N/A,N/A,N/A,N/A,N/A,N/A,N/A,N/A,N/A,N/A,N/A,N/A,N/A,N/A,N/A,N/A,N/A,N/A,N/A,llm_confidence=0.9499999999999998,0,"{""transcript"":""Delta Oscar Victoria you are still on the Bern arrival frequency"",""role"":""Controller"",""coarse_intent"":""Other"",""fine_intent"":""Other"",""dialogue_function"":""ATCO Other"",""slots"":{""slot_control_unit"":""Delta Oscar Victoria"",""slot_frequency"":""Bern arrival frequency""},""subslots"":{}}",0.3125
LSZB_BERN_Tower_121_0MHz_20210424_082532.wav,Phi-4-multimodal-instruct + speech LoRA,Hotel Bravo Sierra Charlie Tango Bern Tower hello taxi via kilo to terminal north,Hotel Bravo Sierra Charlie Tango by and tower hello taxi via kilo to terminal north,True,ATC,ATC,1,Command,Command,1,ATCO Instruction,Flight route,0,ATCO Clearance,ATCO Instruction,0.0,N/A,N/A,N/A,N/A,N/A,N/A,N/A,N/A,N/A,N/A,N/A,N/A,N/A,N/A,N/A,N/A,taxi,0.0,N/A,N/A,N/A,via kilo to terminal north,via KILO to terminal north,1.0,N/A,N/A,N/A,N/A,N/A,N/A,N/A,N/A,N/A,N/A,N/A,N/A,N/A,N/A,N/A,N/A,N/A,N/A,N/A,N/A,N/A,N/A,N/A,N/A,N/A,N/A,N/A,ATC,ATC,1,N/A,A,0,tower,tower,1.0,N/A,LSZB,0,N/A,LSZB (Bern),0,N/A,121.0MHz,0,N/A,4/24/2021 8:25,0,N/A,N/A,N/A,N/A,ABARI ALETO AMRID ARNOT ARVAN ASBER BADEP BALIR BASUD BELAR BENOT BERSU BIRKI BOMEC DEKAM DOPIL DOUCI EKTUM ERMUS ESEVA ETEKI GODRA GUDAX IXUDI KONOL KORED KUBOM LAMUR LARDO LASUN LEPLA LUMEL LUTIX MASAB MEBOX MONIN NAXOL NEMAG NEMOS NOLKA OBEDU OLBEN OSKUP RAMOK REVLI ROMOM ROTOS SOSAL SUREP TADOB TELNO ULMES UMTOP VADAR VALAD VEBIT,0.0,N/A,N/A,N/A,N/A,N/A,N/A,N/A,N/A,N/A,N/A,N/A,N/A,N/A,N/A,N/A,N/A,N/A,N/A,N/A,N/A,N/A,N/A,N/A,N/A,N/A,N/A,N/A,N/A,N/A,N/A,N/A,N/A,N/A,N/A,N/A,N/A,N/A,N/A,N/A,N/A,N/A,N/A,N/A,N/A,N/A,N/A,N/A,N/A,N/A,N/A,N/A,N/A,N/A,N/A,N/A,N/A,N/A,N/A,N/A,N/A,taxi,taxi,1.0,N/A,N/A,N/A,N/A,N/A,N/A,tower,N/A,N/A,N/A,N/A,N/A,greeting,N/A,N/A,hello,N/A,N/A,N/A,N/A,N/A,N/A,N/A,N/A,kilo,KILO,1.0,N/A,N/A,N/A,N/A,via KILO to terminal north,0.0,N/A,N/A,N/A,N/A,N/A,N/A,N/A,N/A,N/A,N/A,N/A,N/A,N/A,N/A,N/A,N/A,N/A,N/A,N/A,N/A,N/A,N/A,N/A,N/A,N/A,N/A,N/A,N/A,hello,0.0,N/A,N/A,N/A,N/A,N/A,N/A,N/A,llm_confidence=0.95,0,"{""transcript"":""Hotel Bravo Sierra Charlie Tango by and tower hello taxi via kilo to terminal north"",""role"":""Controller"",""coarse_intent"":""Command"",""fine_intent"":""ATCO Instruction"",""dialogue_function"":""ATCO Clearance"",""slots"":{""slot_action"":""taxi"",""slot_control_unit"":""tower"",""slot_taxiway"":""kilo"",""planned_route"":""via kilo to terminal north"",""slot_clearance_type"":""general clearance"",""information_type"":""greeting"",""information_value"":""hello""},""subslots"":{""sub_route_action"":""taxi""}}",0.3684210526315789
LSZB_BERN_Tower_121_0MHz_20210416_083545.wav,Phi-4-multimodal-instruct + speech LoRA,Heli Oscar Bravo are you ready for expedition crossing otherwise you have to hold on,Heli Oscar Bravo are you ready for expedition crossing otherwise you have to hold on room,True,ATC,ATC,1,Command,Other,0,Flight route,Status report,0,ATCO Instruction,ATCO Other,0.0,N/A,N/A,N/A,N/A,N/A,N/A,N/A,N/A,N/A,N/A,N/A,N/A,N/A,N/A,N/A,N/A,N/A,N/A,N/A,N/A,N/A,Expedition Crossing,N/A,N/A,N/A,N/A,N/A,N/A,N/A,N/A,N/A,N/A,N/A,N/A,N/A,N/A,N/A,N/A,N/A,N/A,N/A,N/A,N/A,N/A,N/A,N/A,N/A,N/A,N/A,N/A,N/A,ATC,ATC,1,N/A,A,0,Expedition Crossing,tower,0.0,N/A,LSZB,0,N/A,LSZB (Bern),0,N/A,121.0MHz,0,N/A,4/16/2021 8:35,0,N/A,N/A,N/A,N/A,ABARI ALETO AMRID ARNOT ARVAN ASBER BADEP BALIR BASUD BELAR BENOT BERSU BIRKI BOMEC DEKAM DOPIL DOUCI EKTUM ERMUS ESEVA ETEKI GODRA GUDAX IXUDI KONOL KORED KUBOM LAMUR LARDO LASUN LEPLA LUMEL LUTIX MASAB MEBOX MONIN NAXOL NEMAG NEMOS NOLKA OBEDU OLBEN OSKUP RAMOK REVLI ROMOM ROTOS SOSAL SUREP TADOB TELNO ULMES UMTOP VADAR VALAD VEBIT,0.0,N/A,N/A,N/A,N/A,N/A,N/A,N/A,N/A,N/A,N/A,N/A,N/A,N/A,N/A,N/A,N/A,N/A,N/A,N/A,N/A,N/A,N/A,N/A,N/A,N/A,N/A,N/A,N/A,N/A,N/A,N/A,N/A,N/A,N/A,N/A,N/A,N/A,N/A,N/A,N/A,N/A,N/A,N/A,N/A,N/A,N/A,N/A,N/A,N/A,N/A,N/A,N/A,N/A,N/A,N/A,N/A,N/A,N/A,N/A,N/A,hold,N/A,N/A,N/A,N/A,N/A,N/A,N/A,N/A,Expedition Crossing,N/A,N/A,N/A,N/A,N/A,N/A,N/A,N/A,N/A,N/A,N/A,N/A,N/A,N/A,N/A,N/A,N/A,N/A,N/A,N/A,N/A,N/A,N/A,N/A,N/A,N/A,N/A,N/A,N/A,N/A,N/A,N/A,N/A,N/A,N/A,N/A,N/A,N/A,N/A,N/A,N/A,N/A,N/A,N/A,N/A,ready,0.0,N/A,N/A,N/A,N/A,N/A,N/A,N/A,N/A,N/A,N/A,N/A,N/A,N/A,N/A,N/A,N/A,needs_manual_review=True | llm_confidence=0.0,0,"{""transcript"":""Heli Oscar Bravo are you ready for expedition crossing otherwise you have to hold on room"",""role"":""Controller"",""coarse_intent"":""Command"",""fine_intent"":""Flight route"",""dialogue_function"":""ATCO Instruction"",""slots"":{""slot_action"":""hold"",""slot_control_unit"":""Expedition Crossing"",""planned_route"":""Expedition Crossing""},""subslots"":{""sub_route_action"":""hold""}}",0.14285714285714285
LSGS_SION_Ground_Control_121_7MHz_20210502_065138.wav,Phi-4-multimodal-instruct + speech LoRA,[#unnamed]Sion[/#unnamed] [#callsign]November[/#callsign] [#callsign]Seven[/#callsign] [#callsign]One[/#callsign] [#callsign]Six[/#callsign] [#callsign]Alpha[/#callsign] [#callsign]Sierra[/#callsign] [#unnamed]Alpine[/#unnamed] [#unnamed]jet[/#unnamed] [#unnamed]ready[/#unnamed] [#unnamed]for[/#unnamed] [#unnamed]taxi[/#unnamed] [#callsign]November[/#callsign] [#callsign]Alpha[/#callsign] [#callsign]Sierra [/#callsign] [#unnamed]taxi[/#unnamed] [#unnamed]to[/#unnamed] [#value]holding[/#value] [#value]point[/#value] [#value] delta[/#value] [#value]holding[/#value] [#value]point[/#value] [#callsign] November[/#callsign] [#callsign]Seven[/#callsign] [#callsign]One[/#callsign] [#callsign]Six[/#callsign] [#callsign]Alpha[/#callsign] [#callsign]Sierra[/#callsign],November seven one six Alfa Sierra,True,Pilot,Pilot,1,Other,Command,0,Other,Status report,0,Other,Pilot Status Report,0.0,N/A,N/A,N/A,N/A,N/A,N/A,N/A,N/A,N/A,N/A,N/A,N/A,N/A,N/A,N/A,N/A,taxi,0.0,N/A,N/A,N/A,N/A,N/A,N/A,N/A,N/A,N/A,N/A,N/A,N/A,N/A,N/A,N/A,N/A,N/A,N/A,N/A,N/A,N/A,N/A,N/A,N/A,N/A,N/A,N/A,N/A,N/A,N/A,N/A,N/A,N/A,Pilot,Pilot,1,N/A,D | A,0,November 7-16 Alfa Sierra,ground,0.0,N/A,LSGS,0,N/A,LSGS (Sion),0,N/A,121.7MHz,0,N/A,5/2/2021 6:51,0,N/A,N/A,N/A,N/A,ALETO AOSTA BANKO BERAR BIBAN CERVI ESOKO ETEKI GARLO GODRA GOLEB GRANA INTIP LAMUR MASAB MOBLO MOLUS MONIN OMETO ORSUD PUNSA REVLI ROCCA ROMOM SANET SONOD SOSAL TERSI UBIMA VADAR VALOR VENAT VEROX,0.0,N/A,N/A,N/A,N/A,N/A,N/A,N/A,N/A,N/A,N/A,N/A,N/A,N/A,N/A,N/A,N/A,N/A,N/A,N/A,N/A,N/A,N/A,N/A,N/A,N/A,N/A,N/A,N/A,N/A,N/A,N/A,N/A,N/A,N/A,N/A,N/A,N/A,N/A,N/A,N/A,N/A,N/A,N/A,N/A,N/A,N/A,N/A,N/A,N/A,N/A,N/A,N/A,N/A,N/A,N/A,N/A,N/A,N/A,N/A,N/A,N/A,N/A,N/A,N/A,N/A,N/A,N/A,N/A,N/A,November 7-16 Alfa Sierra,N/A,N/A,N/A,N/A,N/A,N/A,N/A,N/A,N/A,N/A,N/A,N/A,N/A,N/A,N/A,N/A,N/A,N/A,N/A,N/A,N/A,N/A,N/A,N/A,to holding point delta,0.0,N/A,N/A,N/A,N/A,N/A,N/A,N/A,N/A,N/A,N/A,N/A,N/A,N/A,N/A,N/A,N/A,N/A,N/A,N/A,ready,0.0,N/A,ready for taxi,0.0,N/A,N/A,N/A,N/A,N/A,N/A,N/A,N/A,N/A,N/A,N/A,N/A,N/A,llm_confidence=0.85,0,"{""transcript"":""November seven one six Alfa Sierra"",""role"":""Pilot"",""coarse_intent"":""Other"",""fine_intent"":""Other"",""dialogue_function"":""Other"",""slots"":{""slot_control_unit"":""November 7-16 Alfa Sierra""},""subslots"":{}}",0.11764705882352941
LSZB_BERN_Tower_121_0MHz_20210414_064609.wav,Phi-4-multimodal-instruct + speech LoRA,Hotel Romeo Oscar roger crossing direction echo at four thousand feet is approved QNH Bern one zero two five,Hotel Romeo Oscar Roger crossing direction echo at four thousand feet is approved QNH Bern one zero two five,True,ATC,ATC,1,Command,Command,1,Flight route,Flight route,1,ATCO Confirmation,ATCO Instruction,0.0,N/A,N/A,N/A,N/A,N/A,N/A,N/A,N/A,N/A,N/A,N/A,N/A,1,N/A,N/A,N/A,N/A,N/A,echo,N/A,N/A,Hotel Romeo Oscar Roger,N/A,N/A,N/A,N/A,N/A,4000,N/A,N/A,N/A,1025.0,0.0,N/A,roger,0.0,N/A,N/A,N/A,N/A,N/A,N/A,N/A,N/A,N/A,Hotel Romeo Oscar Roger,N/A,N/A,N/A,N/A,N/A,ATC,ATC,1,N/A,A,0,QNH,tower,0.0,N/A,LSZB,0,N/A,LSZB (Bern),0,1,121.0MHz,0,N/A,4/14/2021 6:46,0,N/A,N/A,N/A,N/A,ABARI ALETO AMRID ARNOT ARVAN ASBER BADEP BALIR BASUD BELAR BENOT BERSU BIRKI BOMEC DEKAM DOPIL DOUCI EKTUM ERMUS ESEVA ETEKI GODRA GUDAX IXUDI KONOL KORED KUBOM LAMUR LARDO LASUN LEPLA LUMEL LUTIX MASAB MEBOX MONIN NAXOL NEMAG NEMOS NOLKA OBEDU OLBEN OSKUP RAMOK REVLI ROMOM ROTOS SOSAL SUREP TADOB TELNO ULMES UMTOP VADAR VALAD VEBIT,0.0,N/A,N/A,N/A,N/A,N/A,N/A,N/A,N/A,N/A,N/A,N/A,N/A,N/A,N/A,N/A,N/A,N/A,N/A,Hotel Romeo Oscar Roger,N/A,N/A,Hotel Romeo Oscar Roger,N/A,N/A,echo,N/A,N/A,Hotel Romeo Oscar Roger,N/A,N/A,N/A,N/A,N/A,approved,N/A,N/A,approved,N/A,N/A,N/A,N/A,N/A,N/A,N/A,N/A,echo,N/A,N/A,N/A,N/A,N/A,N/A,N/A,N/A,4000,N/A,N/A,N/A,N/A,N/A,crossing,direct,0.0,N/A,N/A,N/A,echo,N/A,N/A,QNH,N/A,N/A,N/A,N/A,N/A,direction clearance,QNH,0.0,echo,crossing direction echo at four thousand feet,0.0,direction clearance,N/A,N/A,direction clearance,N/A,N/A,N/A,N/A,N/A,N/A,N/A,N/A,Hotel Romeo Oscar Roger,N/A,N/A,N/A,N/A,N/A,N/A,N/A,N/A,N/A,N/A,N/A,approved,N/A,N/A,N/A,N/A,N/A,N/A,N/A,N/A,N/A,N/A,N/A,echo,N/A,N/A,N/A,roger,0.0,N/A,N/A,N/A,echo,N/A,N/A,N/A,N/A,N/A,N/A,needs_manual_review=True | llm_confidence=0.6333333333333333,0,"{""transcript"":""Hotel Romeo Oscar Roger crossing direction echo at four thousand feet is approved QNH Bern one zero two five"",""role"":""Controller"",""coarse_intent"":""Command"",""fine_intent"":""Flight route"",""dialogue_function"":""ATCO Confirmation"",""slots"":{""slot_action"":""crossing"",""slot_altitude"":""4000"",""slot_control_unit"":""QNH"",""slot_frequency"":""1"",""slot_direction"":""echo"",""slot_clearance_type"":""direction clearance"",""slot_reason_or_condition"":""approved"",""planned_route"":""Hotel Romeo Oscar Roger"",""clearance_limit"":null,""procedure_assignment_keyword"":""direction clearance"",""procedure_name"":""direction clearance"",""position_report"":""echo"",""information_type"":""direction clearance"",""information_value"":""echo"",""restriction_condition"":""approved"",""arrival_route"":""Hotel Romeo Oscar Roger"",""departure_route"":""Hotel Romeo Oscar Roger"",""landing_condition"":""approved"",""stand_gate"":""Hotel Romeo Oscar Roger"",""surface_route"":""Hotel Romeo Oscar Roger"",""takeoff_condition"":""approved"",""sub_clearance_keyword"":""direction clearance"",""sub_full_callsign"":""Hotel Romeo Oscar Roger"",""sub_route_action"":""crossing"",""sub_route_offset_direction"":""echo"",""sub_route_offset_distance"":null,""sub_contact_keyword"":""echo"",""sub_contact_unit"":""QNH"",""sub_noise_marker"":""echo"",""sub_nonenglish_marker"":""echo""},""subslots"":{""sub_full_callsign"":""Hotel Romeo Oscar Roger"",""sub_route_action"":""crossing"",""sub_route_offset_direction"":""echo"",""sub_contact_keyword"":""echo"",""sub_contact_unit"":""QNH"",""sub_noise_marker"":""echo""}}",0.21052631578947367
LSZB_BERN_Tower_121_0MHz_20210424_164323.wav,Phi-4-multimodal-instruct + speech LoRA,[hes] [spk] one second sure no worries it [hes] is fine for me [hes] but just for the next time then maybe not get a confusion ok,Hotel Echo X-ray report your position,True,ATC,Other,0,Information,Other,0,Position report,Other,0,Pilot Status Report,N/A,N/A,N/A,N/A,N/A,N/A,N/A,N/A,N/A,N/A,N/A,N/A,N/A,N/A,N/A,N/A,N/A,N/A,N/A,N/A,N/A,N/A,N/A,N/A,N/A,N/A,N/A,N/A,N/A,N/A,N/A,N/A,N/A,N/A,N/A,N/A,N/A,N/A,N/A,N/A,N/A,Position report,N/A,N/A,N/A,N/A,N/A,N/A,N/A,N/A,N/A,N/A,N/A,ATC,Other,0,N/A,D | A,0,Hotel Echo X-ray,tower,0.0,N/A,LSZB,0,N/A,LSZB (Bern),0,N/A,121.0MHz,0,N/A,4/24/2021 16:43,0,N/A,N/A,N/A,N/A,ABARI ALETO AMRID ARNOT ARVAN ASBER BADEP BALIR BASUD BELAR BENOT BERSU BIRKI BOMEC DEKAM DOPIL DOUCI EKTUM ERMUS ESEVA ETEKI GODRA GUDAX IXUDI KONOL KORED KUBOM LAMUR LARDO LASUN LEPLA LUMEL LUTIX MASAB MEBOX MONIN NAXOL NEMAG NEMOS NOLKA OBEDU OLBEN OSKUP RAMOK REVLI ROMOM ROTOS SOSAL SUREP TADOB TELNO ULMES UMTOP VADAR VALAD VEBIT,0.0,N/A,N/A,N/A,N/A,N/A,N/A,N/A,N/A,N/A,N/A,N/A,N/A,N/A,N/A,N/A,N/A,N/A,N/A,N/A,N/A,N/A,N/A,N/A,N/A,N/A,N/A,N/A,N/A,N/A,N/A,N/A,N/A,N/A,N/A,N/A,N/A,N/A,N/A,N/A,N/A,N/A,N/A,N/A,N/A,N/A,N/A,N/A,N/A,N/A,N/A,N/A,N/A,N/A,N/A,N/A,N/A,N/A,N/A,N/A,N/A,N/A,N/A,N/A,N/A,N/A,N/A,N/A,N/A,N/A,Hotel Echo X-ray,N/A,N/A,N/A,N/A,N/A,N/A,N/A,N/A,N/A,N/A,N/A,N/A,N/A,N/A,N/A,N/A,N/A,N/A,N/A,N/A,N/A,N/A,N/A,N/A,N/A,N/A,N/A,N/A,N/A,N/A,N/A,N/A,N/A,N/A,N/A,N/A,N/A,N/A,N/A,N/A,N/A,N/A,N/A,N/A,N/A,N/A,N/A,report your position,N/A,N/A,N/A,no,0.0,N/A,N/A,N/A,N/A,N/A,N/A,N/A,N/A,N/A,N/A,hesitation_marker | needs_manual_review=True | llm_confidence=0.0,0,"{""transcript"":""Hotel Echo X-ray report your position"",""role"":""Controller"",""coarse_intent"":""Information"",""fine_intent"":""Position report"",""dialogue_function"":""Pilot Status Report"",""slots"":{""slot_control_unit"":""Hotel Echo X-ray"",""position_report"":""report your position""},""subslots"":{""sub_report_keyword"":""Position report""}}",0.0
LZIB_STEFANIK_Tower_118_3MHz_20210430_150028.wav,Phi-4-multimodal-instruct + speech LoRA,roger position start approved position five Foxtrot and squawk four four two three for Wizzair Six Two Seven Six,Radar position start approved position five foxtrot ten clock four four two three four wizard six two seven six,True,Pilot,ATC,0,Other,Other,1,Other,Simple respond,0,ATCO Other,ATCO Other,1.0,N/A,Wizzair,0.0,N/A,6276,0.0,N/A,N/A,N/A,N/A,N/A,N/A,four four two three four,N/A,N/A,N/A,N/A,N/A,N/A,N/A,N/A,N/A,N/A,N/A,N/A,N/A,N/A,N/A,N/A,N/A,N/A,N/A,N/A,N/A,roger,0.0,N/A,N/A,N/A,N/A,N/A,N/A,N/A,N/A,N/A,N/A,Wizzair Six Two Seven Six,0.0,N/A,WZZ6276,0.0,Pilot,ATC,0,N/A,A,0,wizard,tower,0.0,N/A,LZIB,0,N/A,LZIB (Bratislava),0,four four two three four,118.3MHz,0,N/A,4/30/2021 15:00,0,N/A,N/A,N/A,N/A,ABETI ABLOM ADAMA AGMIM ASLOT ASPIB ASTON BEGLA BERVA CIFER EKLIP GASNA GESGI KOXER KUVEX LEDRI MABOD MAREG MOVOS NATEX NIGER PESAT REKLU SOMID TOVKA UBUXI URUMU VABGU VAMOG VAPIT VEDER VYDRA XENAK XENDI,0.0,N/A,N/A,N/A,N/A,N/A,N/A,N/A,N/A,N/A,N/A,N/A,N/A,N/A,N/A,N/A,N/A,N/A,N/A,N/A,N/A,N/A,N/A,N/A,N/A,N/A,N/A,N/A,N/A,N/A,N/A,N/A,N/A,N/A,N/A,N/A,N/A,N/A,N/A,N/A,N/A,N/A,N/A,N/A,N/A,N/A,N/A,N/A,N/A,N/A,N/A,N/A,N/A,N/A,N/A,N/A,N/A,N/A,N/A,N/A,N/A,N/A,N/A,N/A,N/A,N/A,N/A,N/A,N/A,N/A,wizard,N/A,N/A,N/A,N/A,N/A,N/A,N/A,N/A,N/A,N/A,N/A,N/A,N/A,N/A,N/A,N/A,N/A,N/A,N/A,N/A,N/A,N/A,N/A,N/A,N/A,N/A,N/A,N/A,N/A,N/A,N/A,N/A,N/A,N/A,N/A,N/A,N/A,N/A,N/A,N/A,N/A,N/A,N/A,N/A,N/A,N/A,N/A,N/A,N/A,N/A,N/A,roger,0.0,N/A,N/A,N/A,N/A,N/A,N/A,N/A,N/A,N/A,N/A,needs_manual_review=True | llm_confidence=0.6666666666666666,0,"{""transcript"":""Radar position start approved position five foxtrot ten clock four four two three four wizard six two seven six"",""role"":""Pilot"",""coarse_intent"":""Other"",""fine_intent"":""Other"",""dialogue_function"":""ATCO Other"",""slots"":{""slot_control_unit"":""wizard"",""slot_frequency"":""four four two three four""},""subslots"":{}}",0.10526315789473684
LSZB_BERN_Approach_127_3MHz_20210415_073916.wav,Phi-4-multimodal-instruct + speech LoRA,Sunturk Quebec Sierra descend to flight level seven zero expect clearance four airwork about three miles before Oskup,N/A,False,N/A,ATC,0,N/A,Command,0,N/A,Altitude,0,ATCO Acknowledgement,ATCO Instruction,0.0,N/A,N/A,N/A,N/A,N/A,N/A,N/A,N/A,N/A,N/A,N/A,N/A,N/A,N/A,N/A,N/A,N/A,N/A,N/A,N/A,N/A,N/A,N/A,N/A,N/A,descend,0.0,N/A,N/A,N/A,N/A,N/A,N/A,N/A,N/A,N/A,N/A,N/A,N/A,N/A,N/A,N/A,N/A,N/A,N/A,N/A,N/A,N/A,N/A,N/A,N/A,N/A,ATC,0,N/A,A,0,N/A,approach,0.0,N/A,LSZB,0,N/A,LSZB (Bern),0,N/A,127.3MHz,0,N/A,4/15/2021 7:39,0,N/A,N/A,N/A,N/A,ABARI ALETO AMRID ARNOT ARVAN ASBER BADEP BALIR BASUD BELAR BENOT BERSU BIRKI BOMEC DEKAM DOPIL DOUCI EKTUM ERMUS ESEVA ETEKI GODRA GUDAX IXUDI KONOL KORED KUBOM LAMUR LARDO LASUN LEPLA LUMEL LUTIX MASAB MEBOX MONIN NAXOL NEMAG NEMOS NOLKA OBEDU OLBEN OSKUP RAMOK REVLI ROMOM ROTOS SOSAL SUREP TADOB TELNO ULMES UMTOP VADAR VALAD VEBIT,0.0,N/A,N/A,N/A,N/A,N/A,N/A,N/A,N/A,N/A,N/A,N/A,N/A,N/A,four airwork,0.0,N/A,N/A,N/A,N/A,N/A,N/A,N/A,N/A,N/A,N/A,N/A,N/A,N/A,N/A,N/A,N/A,N/A,N/A,N/A,N/A,N/A,N/A,N/A,N/A,N/A,N/A,N/A,N/A,N/A,N/A,N/A,N/A,N/A,N/A,N/A,N/A,N/A,N/A,N/A,N/A,FL70,0.0,N/A,flight level,0.0,N/A,N/A,N/A,N/A,OSKUP,0.0,N/A,N/A,N/A,N/A,N/A,N/A,N/A,N/A,N/A,N/A,N/A,N/A,N/A,N/A,N/A,N/A,N/A,N/A,N/A,N/A,N/A,N/A,N/A,N/A,N/A,N/A,N/A,N/A,N/A,N/A,N/A,N/A,N/A,N/A,N/A,N/A,N/A,N/A,N/A,N/A,expect clearance four airwork,0.0,N/A,N/A,N/A,N/A,N/A,N/A,N/A,N/A,N/A,N/A,N/A,N/A,N/A,N/A,N/A,N/A,N/A,N/A,N/A,N/A,N/A,N/A,N/A,N/A,N/A,llm_confidence=0.85,0,"{""transcript"":""Hotel Kebab Sierra descend to flight level seven zero expect clearance for airwork about three miles before oscope"",""role"":""Controller"",""coarse_intent"":""Clearance"",""fine_intent"":""Acknowledgement"",""dialogue_function"":""ATCO Acknowledgement"",""slots"":{""slot_action"":""descend"",""slot_altitude"":""7000"",""slot_control_unit"":""Hotel Kebab Sierra"",""slot_clearance_type"":""general clearance"",""planned_route"":""oscope"",""slot_clearance_keyword"":""general clearance"",""slot_distance"":3.0}}{""subslots"":{""sub_full_callsign"":""Hotel Kebab Sierra"",""sub_flight_level"":""7000"",""sub_altitude_action"":""descend"",""sub_full_callsign_code"":""Hotel Kebab Sierra"",""sub_flight_level_code"":""7000"",""sub_altitude_unit"":""flight_level""}}",0.0
LSZH_ZURICH_Tower_118_1MHz_20210414_055758.wav,Phi-4-multimodal-instruct + speech LoRA,Singapore Three Four Six contact apron one two one decimal seven five five bye bye,Sion Four Four Six contact day from one to one decimal seven five five bye bye,True,ATC,Other,0,Other,Command,0,Other,Transfer,0,ATCO Other,N/A,N/A,N/A,Singapore,0.0,N/A,346,0.0,N/A,N/A,N/A,N/A,N/A,N/A,N/A,121.755,0.0,N/A,N/A,N/A,N/A,N/A,N/A,N/A,N/A,N/A,N/A,N/A,N/A,N/A,N/A,N/A,N/A,N/A,N/A,N/A,N/A,N/A,N/A,N/A,N/A,N/A,N/A,N/A,N/A,N/A,N/A,N/A,Singapore Three Four Six,0.0,N/A,SIA346,0.0,ATC,Other,0,N/A,XT,0,Sion446,apron | tower,0.0,N/A,LSZH,0,N/A,LSZH (Zurich),0,N/A,118.1MHz,0,N/A,4/14/2021 5:57,0,N/A,N/A,N/A,N/A,AFOLT AGERI AKABI ALBIX ALINE AMIKI AMRUP ARGAX ARGEV ARTAG ATBAS BARIG BERSU BREGO DEGES DITON DONET DOPIL EDUMI EGABI EKRIT EKTUM ELMUR ENONO ENUSO ERMUS GARMO GERSA GIPOL IBILA KELIP KESEX KOLUL KUDIS KUSIX LAMAX LAPAG LAPDI LEDMI LUMEG MANEG MANID MATIV MILNI MOMOL MOSIT NEDOV NEMAG NOLKA OBEDU OLKEV OLNAV OMIDO OSNEM OSNOG RAMEM RAUTA RILAX RINLI RIPUS RISLI ROLSA ROMIR RONBA RONIX RUDSI SITOR SONGI SONOM SUBEX SUREP TADOB TINOX TITIX UMTOP URIGI URNAS UTIXO VEBIT VEDOK VIBAX VIBEV XANAL,0.0,N/A,N/A,N/A,N/A,N/A,N/A,N/A,N/A,N/A,N/A,N/A,N/A,N/A,N/A,N/A,N/A,N/A,N/A,N/A,N/A,N/A,N/A,N/A,N/A,N/A,N/A,N/A,N/A,apron,0.0,N/A,N/A,N/A,N/A,N/A,N/A,N/A,N/A,N/A,N/A,N/A,N/A,N/A,N/A,N/A,N/A,N/A,N/A,N/A,N/A,N/A,N/A,N/A,N/A,N/A,N/A,N/A,N/A,N/A,N/A,N/A,N/A,N/A,N/A,N/A,N/A,Contact Day,contact,0.0,Sion446,apron,0.0,N/A,N/A,N/A,Contact Day,N/A,N/A,N/A,N/A,N/A,N/A,N/A,N/A,N/A,N/A,N/A,N/A,N/A,N/A,N/A,N/A,N/A,N/A,N/A,N/A,N/A,N/A,N/A,N/A,N/A,N/A,Contact Day,N/A,N/A,Contact Day,N/A,N/A,N/A,N/A,N/A,N/A,N/A,N/A,N/A,N/A,N/A,N/A,N/A,N/A,N/A,N/A,N/A,N/A,bye,0.0,N/A,N/A,N/A,N/A,N/A,N/A,N/A,needs_manual_review=True | llm_confidence=0.5,0,"{""transcript"":""Sion Four Four Six contact day from one to one decimal seven five five bye bye"",""role"":""Controller"",""coarse_intent"":""Other"",""fine_intent"":""Other"",""dialogue_function"":""ATCO Other"",""slots"":{""slot_control_unit"":""Sion446"",""slot_restriction_type"":""Contact Day"",""information_type"":""Contact Day"",""restriction_condition"":""Contact Day""},""subslots"":{""sub_contact_keyword"":""Contact Day"",""sub_contact_unit"":""Sion446""}}",0.0
LSGS_SION_Tower_118_3MHz_20210505_133612.wav,Phi-4-multimodal-instruct + speech LoRA,[#value]one[/#value] [#value]two[/#value] [#value]four[/#value] [#value]decimal[/#value] [#value]two[/#value] [#value]two[/#value] [#value]five[/#value] [#callsign] Bair[/#callsign] [#callsign]Nine[/#callsign] [#callsign]Five[/#callsign] [#callsign]One[/#callsign] [#unnamed]good[/#unnamed] [#unnamed]bye[/#unnamed],one two four decimal two two five be ready to five one good bye,True,ATC,Pilot,0,Other,Other,1,Other,Readback,0,ATCO Other,Pilot Acknowledgement,0.0,N/A,Bair,0.0,N/A,951,0.0,N/A,N/A,N/A,N/A,N/A,N/A,N/A,124.225,0.0,N/A,N/A,N/A,N/A,N/A,N/A,N/A,N/A,N/A,N/A,N/A,N/A,N/A,N/A,N/A,N/A,N/A,N/A,N/A,N/A,N/A,N/A,N/A,N/A,N/A,N/A,N/A,N/A,N/A,N/A,N/A,Bair Nine Five One,0.0,N/A,ABP951,0.0,ATC,Pilot,0,N/A,B,0,one two four decimal two two five,tower,0.0,N/A,LSGS,0,N/A,LSGS (Sion),0,N/A,118.3MHz,0,N/A,5/5/2021 13:36,0,N/A,N/A,N/A,N/A,ALETO AOSTA BANKO BERAR BIBAN CERVI ESOKO ETEKI GARLO GODRA GOLEB GRANA INTIP LAMUR MASAB MOBLO MOLUS MONIN OMETO ORSUD PUNSA REVLI ROCCA ROMOM SANET SONOD SOSAL TERSI UBIMA VADAR VALOR VENAT VEROX,0.0,N/A,N/A,N/A,N/A,N/A,N/A,N/A,N/A,N/A,N/A,N/A,N/A,N/A,N/A,N/A,N/A,N/A,N/A,N/A,N/A,N/A,N/A,N/A,N/A,N/A,N/A,N/A,N/A,N/A,N/A,N/A,N/A,N/A,N/A,N/A,N/A,N/A,N/A,N/A,N/A,N/A,N/A,N/A,N/A,N/A,N/A,N/A,N/A,N/A,N/A,N/A,N/A,N/A,N/A,N/A,N/A,N/A,N/A,N/A,N/A,N/A,N/A,N/A,N/A,N/A,N/A,N/A,N/A,N/A,one two four decimal two two five,N/A,N/A,N/A,N/A,N/A,N/A,N/A,N/A,N/A,N/A,N/A,N/A,N/A,N/A,N/A,N/A,N/A,N/A,N/A,N/A,N/A,N/A,N/A,N/A,N/A,N/A,N/A,N/A,N/A,N/A,N/A,N/A,N/A,N/A,N/A,N/A,N/A,N/A,N/A,N/A,N/A,N/A,N/A,N/A,N/A,N/A,N/A,N/A,N/A,N/A,N/A,N/A,N/A,good bye,bye,0.0,N/A,N/A,N/A,N/A,N/A,N/A,N/A,llm_confidence=0.0,0,"{""transcript"":""one two four decimal two two five be ready to five one good bye"",""role"":""Controller"",""coarse_intent"":""Other"",""fine_intent"":""Other"",""dialogue_function"":""ATCO Other"",""slots"":{""slot_control_unit"":""one two four decimal two two five""},""subslots"":{""sub_greeting_phrase"":""good bye""}}",0.05263157894736842
LSZH_ZURICH_Tower_118_1MHz_20210414_162532.wav,Phi-4-multimodal-instruct + speech LoRA,Air Nostrum Seven Eight Juliett Mike zero two zero degrees one three [XT],Radarstrom Seven Eight Three Mike zero two zero degrees one three,True,Pilot,ATC,0,Other,Other,1,Other,Other,1,ATCO Other,ATCO Other,1.0,N/A,Air Nostrum,0.0,N/A,78JM,0.0,N/A,N/A,N/A,N/A,N/A,N/A,N/A,N/A,N/A,N/A,N/A,N/A,one three,N/A,N/A,N/A,N/A,N/A,N/A,N/A,N/A,N/A,N/A,N/A,N/A,N/A,N/A,N/A,N/A,N/A,N/A,N/A,N/A,N/A,N/A,N/A,N/A,N/A,N/A,N/A,Air Nostrum Seven Eight Juliett Mike,0.0,N/A,ANE78JM,0.0,Pilot,ATC,0,N/A,A,0,Radarstrom,tower,0.0,N/A,LSZH,0,N/A,LSZH (Zurich),0,N/A,118.1MHz,0,N/A,4/14/2021 16:25,0,N/A,N/A,N/A,N/A,AFOLT AGERI AKABI ALBIX ALINE AMIKI AMRUP ARGAX ARGEV ARTAG ATBAS BARIG BERSU BREGO DEGES DITON DONET DOPIL EDUMI EGABI EKRIT EKTUM ELMUR ENONO ENUSO ERMUS GARMO GERSA GIPOL IBILA KELIP KESEX KOLUL KUDIS KUSIX LAMAX LAPAG LAPDI LEDMI LUMEG MANEG MANID MATIV MILNI MOMOL MOSIT NEDOV NEMAG NOLKA OBEDU OLKEV OLNAV OMIDO OSNEM OSNOG RAMEM RAUTA RILAX RINLI RIPUS RISLI ROLSA ROMIR RONBA RONIX RUDSI SITOR SONGI SONOM SUBEX SUREP TADOB TINOX TITIX UMTOP URIGI URNAS UTIXO VEBIT VEDOK VIBAX VIBEV XANAL,0.0,N/A,N/A,N/A,N/A,N/A,N/A,N/A,N/A,N/A,N/A,N/A,N/A,N/A,N/A,N/A,N/A,N/A,N/A,N/A,N/A,N/A,N/A,N/A,N/A,one three,N/A,N/A,N/A,N/A,N/A,N/A,N/A,N/A,N/A,N/A,N/A,N/A,N/A,N/A,N/A,N/A,N/A,N/A,N/A,N/A,one three,N/A,N/A,N/A,N/A,N/A,N/A,N/A,N/A,N/A,N/A,N/A,N/A,N/A,N/A,N/A,N/A,N/A,N/A,N/A,N/A,N/A,N/A,N/A,Radarstrom,N/A,N/A,N/A,N/A,N/A,N/A,N/A,N/A,N/A,N/A,N/A,N/A,N/A,N/A,N/A,N/A,N/A,N/A,N/A,N/A,N/A,N/A,N/A,N/A,N/A,N/A,N/A,N/A,N/A,N/A,N/A,N/A,N/A,N/A,N/A,N/A,N/A,N/A,N/A,N/A,N/A,N/A,N/A,N/A,N/A,N/A,N/A,N/A,N/A,N/A,N/A,N/A,N/A,N/A,N/A,N/A,N/A,N/A,N/A,Non-English/Other Language,N/A,N/A,N/A,llm_confidence=0.0,0,"{""transcript"":""Radarstrom Seven Eight Three Mike zero two zero degrees one three"",""role"":""Pilot"",""coarse_intent"":""Other"",""fine_intent"":""Other"",""dialogue_function"":""ATCO Other"",""slots"":{""slot_control_unit"":""Radarstrom"",""slot_direction"":""one three""},""subslots"":{""sub_nonenglish_marker"":""Non-English/Other Language""}}",0.17647058823529413
LSZB_BERN_Tower_121_0MHz_20210423_123112.wav,Phi-4-multimodal-instruct + speech LoRA,Hotel Golf Oscar Charlie wait to proceed at least one miles out of track,Hotel Golf Oscar Charlie are you ready to proceed at least one mile south of track,True,ATC,ATC,1,Command,Command,1,Flight route,Flight route,1,ATCO Instruction,ATCO Instruction,1.0,N/A,N/A,N/A,N/A,N/A,N/A,N/A,N/A,N/A,N/A,N/A,N/A,N/A,N/A,N/A,N/A,N/A,N/A,N/A,N/A,N/A,Hotel Golf Oscar Charlie,N/A,N/A,N/A,N/A,N/A,N/A,N/A,N/A,N/A,N/A,N/A,N/A,N/A,N/A,N/A,N/A,N/A,N/A,N/A,N/A,N/A,N/A,N/A,N/A,N/A,N/A,N/A,N/A,N/A,ATC,ATC,1,N/A,A,0,Hotel Golf Oscar Charlie,tower,0.0,N/A,LSZB,0,N/A,LSZB (Bern),0,N/A,121.0MHz,0,N/A,4/23/2021 12:31,0,N/A,N/A,N/A,N/A,ABARI ALETO AMRID ARNOT ARVAN ASBER BADEP BALIR BASUD BELAR BENOT BERSU BIRKI BOMEC DEKAM DOPIL DOUCI EKTUM ERMUS ESEVA ETEKI GODRA GUDAX IXUDI KONOL KORED KUBOM LAMUR LARDO LASUN LEPLA LUMEL LUTIX MASAB MEBOX MONIN NAXOL NEMAG NEMOS NOLKA OBEDU OLBEN OSKUP RAMOK REVLI ROMOM ROTOS SOSAL SUREP TADOB TELNO ULMES UMTOP VADAR VALAD VEBIT,0.0,N/A,N/A,N/A,N/A,N/A,N/A,N/A,N/A,N/A,N/A,N/A,N/A,1000.0,N/A,N/A,N/A,N/A,N/A,N/A,N/A,N/A,N/A,N/A,N/A,N/A,N/A,N/A,N/A,N/A,N/A,N/A,N/A,N/A,N/A,N/A,N/A,N/A,N/A,N/A,N/A,N/A,N/A,N/A,N/A,N/A,N/A,N/A,N/A,N/A,N/A,N/A,N/A,N/A,N/A,N/A,N/A,N/A,N/A,N/A,N/A,proceed,proceed,1.0,N/A,N/A,N/A,N/A,N/A,N/A,Hotel Golf Oscar Charlie,N/A,N/A,N/A,N/A,N/A,Flight route,N/A,N/A,proceed at least one mile south of track,N/A,N/A,N/A,N/A,N/A,N/A,N/A,N/A,N/A,N/A,N/A,N/A,N/A,N/A,N/A,N/A,N/A,N/A,N/A,N/A,one mile south of track,N/A,N/A,N/A,N/A,N/A,N/A,N/A,N/A,N/A,N/A,N/A,N/A,N/A,N/A,N/A,N/A,N/A,N/A,N/A,N/A,N/A,N/A,N/A,N/A,N/A,N/A,N/A,N/A,N/A,N/A,N/A,N/A,N/A,llm_confidence=0.0,0,"{""transcript"":""Hotel Golf Oscar Charlie are you ready to proceed at least one mile south of track"",""role"":""Controller"",""coarse_intent"":""Command"",""fine_intent"":""Flight route"",""dialogue_function"":""ATCO Instruction"",""slots"":{""slot_action"":""proceed"",""slot_control_unit"":""Hotel Golf Oscar Charlie"",""slot_distance"":1.0,""planned_route"":""Hotel Golf Oscar Charlie"",""clearance_limit"":1000.0,""clearance_limit_unit"":""nautical miles"",""route_in_out_point"":""one mile south of track"",""information_type"":""Flight route"",""information_value"":""proceed at least one mile south of track""},""subslots"":{""sub_route_action"":""proceed""}}",0.42857142857142855
LKPR_RUZYNE_Radar_120_520MHz_20201025_120512.wav,Phi-4-multimodal-instruct + speech LoRA,Oscar Kilo Kilo Echo Alfa Praha Radar identified climb flight level one hundred IFR flight starts [hes] now time zero five cleared to destination via flight plan route,Oscar Kilo Kilo Alpha Papa radar identified contact flight level one hundred IFR flight starts now time zero five quit to destination via flight plan route,True,ATC,ATC,1,Clearance,Command,0,ATCO Clearance,Altitude,0,ATCO Clearance,ATCO Instruction,0.0,N/A,Oscar Kilo Kilo Echo Alfa,0.0,N/A,N/A,N/A,N/A,N/A,N/A,N/A,N/A,N/A,N/A,N/A,N/A,N/A,N/A,N/A,N/A,N/A,N/A,via flight plan route,flight plan route,0.0,N/A,climb,0.0,100,N/A,N/A,N/A,N/A,N/A,N/A,N/A,N/A,N/A,N/A,N/A,N/A,N/A,N/A,N/A,N/A,N/A,Oscar Kilo Kilo Alpha Papa,Oscar Kilo Kilo Echo Alfa,0.0,N/A,OKKEA,0.0,ATC,ATC,1,N/A,A,0,radar,praha radar | radar,0.0,N/A,LKPR,0,N/A,LKPR (Praha Ruzyne),0,N/A,120.520MHz,0,N/A,10/25/2020 12:05,0,N/A,N/A,N/A,N/A,AKEVA ARVEG BAGRU BAROX BAVIN BEKVI ELMEK ELPON ERASU EVEMI KENOK KUVIX LETNA RATEV RISUK SOMIS SULOV TIPRU UTORO,0.0,N/A,N/A,N/A,N/A,N/A,N/A,N/A,N/A,N/A,contact,route clearance,0.0,N/A,destination,0.0,N/A,N/A,N/A,N/A,N/A,N/A,N/A,N/A,N/A,N/A,N/A,N/A,radar,N/A,N/A,N/A,N/A,N/A,N/A,N/A,N/A,N/A,N/A,N/A,N/A,N/A,N/A,N/A,N/A,N/A,N/A,N/A,N/A,N/A,N/A,N/A,N/A,N/A,N/A,100,FL100,1.0,N/A,flight level,0.0,quit to destination,N/A,N/A,N/A,N/A,N/A,contact,N/A,N/A,radar,N/A,N/A,N/A,N/A,N/A,N/A,N/A,N/A,N/A,N/A,N/A,N/A,N/A,N/A,N/A,via flight plan route,0.0,quit to destination,N/A,N/A,N/A,N/A,N/A,contact radar,N/A,N/A,N/A,N/A,N/A,N/A,N/A,N/A,N/A,N/A,N/A,N/A,N/A,N/A,N/A,N/A,N/A,N/A,N/A,N/A,N/A,N/A,N/A,N/A,N/A,N/A,N/A,N/A,N/A,N/A,N/A,N/A,Noise/Unclear,N/A,N/A,Other/Non-English/Other Language,N/A,N/A,N/A,hesitation_marker | needs_manual_review=True | llm_confidence=0.6083333333333333,0,"{""transcript"":""Oscar Kilo Kilo Alpha Papa radar identified contact flight level one hundred IFR flight starts now time zero five quit to destination via flight plan route"",""role"":""Controller"",""coarse_intent"":""Clearance"",""fine_intent"":""ATCO Clearance"",""dialogue_function"":""ATCO Clearance"",""slots"":{""slot_action"":""contact"",""slot_altitude"":""100"",""slot_control_unit"":""radar"",""slot_clearance_type"":""general clearance"",""planned_route"":""via flight plan route"",""slot_taxiway"":""quit to destination"",""stand_gate"":""radar"",""surface_route"":""contact radar""},""subslots"":{""sub_clearance_keyword"":""contact"",""sub_route_action"":""quit to destination"",""sub_contact_keyword"":""contact"",""sub_contact_unit"":""radar"",""sub_full_callsign"":""Oscar Kilo Kilo Alpha Papa"",""sub_noise_marker"":""Noise/Unclear"",""sub_nonenglish_marker"":""Other/Non-English/Other Language""}}",0.13043478260869565
LKPR_RUZYNE_Tower_134_560MHz_20201026_160035.wav,Phi-4-multimodal-instruct + speech LoRA,Silesia Seven Six Two continue Charlie Lima Quebec Quebec Five behind follow me stand mike one bravo,Sierra Six Two continue charlie lima Quebec Quebec Five Bairfor me stand mike one bravo,True,ATC,ATC,1,Other,Other,1,Other,Other,1,ATCO Other,ATCO Other,1.0,N/A,N/A,N/A,N/A,N/A,N/A,N/A,N/A,N/A,N/A,N/A,N/A,N/A,N/A,N/A,N/A,N/A,N/A,N/A,N/A,N/A,N/A,N/A,N/A,N/A,N/A,N/A,N/A,N/A,N/A,N/A,N/A,N/A,N/A,N/A,N/A,N/A,N/A,N/A,N/A,N/A,N/A,N/A,N/A,N/A,N/A,N/A,N/A,N/A,N/A,N/A,ATC,ATC,1,N/A,A,0,Sierra Six Two,tower,0.0,N/A,LKPR,0,N/A,LKPR (Praha Ruzyne),0,N/A,134.560MHz,0,N/A,10/26/2020 16:00,0,N/A,N/A,N/A,N/A,AKEVA ARVEG BAGRU BAROX BAVIN BEKVI ELMEK ELPON ERASU EVEMI KENOK KUVIX LETNA RATEV RISUK SOMIS SULOV TIPRU UTORO,0.0,N/A,N/A,N/A,N/A,N/A,N/A,N/A,N/A,N/A,N/A,N/A,N/A,N/A,N/A,N/A,N/A,N/A,N/A,N/A,N/A,N/A,N/A,N/A,N/A,N/A,N/A,N/A,mike one bravo,mike one bravo,1.0,N/A,N/A,N/A,N/A,N/A,N/A,N/A,N/A,N/A,N/A,N/A,N/A,N/A,N/A,N/A,N/A,N/A,N/A,N/A,N/A,N/A,N/A,N/A,N/A,N/A,N/A,N/A,N/A,N/A,N/A,N/A,N/A,N/A,N/A,N/A,N/A,N/A,N/A,N/A,Sierra Six Two,N/A,N/A,N/A,N/A,N/A,N/A,N/A,N/A,N/A,N/A,N/A,N/A,N/A,N/A,N/A,N/A,N/A,N/A,N/A,N/A,N/A,N/A,N/A,N/A,N/A,N/A,N/A,N/A,N/A,N/A,N/A,N/A,N/A,N/A,N/A,N/A,follow me,0.0,N/A,N/A,N/A,N/A,N/A,N/A,N/A,N/A,N/A,N/A,N/A,N/A,N/A,N/A,N/A,hello,N/A,N/A,N/A,N/A,N/A,N/A,N/A,N/A,N/A,llm_confidence=0.925,0,"{""transcript"":""Sierra Six Two continue charlie lima Quebec Quebec Five Bairfor me stand mike one bravo"",""role"":""Controller"",""coarse_intent"":""Other"",""fine_intent"":""Other"",""dialogue_function"":""ATCO Other"",""slots"":{""slot_control_unit"":""Sierra Six Two"",""stand_gate"":""mike one bravo""},""subslots"":{""sub_greeting_phrase"":""hello""}}",0.4
LSZH_ZURICH_ApronN_121_85MHz_20210414_110350.wav,Phi-4-multimodal-instruct + speech LoRA,copy seven seven taxi on Zulu and Bravo hold short runway one six,Audi Seven Seven taxi on Zulu and Bravo hold short runway one six,True,ATC,Pilot,0,Command,Command,1,ATCO Instruction,Readback,0,ATCO Clearance,Pilot Acknowledgement,0.0,N/A,N/A,N/A,N/A,N/A,N/A,16,16,1.0,N/A,N/A,N/A,N/A,N/A,N/A,taxi,taxi,1.0,N/A,N/A,N/A,N/A,N/A,N/A,N/A,N/A,N/A,N/A,N/A,N/A,N/A,N/A,N/A,N/A,N/A,N/A,N/A,N/A,N/A,N/A,N/A,N/A,N/A,N/A,N/A,Audi Seven Seven,N/A,N/A,N/A,N/A,N/A,ATC,Pilot,0,N/A,B,0,ZULU and BRAVO,apron,0.0,N/A,LSZH,0,N/A,LSZH (Zurich),0,N/A,121.85MHz,0,N/A,4/14/2021 11:03,0,N/A,N/A,N/A,N/A,AFOLT AGERI AKABI ALBIX ALINE AMIKI AMRUP ARGAX ARGEV ARTAG ATBAS BARIG BERSU BREGO DEGES DITON DONET DOPIL EDUMI EGABI EKRIT EKTUM ELMUR ENONO ENUSO ERMUS GARMO GERSA GIPOL IBILA KELIP KESEX KOLUL KUDIS KUSIX LAMAX LAPAG LAPDI LEDMI LUMEG MANEG MANID MATIV MILNI MOMOL MOSIT NEDOV NEMAG NOLKA OBEDU OLKEV OLNAV OMIDO OSNEM OSNOG RAMEM RAUTA RILAX RINLI RIPUS RISLI ROLSA ROMIR RONBA RONIX RUDSI SITOR SONGI SONOM SUBEX SUREP TADOB TINOX TITIX UMTOP URIGI URNAS UTIXO VEBIT VEDOK VIBAX VIBEV XANAL,0.0,N/A,N/A,N/A,N/A,N/A,N/A,16,N/A,N/A,Taxi,N/A,N/A,N/A,N/A,N/A,N/A,N/A,N/A,N/A,N/A,N/A,N/A,N/A,N/A,N/A,N/A,N/A,N/A,N/A,N/A,N/A,N/A,N/A,N/A,N/A,N/A,N/A,N/A,N/A,N/A,N/A,N/A,N/A,N/A,N/A,N/A,N/A,N/A,N/A,N/A,N/A,N/A,N/A,N/A,N/A,N/A,N/A,N/A,N/A,N/A,taxi,N/A,N/A,N/A,N/A,N/A,N/A,N/A,N/A,ZULU and BRAVO,N/A,N/A,N/A,N/A,N/A,N/A,N/A,N/A,N/A,N/A,N/A,N/A,N/A,N/A,N/A,N/A,N/A,N/A,N/A,N/A,N/A,N/A,N/A,N/A,Zulu and Bravo,0.0,N/A,N/A,N/A,N/A,N/A,N/A,RUNWAY,hold short,0.0,N/A,Zulu and Bravo,0.0,N/A,N/A,N/A,N/A,N/A,N/A,N/A,N/A,N/A,N/A,N/A,N/A,N/A,N/A,N/A,N/A,N/A,N/A,N/A,N/A,N/A,N/A,N/A,N/A,N/A,needs_manual_review=True | llm_confidence=0.6166666666666667,0,"{""transcript"":""Audi Seven Seven taxi on Zulu and Bravo hold short runway one six"",""role"":""Controller"",""coarse_intent"":""Command"",""fine_intent"":""ATCO Instruction"",""dialogue_function"":""ATCO Clearance"",""slots"":{""slot_action"":""taxi"",""slot_runway"":""16"",""slot_control_unit"":""ZULU and BRAVO"",""slot_taxiway"":""NONE"",""slot_direction"":""NONE"",""slot_clearance_type"":""Taxi"",""slot_restriction_type"":""RUNWAY""},""subslots"":{""sub_taxi_action"":""taxi"",""sub_full_callsign"":""Audi Seven Seven"",""sub_clearance_keyword"":""Taxi""}}",0.16666666666666666
LZIB_STEFANIK_Tower_118_3MHz_20210430_000651.wav,Phi-4-multimodal-instruct + speech LoRA,Eurotrans Five Three Three Five approaching fox one six ready for departure,Air Iberia Five Three Two Five approaching fox one section ready for departure,True,ATC,Pilot,0,Other,Other,1,Other,Status report,0,ATCO Other,Pilot Status Report,0.0,N/A,Eurotrans,0.0,N/A,5335,0.0,N/A,N/A,N/A,N/A,N/A,N/A,N/A,N/A,N/A,N/A,N/A,N/A,N/A,N/A,N/A,fox one,N/A,N/A,N/A,N/A,N/A,N/A,N/A,N/A,N/A,N/A,N/A,N/A,N/A,N/A,N/A,N/A,N/A,N/A,N/A,N/A,N/A,N/A,N/A,N/A,Eurotrans Five Three Three Five,0.0,N/A,BCS5335,0.0,ATC,Pilot,0,N/A,B,0,fox one,approach | departure | tower,0.0,N/A,LZIB,0,N/A,LZIB (Bratislava),0,N/A,118.3MHz,0,N/A,4/30/2021 0:06,0,N/A,N/A,N/A,N/A,ABETI ABLOM ADAMA AGMIM ASLOT ASPIB ASTON BEGLA BERVA CIFER EKLIP GASNA GESGI KOXER KUVEX LEDRI MABOD MAREG MOVOS NATEX NIGER PESAT REKLU SOMID TOVKA UBUXI URUMU VABGU VAMOG VAPIT VEDER VYDRA XENAK XENDI,0.0,N/A,N/A,N/A,N/A,N/A,N/A,N/A,N/A,N/A,N/A,N/A,N/A,N/A,N/A,N/A,N/A,N/A,N/A,N/A,N/A,N/A,N/A,N/A,N/A,N/A,N/A,N/A,N/A,N/A,N/A,N/A,N/A,N/A,N/A,N/A,N/A,N/A,N/A,N/A,N/A,N/A,N/A,N/A,N/A,N/A,N/A,N/A,N/A,N/A,N/A,N/A,N/A,N/A,N/A,N/A,N/A,N/A,N/A,N/A,N/A,N/A,N/A,N/A,N/A,N/A,N/A,N/A,N/A,N/A,fox one,N/A,N/A,N/A,N/A,N/A,N/A,N/A,N/A,N/A,N/A,N/A,N/A,N/A,N/A,N/A,N/A,N/A,N/A,N/A,N/A,N/A,N/A,N/A,N/A,N/A,N/A,N/A,N/A,N/A,N/A,N/A,N/A,N/A,N/A,N/A,N/A,N/A,N/A,N/A,N/A,N/A,N/A,N/A,N/A,N/A,ready,0.0,N/A,approaching fox one six,0.0,N/A,N/A,N/A,N/A,N/A,N/A,N/A,N/A,N/A,N/A,N/A,N/A,N/A,llm_confidence=0.9833333333333334,0,"{""transcript"":""Air Iberia Five Three Two Five approaching fox one section ready for departure"",""role"":""Controller"",""coarse_intent"":""Other"",""fine_intent"":""Other"",""dialogue_function"":""ATCO Other"",""slots"":{""slot_control_unit"":""fox one"",""planned_route"":""fox one""},""subslots"":{}}",0.05263157894736842
LSZB_BERN_Approach_127_3MHz_20210413_112637.wav,Phi-4-multimodal-instruct + speech LoRA,Fraction Five Seven Six Hotel descend to four thousand feet cleared ARP approach runway one four report airborne track established,Radar contact Hotel Delta four thousand feet cleared approach runway one four report inbound track established,True,ATC,ATC,1,Clearance,Clearance,1,Acknowledgement,Approach,0,ATCO Clearance,ATCO Clearance,1.0,N/A,Fraction,0.0,N/A,576H,0.0,one four,14,0.0,N/A,N/A,N/A,N/A,N/A,N/A,N/A,N/A,N/A,N/A,N/A,N/A,N/A,N/A,N/A,N/A,descend,0.0,four thousand feet,4000.0,0.0,N/A,N/A,N/A,N/A,N/A,N/A,N/A,N/A,N/A,N/A,report,0.0,N/A,airborne,0.0,N/A,Fraction Five Seven Six Hotel,0.0,N/A,NJE576H,0.0,ATC,ATC,1,N/A,A,0,Hotel Delta,approach,0.0,N/A,LSZB,0,N/A,LSZB (Bern),0,N/A,127.3MHz,0,N/A,4/13/2021 11:26,0,N/A,N/A,N/A,N/A,ABARI ALETO AMRID ARNOT ARVAN ASBER BADEP BALIR BASUD BELAR BENOT BERSU BIRKI BOMEC DEKAM DOPIL DOUCI EKTUM ERMUS ESEVA ETEKI GODRA GUDAX IXUDI KONOL KORED KUBOM LAMUR LARDO LASUN LEPLA LUMEL LUTIX MASAB MEBOX MONIN NAXOL NEMAG NEMOS NOLKA OBEDU OLBEN OSKUP RAMOK REVLI ROMOM ROTOS SOSAL SUREP TADOB TELNO ULMES UMTOP VADAR VALAD VEBIT,0.0,N/A,N/A,N/A,N/A,N/A,N/A,one four,14,0.0,cleared,general clearance,0.0,four thousand feet,ARP,0.0,N/A,N/A,N/A,N/A,N/A,N/A,N/A,N/A,N/A,N/A,N/A,N/A,N/A,N/A,N/A,N/A,N/A,N/A,N/A,N/A,N/A,N/A,N/A,N/A,cleared,N/A,N/A,N/A,N/A,N/A,N/A,N/A,N/A,N/A,N/A,N/A,N/A,N/A,N/A,four thousand feet,N/A,N/A,N/A,feet,0.0,cleared,N/A,N/A,N/A,N/A,N/A,N/A,N/A,N/A,Hotel Delta,N/A,N/A,N/A,N/A,N/A,N/A,N/A,N/A,N/A,N/A,N/A,approach runway one four,ARP approach,0.0,approach,ARP approach,0.0,N/A,N/A,N/A,N/A,N/A,N/A,N/A,N/A,N/A,N/A,N/A,N/A,N/A,N/A,N/A,N/A,N/A,N/A,N/A,N/A,N/A,N/A,N/A,N/A,N/A,N/A,N/A,N/A,airborne | established,0.0,inbound track established,report airborne track established,0.0,N/A,N/A,N/A,N/A,N/A,N/A,N/A,N/A,N/A,N/A,N/A,N/A,N/A,llm_confidence=0.96,0,"{""transcript"":""Radar contact Hotel Delta four thousand feet cleared approach runway one four report inbound track established"",""role"":""Controller"",""coarse_intent"":""Clearance"",""fine_intent"":""Acknowledgement"",""dialogue_function"":""ATCO Clearance"",""slots"":{""slot_action"":""cleared"",""slot_altitude"":""four thousand feet"",""slot_runway"":""one four"",""slot_control_unit"":""Hotel Delta"",""slot_clearance_type"":""approach"",""clearance_limit"":""four thousand feet"",""procedure_assignment_keyword"":""approach"",""procedure_name"":""approach runway one four"",""position_report"":""inbound track established""},""subslots"":{""sub_clearance_keyword"":""cleared"",""sub_heading_action"":""cleared""}}",0.13333333333333333
LSZB_BERN_Approach_127_3MHz_20210424_150535.wav,Phi-4-multimodal-instruct + speech LoRA,[#callsign]Hotel[/#callsign] [#callsign]Golf[/#callsign] [#callsign]Echo[/#callsign] do you want to [#unnamed]stay[/#unnamed] [#unnamed]at[/#unnamed] [#unnamed]level[/#unnamed] [#unnamed]one[/#unnamed] [#unnamed]hundred[/#unnamed] or are you able to [#unnamed]descend[/#unnamed],Hotel Golf Echo do you want to stay at level one hundred or are you able to descend,True,ATC,ATC,1,Command,Command,1,Altitude,Altitude,1,ATCO Command,ATCO Instruction,0.0,N/A,N/A,N/A,N/A,N/A,N/A,N/A,N/A,N/A,N/A,N/A,N/A,N/A,N/A,N/A,N/A,N/A,N/A,N/A,N/A,N/A,N/A,N/A,N/A,descend,descend,1.0,100,N/A,N/A,N/A,N/A,N/A,N/A,N/A,N/A,N/A,N/A,N/A,N/A,N/A,N/A,N/A,N/A,N/A,N/A,N/A,N/A,N/A,N/A,N/A,ATC,ATC,1,N/A,A,0,N/A,approach,0.0,N/A,LSZB,0,N/A,LSZB (Bern),0,N/A,127.3MHz,0,N/A,4/24/2021 15:05,0,N/A,N/A,N/A,N/A,ABARI ALETO AMRID ARNOT ARVAN ASBER BADEP BALIR BASUD BELAR BENOT BERSU BIRKI BOMEC DEKAM DOPIL DOUCI EKTUM ERMUS ESEVA ETEKI GODRA GUDAX IXUDI KONOL KORED KUBOM LAMUR LARDO LASUN LEPLA LUMEL LUTIX MASAB MEBOX MONIN NAXOL NEMAG NEMOS NOLKA OBEDU OLBEN OSKUP RAMOK REVLI ROMOM ROTOS SOSAL SUREP TADOB TELNO ULMES UMTOP VADAR VALAD VEBIT,0.0,N/A,N/A,N/A,N/A,N/A,N/A,N/A,N/A,N/A,N/A,N/A,N/A,N/A,N/A,N/A,N/A,N/A,N/A,N/A,N/A,N/A,N/A,N/A,N/A,N/A,N/A,N/A,N/A,N/A,N/A,N/A,N/A,N/A,N/A,N/A,N/A,N/A,N/A,N/A,N/A,N/A,N/A,N/A,N/A,N/A,N/A,N/A,N/A,N/A,N/A,N/A,N/A,N/A,N/A,Echo,FL100,0.0,unspecified,flight level,0.0,descend,N/A,N/A,N/A,N/A,N/A,N/A,N/A,N/A,N/A,N/A,N/A,N/A,N/A,N/A,N/A,N/A,N/A,N/A,N/A,N/A,N/A,N/A,N/A,N/A,N/A,N/A,N/A,N/A,N/A,N/A,N/A,N/A,N/A,N/A,N/A,N/A,N/A,N/A,N/A,N/A,N/A,N/A,N/A,N/A,N/A,N/A,N/A,N/A,N/A,N/A,N/A,N/A,N/A,N/A,N/A,N/A,N/A,N/A,N/A,N/A,N/A,N/A,N/A,N/A,N/A,N/A,N/A,N/A,N/A,N/A,N/A,N/A,llm_confidence=0.0,0,"{""transcript"":""Hotel Golf Echo do you want to stay at level one hundred or are you able to descend"",""role"":""Controller"",""coarse_intent"":""Command"",""fine_intent"":""Altitude"",""dialogue_function"":""ATCO Command"",""slots"":{""slot_action"":""descend"",""slot_altitude"":""100""},""subslots"":{""sub_altitude_action"":""descend"",""sub_flight_level"":""Echo"",""sub_altitude_unit"":""unspecified""}}",0.3125
LSGS_SION_Ground_Control_121_7MHz_20210503_142105.wav,Phi-4-multimodal-instruct + speech LoRA,[#callsign]Hotel[/#callsign] [#callsign]Bravo[/#callsign] [#callsign]Kilo[/#callsign] [#callsign]Papa [/#callsign] [#callsign]Echo[/#callsign] [#value]two[/#value] [#value]one[/#value] [#value]zero[/#value] [#value]degrees[/#value] [#value]four[/#value] [#value]knots[/#value] [#value]runway[/#value] [#value]two[/#value] [#value]five[/#value] [#command]cleared[/#command] [#value]takeoff[/#value] [#command]report[/#command] [#value]november [/#value] [#value]whiskey[/#value],Hotel Bravo Kilo Papa Echo two one zero degrees four knots runway two five clear take off report november whiskey,True,Pilot,ATC,0,Report,Report,1,Report,Report,1,ATCO Information,ATCO Other,0.0,N/A,N/A,N/A,N/A,N/A,N/A,25,25,1.0,N/A,takeoff,0.0,N/A,N/A,N/A,N/A,N/A,N/A,N/A,N/A,N/A,N/A,N/A,N/A,N/A,N/A,N/A,N/A,N/A,N/A,N/A,N/A,N/A,N/A,N/A,N/A,N/A,N/A,N/A,report,report,1.0,N/A,N/A,N/A,N/A,N/A,N/A,N/A,N/A,N/A,Pilot,ATC,0,N/A,A,0,November Whiskey,ground,0.0,N/A,LSGS,0,N/A,LSGS (Sion),0,N/A,121.7MHz,0,N/A,5/3/2021 14:21,0,N/A,N/A,N/A,N/A,ALETO AOSTA BANKO BERAR BIBAN CERVI ESOKO ETEKI GARLO GODRA GOLEB GRANA INTIP LAMUR MASAB MOBLO MOLUS MONIN OMETO ORSUD PUNSA REVLI ROCCA ROMOM SANET SONOD SOSAL TERSI UBIMA VADAR VALOR VENAT VEROX,0.0,N/A,N/A,N/A,N/A,N/A,N/A,25,N/A,N/A,N/A,general clearance,0.0,N/A,N/A,N/A,N/A,N/A,N/A,N/A,N/A,N/A,N/A,N/A,N/A,N/A,N/A,N/A,N/A,N/A,N/A,N/A,N/A,N/A,N/A,N/A,N/A,N/A,N/A,N/A,N/A,N/A,N/A,N/A,N/A,N/A,N/A,N/A,N/A,N/A,N/A,N/A,N/A,N/A,N/A,N/A,N/A,N/A,N/A,N/A,N/A,clearance_for_takeoff,N/A,N/A,N/A,N/A,N/A,N/A,N/A,N/A,November Whiskey,N/A,N/A,N/A,N/A,N/A,N/A,N/A,N/A,N/A,N/A,N/A,N/A,N/A,N/A,N/A,N/A,N/A,N/A,N/A,N/A,N/A,N/A,N/A,N/A,N/A,N/A,N/A,N/A,N/A,N/A,N/A,N/A,N/A,N/A,N/A,N/A,N/A,N/A,N/A,N/A,N/A,N/A,N/A,N/A,N/A,N/A,N/A,N/A,"two one zero degrees, four knots, runway 25",0.0,N/A,N/A,N/A,N/A,N/A,N/A,N/A,N/A,N/A,N/A,N/A,N/A,N/A,needs_manual_review=True | llm_confidence=0.65,0,"{""transcript"":""Hotel Bravo Kilo Papa Echo two one zero degrees four knots runway two five clear take off report november whiskey"",""role"":""Pilot"",""coarse_intent"":""Report"",""fine_intent"":""Report"",""dialogue_function"":""ATCO Information"",""slots"":{""slot_action"":""clearance_for_takeoff"",""slot_runway"":""25"",""slot_control_unit"":""November Whiskey"",""slot_clearance_type"":""takeoff"",""slot_reason_or_condition"":""report""},""subslots"":{""sub_report_keyword"":""report""}}",0.2222222222222222
LSZB_BERN_Tower_121_0MHz_20210413_133435.wav,Phi-4-multimodal-instruct + speech LoRA,Hotel Golf Sierra after echo one join right hand base runway three two as number one and expect left hand circuit,Hotel Golf Sierra after echo one join right hand base runway three two as number one and expect the left hand circuit,True,ATC,ATC,1,Clearance,Other,0,ATCO Clearance,Other,0,ATCO Clearance,ATCO Other,0.0,N/A,N/A,N/A,N/A,N/A,N/A,32R,32,1.0,N/A,N/A,N/A,N/A,N/A,N/A,N/A,N/A,N/A,N/A,left | right,0.0,N/A,N/A,N/A,N/A,N/A,N/A,N/A,N/A,N/A,N/A,N/A,N/A,N/A,N/A,N/A,N/A,N/A,N/A,N/A,N/A,N/A,N/A,N/A,N/A,N/A,N/A,N/A,N/A,N/A,N/A,ATC,ATC,1,N/A,A,0,Hotel Golf Sierra,tower,0.0,N/A,LSZB,0,N/A,LSZB (Bern),0,N/A,121.0MHz,0,N/A,4/13/2021 13:34,0,N/A,N/A,N/A,N/A,ABARI ALETO AMRID ARNOT ARVAN ASBER BADEP BALIR BASUD BELAR BENOT BERSU BIRKI BOMEC DEKAM DOPIL DOUCI EKTUM ERMUS ESEVA ETEKI GODRA GUDAX IXUDI KONOL KORED KUBOM LAMUR LARDO LASUN LEPLA LUMEL LUTIX MASAB MEBOX MONIN NAXOL NEMAG NEMOS NOLKA OBEDU OLBEN OSKUP RAMOK REVLI ROMOM ROTOS SOSAL SUREP TADOB TELNO ULMES UMTOP VADAR VALAD VEBIT,0.0,N/A,N/A,N/A,N/A,N/A,N/A,32R,N/A,N/A,join,N/A,N/A,32R,left hand circuit,0.0,N/A,N/A,N/A,N/A,N/A,N/A,N/A,N/A,N/A,N/A,N/A,N/A,N/A,N/A,N/A,N/A,N/A,N/A,N/A,N/A,N/A,N/A,N/A,N/A,N/A,N/A,N/A,N/A,N/A,N/A,N/A,N/A,N/A,N/A,N/A,N/A,N/A,N/A,N/A,N/A,N/A,N/A,N/A,N/A,N/A,join,N/A,N/A,N/A,N/A,N/A,N/A,N/A,N/A,Hotel Golf Sierra,N/A,N/A,N/A,N/A,N/A,N/A,N/A,N/A,N/A,N/A,N/A,left hand circuit,N/A,N/A,left hand circuit,N/A,N/A,N/A,N/A,N/A,N/A,N/A,N/A,N/A,N/A,N/A,N/A,N/A,N/A,N/A,N/A,N/A,N/A,N/A,N/A,N/A,join right hand base,0.0,N/A,N/A,N/A,N/A,N/A,N/A,N/A,N/A,N/A,number one,N/A,N/A,N/A,N/A,N/A,N/A,N/A,N/A,N/A,N/A,N/A,N/A,N/A,N/A,N/A,llm_confidence=0.85,0,"{""transcript"":""Hotel Golf Sierra after echo one join right hand base runway three two as number one and expect the left hand circuit"",""role"":""Controller"",""coarse_intent"":""Clearance"",""fine_intent"":""ATCO Clearance"",""dialogue_function"":""ATCO Clearance"",""slots"":{""slot_action"":""join"",""slot_runway"":""32R"",""slot_control_unit"":""Hotel Golf Sierra"",""slot_clearance_type"":""general clearance"",""clearance_limit"":""32R"",""procedure_assignment_keyword"":""left hand circuit"",""procedure_name"":""left hand circuit"",""position_report"":""number one""},""subslots"":{""sub_clearance_keyword"":""join"",""sub_route_action"":""join""}}",0.17647058823529413
YSSY_SYDNEY_Tower_120_5MHz_20210503_201130.wav,Phi-4-multimodal-instruct + speech LoRA,Sydney tower good morning American Seventy Three ILS three four left,Zodiac tower good morning American Seventy Three ILS three four left,True,Pilot,Pilot,1,Other,Other,1,Other,Readback,0,ATCO Other,Pilot Response,0.0,N/A,N/A,N/A,N/A,N/A,N/A,N/A,34,0.0,N/A,N/A,N/A,N/A,N/A,N/A,N/A,N/A,N/A,left,left,1.0,N/A,N/A,N/A,N/A,N/A,N/A,N/A,N/A,N/A,N/A,N/A,N/A,N/A,N/A,N/A,N/A,N/A,N/A,N/A,N/A,N/A,N/A,N/A,N/A,N/A,N/A,N/A,N/A,N/A,N/A,Pilot,Pilot,1,N/A,B,0,Zodiac,tower,0.0,N/A,YSSY,0,N/A,YSSY (Sydney),0,N/A,120.5MHz,0,N/A,5/3/2021 20:11,0,N/A,N/A,N/A,N/A,ABBEY ANKUB ATRET BEROW BIGEM BIKUS BOBIG BOOGI BUVLO CLIFF COONY CORDO DALAR DEENA DIPPA DUDOK DUMOP DUNES ENDEV ENKAS ENTRA FISHA GOMUB HALAS HOOKS IGALA ISMER JAKLN JELLI JENTL JULIA KABLO KAMBA KAMPI KEVIN LANOL LISHA MAJAR MANFA MARKY MARUB MITSA NASHO NESSY NOBAR NOLEM OLSOG OVILS PEBRA PEGBA POSTY PRAWN RAKSO RENAM RISOL SBKWA SBKWB SBKWF SBKWH SBKWI SBKWM SCNWF SCNWH SCNWM SHORE SOSIJ SRIEA SRIEB SRIEF SRIEH SRIEI SRIEM SRIWF SRIWG SRIWH SRIWI SRIWM SSYEF SSYEH SSYEM SSYNF SSYNH SSYNI SSYNM SSYSF SSYSH SSYSM SSYWF SSYWH SSYWM SUZAN SYDNF SYDNH SYDNM SYDSF SYDSH SYDSM SYRBB SYRCC SYRDD SYRFF SYRGG TAMMI TESAT TONTO TONUX URDEN UXAMA VENUL VIDIK VOSSI WHALE WOLNA WOLNC WOLND WOLNF WOLNI ZONKA,0.0,N/A,N/A,N/A,ILS,N/A,N/A,N/A,N/A,N/A,N/A,N/A,N/A,N/A,N/A,N/A,N/A,N/A,N/A,N/A,N/A,N/A,N/A,N/A,N/A,left,N/A,N/A,N/A,N/A,N/A,N/A,N/A,N/A,N/A,N/A,N/A,N/A,N/A,N/A,N/A,N/A,N/A,N/A,N/A,N/A,left,N/A,N/A,N/A,N/A,N/A,N/A,N/A,N/A,N/A,N/A,N/A,N/A,N/A,N/A,N/A,N/A,N/A,N/A,N/A,N/A,N/A,N/A,N/A,Zodiac,N/A,N/A,N/A,N/A,N/A,N/A,N/A,N/A,N/A,N/A,N/A,N/A,ILS 34L,0.0,N/A,N/A,N/A,N/A,N/A,N/A,N/A,N/A,N/A,N/A,N/A,N/A,N/A,N/A,N/A,N/A,N/A,N/A,N/A,N/A,N/A,N/A,N/A,N/A,N/A,N/A,N/A,N/A,N/A,N/A,N/A,N/A,N/A,N/A,N/A,N/A,N/A,N/A,N/A,good morning,good morning,1.0,N/A,N/A,N/A,N/A,N/A,N/A,N/A,llm_confidence=1.0,0,"{""transcript"":""Zodiac tower good morning American Seventy Three ILS three four left"",""role"":""Pilot"",""coarse_intent"":""Other"",""fine_intent"":""Other"",""dialogue_function"":""ATCO Other"",""slots"":{""slot_control_unit"":""Zodiac"",""slot_procedure"":""ILS"",""slot_direction"":""left""},""subslots"":{""sub_greeting_phrase"":""good morning""}}",0.29411764705882354
LSGS_SION_Ground_Control_121_7MHz_20210502_164322.wav,Phi-4-multimodal-instruct + speech LoRA,[#callsign]Hotel[/#callsign] [#callsign]Papa[/#callsign] [#callsign]Mike[/#callsign] [#unnamed]perfect[/#unnamed] [#unnamed]thank[/#unnamed] [#unnamed]you[/#unnamed] [#unnamed]very[/#unnamed] [#unnamed]much[/#unnamed] [#unnamed]thank[/#unnamed] [#unnamed]you[/#unnamed] [#unnamed]very [/#unnamed] [#unnamed]much[/#unnamed] [#callsign]Hotel[/#callsign] [#callsign]Papa[/#callsign] [#callsign]Mike[/#callsign],Hotel Echo Mike contact me in two minutes Hotel Echo Mike,True,ATC,ATC,1,Other,Other,1,Other,Simple respond,0,ATCO Other,ATCO Other,1.0,N/A,N/A,N/A,N/A,N/A,N/A,N/A,N/A,N/A,N/A,N/A,N/A,N/A,N/A,N/A,N/A,N/A,N/A,N/A,N/A,N/A,N/A,N/A,N/A,N/A,N/A,N/A,N/A,N/A,N/A,N/A,N/A,N/A,N/A,N/A,N/A,N/A,N/A,N/A,N/A,N/A,N/A,N/A,N/A,N/A,N/A,N/A,N/A,N/A,N/A,N/A,ATC,ATC,1,N/A,A | D,0,Hotel Echo,ground,0.0,N/A,LSGS,0,N/A,LSGS (Sion),0,N/A,121.7MHz,0,N/A,5/2/2021 16:43,0,N/A,N/A,N/A,N/A,ALETO AOSTA BANKO BERAR BIBAN CERVI ESOKO ETEKI GARLO GODRA GOLEB GRANA INTIP LAMUR MASAB MOBLO MOLUS MONIN OMETO ORSUD PUNSA REVLI ROCCA ROMOM SANET SONOD SOSAL TERSI UBIMA VADAR VALOR VENAT VEROX,0.0,N/A,N/A,N/A,N/A,N/A,N/A,N/A,N/A,N/A,N/A,N/A,N/A,N/A,N/A,N/A,N/A,N/A,N/A,N/A,N/A,N/A,N/A,N/A,N/A,N/A,N/A,N/A,N/A,N/A,N/A,N/A,N/A,N/A,N/A,N/A,N/A,N/A,N/A,N/A,N/A,N/A,N/A,N/A,N/A,N/A,N/A,N/A,N/A,N/A,N/A,N/A,N/A,N/A,N/A,N/A,N/A,N/A,N/A,N/A,N/A,N/A,N/A,N/A,N/A,N/A,N/A,contact,N/A,N/A,Hotel Echo,N/A,N/A,N/A,N/A,N/A,N/A,N/A,N/A,N/A,N/A,N/A,N/A,N/A,N/A,N/A,N/A,N/A,N/A,N/A,N/A,N/A,N/A,N/A,N/A,N/A,N/A,N/A,N/A,N/A,N/A,N/A,N/A,N/A,N/A,N/A,N/A,N/A,N/A,N/A,N/A,N/A,N/A,N/A,N/A,N/A,N/A,N/A,N/A,N/A,N/A,N/A,N/A,N/A,N/A,N/A,N/A,N/A,N/A,N/A,N/A,N/A,N/A,N/A,llm_confidence=0.0,0,"{""transcript"":""Hotel Echo Mike contact me in two minutes Hotel Echo Mike"",""role"":""Controller"",""coarse_intent"":""Other"",""fine_intent"":""Other"",""dialogue_function"":""ATCO Other"",""slots"":{""slot_control_unit"":""Hotel Echo"",""slot_contact_keyword"":""contact"",""slot_contact_unit"":""Hotel Echo""},""subslots"":{""sub_contact_keyword"":""contact"",""sub_contact_unit"":""Hotel Echo""}}",0.3076923076923077
LSZH_ZURICH_ApronS_121_75MHz_20210414_163659.wav,Phi-4-multimodal-instruct + speech LoRA,[#callsign]Europa[/#callsign] [#callsign]Nine[/#callsign] [#callsign]Four[/#callsign] [#callsign]Kilo[/#callsign] [#callsign]Mike[/#callsign] contact ground one two one decimal nine zero five good bye,Euroban Nine Four Kilometre contact ground one two one decimal nine zero five good bye,True,ATC,ATC,1,Other,Command,0,Other,Transfer,0,ATCO Other,ATCO Instruction,0.0,N/A,Europa,0.0,N/A,94KM,0.0,N/A,N/A,N/A,N/A,N/A,N/A,N/A,121.905,0.0,N/A,N/A,N/A,N/A,N/A,N/A,N/A,N/A,N/A,N/A,N/A,N/A,N/A,N/A,N/A,N/A,N/A,N/A,N/A,N/A,N/A,N/A,N/A,N/A,N/A,N/A,N/A,N/A,N/A,N/A,N/A,Europa Nine Four Kilo Mike,0.0,N/A,AEA94KM,0.0,ATC,ATC,1,N/A,A,0,ground,apron | ground,0.0,N/A,LSZH,0,N/A,LSZH (Zurich),0,N/A,121.75MHz,0,N/A,4/14/2021 16:36,0,N/A,N/A,N/A,N/A,AFOLT AGERI AKABI ALBIX ALINE AMIKI AMRUP ARGAX ARGEV ARTAG ATBAS BARIG BERSU BREGO DEGES DITON DONET DOPIL EDUMI EGABI EKRIT EKTUM ELMUR ENONO ENUSO ERMUS GARMO GERSA GIPOL IBILA KELIP KESEX KOLUL KUDIS KUSIX LAMAX LAPAG LAPDI LEDMI LUMEG MANEG MANID MATIV MILNI MOMOL MOSIT NEDOV NEMAG NOLKA OBEDU OLKEV OLNAV OMIDO OSNEM OSNOG RAMEM RAUTA RILAX RINLI RIPUS RISLI ROLSA ROMIR RONBA RONIX RUDSI SITOR SONGI SONOM SUBEX SUREP TADOB TINOX TITIX UMTOP URIGI URNAS UTIXO VEBIT VEDOK VIBAX VIBEV XANAL,0.0,N/A,N/A,N/A,N/A,N/A,N/A,N/A,N/A,N/A,N/A,N/A,N/A,N/A,N/A,N/A,N/A,N/A,N/A,N/A,N/A,N/A,N/A,N/A,N/A,N/A,N/A,N/A,N/A,N/A,N/A,N/A,N/A,N/A,N/A,N/A,N/A,N/A,N/A,N/A,N/A,N/A,N/A,N/A,N/A,N/A,N/A,N/A,N/A,N/A,N/A,N/A,N/A,N/A,N/A,N/A,N/A,N/A,N/A,N/A,N/A,N/A,N/A,N/A,N/A,N/A,N/A,contact,contact,1.0,ground,ground,1.0,N/A,N/A,N/A,contact,N/A,N/A,one two one decimal nine zero five,N/A,N/A,N/A,N/A,N/A,N/A,N/A,N/A,N/A,N/A,N/A,N/A,N/A,N/A,N/A,N/A,N/A,N/A,N/A,N/A,N/A,N/A,N/A,contact,N/A,N/A,N/A,N/A,N/A,N/A,N/A,N/A,N/A,N/A,N/A,N/A,N/A,N/A,N/A,N/A,N/A,N/A,N/A,N/A,N/A,bye,0.0,N/A,N/A,N/A,N/A,N/A,N/A,N/A,llm_confidence=0.0,0,"{""transcript"":""Euroban Nine Four Kilometre contact ground one two one decimal nine zero five good bye"",""role"":""Controller"",""coarse_intent"":""Other"",""fine_intent"":""Other"",""dialogue_function"":""ATCO Other"",""slots"":{""slot_control_unit"":""ground"",""slot_restriction_type"":""contact"",""information_type"":""contact"",""information_value"":""one two one decimal nine zero five""},""subslots"":{""sub_contact_keyword"":""contact"",""sub_contact_unit"":""ground""}}",0.19047619047619047
LSGS_SION_Ground_Control_121_7MHz_20210503_083922.wav,Phi-4-multimodal-instruct + speech LoRA,[#unnamed]thank[/#unnamed] [#unnamed]you[/#unnamed] [#unnamed]QNH[/#unnamed] [#value]is[/#value] [#value]one[/#value] [#value]zero[/#value] [#value]two[/#value] [#value]three[/#value],Thank you QNH one zero eight three,True,ATC,ATC,1,Other,Information,0,Simple respond,Information,0,ATCO Confirmation,ATCO Information,0.0,N/A,N/A,N/A,N/A,N/A,N/A,N/A,N/A,N/A,N/A,N/A,N/A,QNH,N/A,N/A,N/A,N/A,N/A,1,N/A,N/A,N/A,N/A,N/A,N/A,N/A,N/A,103.8,N/A,N/A,N/A,1023.0,0.0,N/A,N/A,N/A,N/A,N/A,N/A,N/A,N/A,N/A,N/A,N/A,N/A,QNH,N/A,N/A,N/A,N/A,N/A,ATC,ATC,1,N/A,A,0,QNH,ground,0.0,N/A,LSGS,0,N/A,LSGS (Sion),0,QNH,121.7MHz,0,N/A,5/3/2021 8:39,0,N/A,N/A,N/A,N/A,ALETO AOSTA BANKO BERAR BIBAN CERVI ESOKO ETEKI GARLO GODRA GOLEB GRANA INTIP LAMUR MASAB MOBLO MOLUS MONIN OMETO ORSUD PUNSA REVLI ROCCA ROMOM SANET SONOD SOSAL TERSI UBIMA VADAR VALOR VENAT VEROX,0.0,N/A,N/A,N/A,N/A,N/A,N/A,N/A,N/A,N/A,N/A,N/A,N/A,N/A,N/A,N/A,N/A,N/A,N/A,N/A,N/A,N/A,N/A,N/A,N/A,1,N/A,N/A,N/A,N/A,N/A,N/A,N/A,N/A,N/A,N/A,N/A,N/A,N/A,N/A,N/A,N/A,N/A,N/A,N/A,N/A,1,N/A,N/A,N/A,N/A,N/A,0,N/A,N/A,103.8,N/A,N/A,N/A,N/A,N/A,N/A,N/A,N/A,N/A,N/A,N/A,N/A,N/A,N/A,QNH,N/A,N/A,N/A,N/A,N/A,QNH,QNH,1.0,103.8,10.23,0.0,N/A,N/A,N/A,N/A,N/A,N/A,N/A,N/A,N/A,N/A,N/A,N/A,N/A,N/A,N/A,N/A,N/A,N/A,N/A,N/A,N/A,N/A,N/A,N/A,N/A,N/A,N/A,N/A,N/A,N/A,N/A,N/A,N/A,N/A,N/A,N/A,N/A,N/A,N/A,Simple respond,N/A,N/A,Thank you,N/A,N/A,Noise/Unclear/Other,N/A,N/A,Other/Non-English/Other Language,N/A,N/A,N/A,llm_confidence=0.975,0,"{""transcript"":""Thank you QNH one zero eight three"",""role"":""Controller"",""coarse_intent"":""Other"",""fine_intent"":""Simple respond"",""dialogue_function"":""ATCO Confirmation"",""slots"":{""slot_control_unit"":""QNH"",""slot_altitude"":""103.8"",""slot_direction"":""1"",""slot_speed"":""0"",""slot_frequency"":""QNH"",""information_type"":""QNH"",""information_value"":""103.8""},""subslots"":{""sub_simple_response_keyword"":""Simple respond"",""sub_full_callsign"":""QNH"",""sub_greeting_phrase"":""Thank you"",""sub_noise_marker"":""Noise/Unclear/Other"",""sub_nonenglish_marker"":""Other/Non-English/Other Language""}}",0.1875
LSGS_SION_Ground_Control_121_7MHz_20210503_160018.wav,Phi-4-multimodal-instruct + speech LoRA,[#callsign]Four[/#callsign] [#callsign]Two[/#callsign] [#callsign]Six[/#callsign] [#command]redue[/#command] [#value]two[/#value] [#value]by[/#value] [#value]five[/#value],Vantage Six reduced two by five,True,ATC,ATC,1,Other,Other,1,Other,Other,1,ATCO Other,ATCO Other,1.0,N/A,N/A,N/A,N/A,N/A,N/A,N/A,N/A,N/A,N/A,N/A,N/A,N/A,N/A,N/A,N/A,N/A,N/A,N/A,N/A,N/A,N/A,N/A,N/A,N/A,N/A,N/A,N/A,N/A,N/A,N/A,N/A,N/A,N/A,N/A,N/A,N/A,N/A,N/A,N/A,N/A,N/A,N/A,N/A,N/A,N/A,N/A,N/A,N/A,N/A,N/A,ATC,ATC,1,N/A,A,0,Vantage Six,ground,0.0,N/A,LSGS,0,N/A,LSGS (Sion),0,N/A,121.7MHz,0,N/A,5/3/2021 16:00,0,N/A,N/A,N/A,N/A,ALETO AOSTA BANKO BERAR BIBAN CERVI ESOKO ETEKI GARLO GODRA GOLEB GRANA INTIP LAMUR MASAB MOBLO MOLUS MONIN OMETO ORSUD PUNSA REVLI ROCCA ROMOM SANET SONOD SOSAL TERSI UBIMA VADAR VALOR VENAT VEROX,0.0,N/A,N/A,N/A,N/A,N/A,N/A,N/A,N/A,N/A,N/A,N/A,N/A,N/A,N/A,N/A,N/A,N/A,N/A,N/A,N/A,N/A,N/A,N/A,N/A,N/A,N/A,N/A,N/A,N/A,N/A,N/A,N/A,N/A,N/A,N/A,N/A,N/A,N/A,N/A,N/A,N/A,N/A,N/A,N/A,N/A,N/A,N/A,N/A,N/A,N/A,N/A,N/A,N/A,N/A,N/A,N/A,N/A,N/A,N/A,N/A,N/A,N/A,N/A,N/A,N/A,N/A,N/A,N/A,N/A,Vantage Six,N/A,N/A,N/A,N/A,N/A,N/A,N/A,N/A,N/A,N/A,N/A,N/A,N/A,N/A,N/A,N/A,N/A,N/A,N/A,N/A,N/A,N/A,N/A,N/A,N/A,N/A,N/A,N/A,N/A,N/A,N/A,N/A,reduced,N/A,N/A,N/A,N/A,N/A,N/A,N/A,N/A,N/A,N/A,N/A,N/A,N/A,N/A,N/A,N/A,N/A,N/A,N/A,N/A,N/A,N/A,N/A,Noise/Unclear,N/A,N/A,N/A,N/A,N/A,N/A,llm_confidence=0.0,0,"{""transcript"":""Vantage Six reduced two by five"",""role"":""Controller"",""coarse_intent"":""Other"",""fine_intent"":""Other"",""dialogue_function"":""ATCO Other"",""slots"":{""slot_control_unit"":""Vantage Six"",""slot_restriction_type"":""reduced""},""subslots"":{""sub_noise_marker"":""Noise/Unclear""}}",0.38461538461538464
LSZH_ZURICH_ApronS_121_75MHz_20210414_181316.wav,Phi-4-multimodal-instruct + speech LoRA,Lot Four Two Zero contact ground one two one decimal nine zero five good bye,Hotel Bravo Foxtrot contact ground one two one decimal nine zero five good bye,True,ATC,ATC,1,Other,Command,0,Other,Transfer,0,ATCO Other,ATCO Instruction,0.0,N/A,lot,0.0,N/A,420,0.0,N/A,N/A,N/A,N/A,N/A,N/A,N/A,121.905,0.0,N/A,N/A,N/A,N/A,N/A,N/A,N/A,N/A,N/A,N/A,N/A,N/A,N/A,N/A,N/A,N/A,N/A,N/A,N/A,N/A,N/A,N/A,N/A,N/A,N/A,N/A,N/A,N/A,N/A,N/A,N/A,lot Four Two Zero,0.0,N/A,LOT420,0.0,ATC,ATC,1,N/A,A,0,ground,apron | ground,0.0,N/A,LSZH,0,N/A,LSZH (Zurich),0,N/A,121.75MHz,0,N/A,4/14/2021 18:13,0,N/A,N/A,N/A,N/A,AFOLT AGERI AKABI ALBIX ALINE AMIKI AMRUP ARGAX ARGEV ARTAG ATBAS BARIG BERSU BREGO DEGES DITON DONET DOPIL EDUMI EGABI EKRIT EKTUM ELMUR ENONO ENUSO ERMUS GARMO GERSA GIPOL IBILA KELIP KESEX KOLUL KUDIS KUSIX LAMAX LAPAG LAPDI LEDMI LUMEG MANEG MANID MATIV MILNI MOMOL MOSIT NEDOV NEMAG NOLKA OBEDU OLKEV OLNAV OMIDO OSNEM OSNOG RAMEM RAUTA RILAX RINLI RIPUS RISLI ROLSA ROMIR RONBA RONIX RUDSI SITOR SONGI SONOM SUBEX SUREP TADOB TINOX TITIX UMTOP URIGI URNAS UTIXO VEBIT VEDOK VIBAX VIBEV XANAL,0.0,N/A,N/A,N/A,N/A,N/A,N/A,N/A,N/A,N/A,N/A,N/A,N/A,N/A,N/A,N/A,N/A,N/A,N/A,N/A,N/A,N/A,N/A,N/A,N/A,N/A,N/A,N/A,N/A,N/A,N/A,N/A,N/A,N/A,N/A,N/A,N/A,N/A,N/A,N/A,N/A,N/A,N/A,N/A,N/A,N/A,N/A,N/A,N/A,N/A,N/A,N/A,N/A,N/A,N/A,N/A,N/A,N/A,N/A,N/A,N/A,N/A,N/A,N/A,N/A,N/A,N/A,contact,contact,1.0,ground,ground,1.0,N/A,N/A,N/A,N/A,N/A,N/A,N/A,N/A,N/A,N/A,N/A,N/A,N/A,N/A,N/A,N/A,N/A,N/A,N/A,N/A,N/A,N/A,N/A,N/A,N/A,N/A,N/A,N/A,N/A,N/A,N/A,N/A,N/A,N/A,N/A,N/A,N/A,N/A,N/A,N/A,N/A,N/A,N/A,N/A,N/A,N/A,N/A,N/A,N/A,N/A,N/A,N/A,bye,0.0,N/A,N/A,N/A,N/A,N/A,N/A,N/A,llm_confidence=0.0,0,"{""transcript"":""Hotel Bravo Foxtrot contact ground one two one decimal nine zero five good bye"",""role"":""Controller"",""coarse_intent"":""Other"",""fine_intent"":""Other"",""dialogue_function"":""ATCO Other"",""slots"":{""slot_control_unit"":""ground"",""slot_contact_keyword"":""contact"",""_slot_contact_unit"":""ground""},""subslots"":{""sub_contact_keyword"":""contact"",""sub_contact_unit"":""ground""}}",0.19047619047619047
LKPR_RUZYNE_Tower_134_560MHz_20201025_090915.wav,Phi-4-multimodal-instruct + speech LoRA,say again the departure we for us it is Baltu four alfa to climb five thousand feet,Oscar Kilo Echo Delta you may proceed via speak for authorisation,True,ATC,ATC,1,Command,Other,0,Flight route,Other,0,ATCO Information,ATCO Other,0.0,N/A,N/A,N/A,N/A,N/A,N/A,N/A,N/A,N/A,N/A,N/A,N/A,N/A,N/A,N/A,N/A,N/A,N/A,N/A,N/A,N/A,via speak for authorisation,N/A,N/A,N/A,climb,0.0,N/A,N/A,N/A,N/A,N/A,N/A,N/A,N/A,N/A,N/A,N/A,N/A,N/A,N/A,N/A,N/A,N/A,N/A,N/A,N/A,N/A,N/A,N/A,N/A,ATC,ATC,1,N/A,A | D,0,authorisation,departure | tower | tower,0.0,N/A,LKPR,0,N/A,LKPR (Praha Ruzyne),0,N/A,134.560MHz,0,N/A,10/25/2020 9:09,0,N/A,N/A,N/A,N/A,N/A,N/A,N/A,N/A,N/A,N/A,N/A,N/A,N/A,N/A,N/A,N/A,N/A,N/A,N/A,N/A,N/A,N/A,N/A,N/A,N/A,N/A,N/A,N/A,N/A,N/A,N/A,N/A,N/A,N/A,N/A,N/A,N/A,N/A,N/A,N/A,N/A,N/A,N/A,N/A,N/A,N/A,N/A,N/A,N/A,N/A,N/A,N/A,N/A,N/A,N/A,N/A,N/A,N/A,N/A,N/A,N/A,N/A,N/A,N/A,N/A,N/A,proceed,N/A,N/A,N/A,N/A,N/A,N/A,N/A,N/A,authorisation,N/A,N/A,N/A,N/A,N/A,authorisation,N/A,N/A,you may proceed,N/A,N/A,N/A,N/A,N/A,N/A,N/A,N/A,N/A,N/A,N/A,N/A,N/A,N/A,N/A,N/A,N/A,N/A,N/A,N/A,N/A,N/A,N/A,N/A,N/A,N/A,N/A,N/A,N/A,N/A,N/A,N/A,N/A,Baltu four alfa,0.0,N/A,N/A,N/A,N/A,N/A,N/A,N/A,N/A,N/A,N/A,N/A,N/A,N/A,N/A,N/A,N/A,N/A,N/A,N/A,llm_confidence=0.925,0,"{""transcript"":""Oscar Kilo Echo Delta you may proceed via speak for authorisation"",""role"":""Controller"",""coarse_intent"":""Command"",""fine_intent"":""Flight route"",""dialogue_function"":""ATCO Information"",""slots"":{""slot_action"":""proceed"",""slot_control_unit"":""authorisation"",""planned_route"":""via speak for authorisation"",""information_type"":""authorisation"",""information_value"":""you may proceed""},""subslots"":{""sub_route_action"":""proceed""}}",0.14285714285714285
LSZB_BERN_Tower_121_0MHz_20210414_094052.wav,Phi-4-multimodal-instruct + speech LoRA,Hotel Golf Oscar wind check zero two zero degrees one one knots can you still accept one four,Hotel Golf Oscar wind check zero two zero degrees one one knots can you still accept one four,True,ATC,ATC,1,Command,Information,0,Flight route,Information,0,ATCO Command,ATCO Information,0.0,N/A,N/A,N/A,N/A,N/A,N/A,N/A,N/A,N/A,N/A,N/A,N/A,149.1,N/A,N/A,N/A,N/A,N/A,11.0,N/A,N/A,N/A,N/A,N/A,N/A,N/A,N/A,N/A,N/A,N/A,N/A,N/A,N/A,N/A,N/A,N/A,N/A,N/A,N/A,N/A,N/A,N/A,N/A,N/A,N/A,N/A,N/A,N/A,N/A,N/A,N/A,ATC,ATC,1,N/A,A,0,N/A,tower,0.0,N/A,LSZB,0,N/A,LSZB (Bern),0,149.1,121.0MHz,0,N/A,4/14/2021 9:40,0,N/A,N/A,N/A,N/A,ABARI ALETO AMRID ARNOT ARVAN ASBER BADEP BALIR BASUD BELAR BENOT BERSU BIRKI BOMEC DEKAM DOPIL DOUCI EKTUM ERMUS ESEVA ETEKI GODRA GUDAX IXUDI KONOL KORED KUBOM LAMUR LARDO LASUN LEPLA LUMEL LUTIX MASAB MEBOX MONIN NAXOL NEMAG NEMOS NOLKA OBEDU OLBEN OSKUP RAMOK REVLI ROMOM ROTOS SOSAL SUREP TADOB TELNO ULMES UMTOP VADAR VALAD VEBIT,0.0,N/A,N/A,N/A,N/A,N/A,N/A,N/A,N/A,N/A,N/A,N/A,N/A,N/A,N/A,N/A,N/A,N/A,N/A,N/A,N/A,N/A,N/A,N/A,N/A,11.0,N/A,N/A,N/A,N/A,N/A,N/A,N/A,N/A,N/A,N/A,N/A,N/A,N/A,N/A,N/A,N/A,N/A,N/A,N/A,N/A,11.0,N/A,N/A,N/A,N/A,N/A,1.1,N/A,N/A,N/A,N/A,N/A,N/A,N/A,N/A,accept,N/A,N/A,N/A,N/A,N/A,N/A,N/A,N/A,N/A,N/A,N/A,N/A,N/A,N/A,Wind,wind_check,0.0,Hotel Golf Oscar 020°/1.1 knots,wind check 200° 11 knots,0.0,N/A,N/A,N/A,N/A,N/A,N/A,N/A,N/A,N/A,N/A,N/A,N/A,N/A,N/A,N/A,N/A,N/A,N/A,N/A,N/A,N/A,N/A,N/A,N/A,N/A,N/A,N/A,N/A,N/A,N/A,1/4,N/A,N/A,N/A,N/A,N/A,N/A,N/A,N/A,N/A,N/A,N/A,N/A,N/A,N/A,N/A,N/A,N/A,N/A,N/A,N/A,N/A,llm_confidence=0.95,0,"{""transcript"":""Hotel Golf Oscar wind check zero two zero degrees one one knots can you still accept one four"",""role"":""Controller"",""coarse_intent"":""Command"",""fine_intent"":""Flight route"",""dialogue_function"":""ATCO Command"",""slots"":{""slot_action"":""wind_check"",""slot_frequency"":149.1,""slot_direction"":11.0,""slot_speed"":1.1,""requested_item"":""1/4"",""information_type"":""Wind"",""information_value"":""Hotel Golf Oscar 020°/1.1 knots""},""subslots"":{""sub_route_action"":""accept""}}",0.13333333333333333
YSSY_SYDNEY_Tower_120_5MHz_20210504_065016.wav,Phi-4-multimodal-instruct + speech LoRA,tower good afternoon China Southern Three Zero One established ILS one six right China Southern Three Zero One heavy Sydney tower good afternoon,Sierra Seven Seven Three Zero One Hebbie check you out good afternoon,True,ATC,Pilot,0,Other,Other,1,Other,Readback,0,ATCO Other,Pilot Status Report,0.0,N/A,China Southern,0.0,N/A,301,0.0,N/A,16,0.0,N/A,N/A,N/A,N/A,N/A,N/A,N/A,N/A,N/A,N/A,right,0.0,N/A,N/A,N/A,N/A,N/A,N/A,N/A,N/A,N/A,N/A,N/A,N/A,N/A,N/A,N/A,N/A,N/A,N/A,N/A,N/A,N/A,N/A,N/A,N/A,N/A,China Southern Three Zero One,0.0,N/A,CSN301,0.0,ATC,Pilot,0,N/A,B | A,0,Sierra Seven Seven Three Zero One Hebbie,tower,0.0,N/A,YSSY,0,N/A,YSSY (Sydney),0,N/A,120.5MHz,0,N/A,5/4/2021 6:50,0,N/A,N/A,N/A,N/A,ABBEY ANKUB ATRET BEROW BIGEM BIKUS BOBIG BOOGI BUVLO CLIFF COONY CORDO DALAR DEENA DIPPA DUDOK DUMOP DUNES ENDEV ENKAS ENTRA FISHA GOMUB HALAS HOOKS IGALA ISMER JAKLN JELLI JENTL JULIA KABLO KAMBA KAMPI KEVIN LANOL LISHA MAJAR MANFA MARKY MARUB MITSA NASHO NESSY NOBAR NOLEM OLSOG OVILS PEBRA PEGBA POSTY PRAWN RAKSO RENAM RISOL SBKWA SBKWB SBKWF SBKWH SBKWI SBKWM SCNWF SCNWH SCNWM SHORE SOSIJ SRIEA SRIEB SRIEF SRIEH SRIEI SRIEM SRIWF SRIWG SRIWH SRIWI SRIWM SSYEF SSYEH SSYEM SSYNF SSYNH SSYNI SSYNM SSYSF SSYSH SSYSM SSYWF SSYWH SSYWM SUZAN SYDNF SYDNH SYDNM SYDSF SYDSH SYDSM SYRBB SYRCC SYRDD SYRFF SYRGG TAMMI TESAT TONTO TONUX URDEN UXAMA VENUL VIDIK VOSSI WHALE WOLNA WOLNC WOLND WOLNF WOLNI ZONKA,0.0,N/A,N/A,N/A,N/A,N/A,N/A,N/A,N/A,N/A,N/A,N/A,N/A,N/A,N/A,N/A,N/A,N/A,N/A,N/A,N/A,N/A,N/A,N/A,N/A,N/A,N/A,N/A,N/A,N/A,N/A,N/A,N/A,N/A,N/A,N/A,N/A,N/A,N/A,N/A,N/A,N/A,N/A,N/A,N/A,N/A,N/A,N/A,N/A,N/A,N/A,N/A,N/A,N/A,N/A,N/A,N/A,N/A,N/A,N/A,N/A,N/A,N/A,N/A,N/A,N/A,N/A,N/A,N/A,N/A,Sierra Seven Seven Three Zero One Hebbie,N/A,N/A,N/A,N/A,N/A,N/A,N/A,N/A,N/A,N/A,N/A,N/A,ILS,0.0,N/A,N/A,N/A,N/A,N/A,N/A,N/A,N/A,N/A,N/A,N/A,N/A,N/A,N/A,N/A,N/A,N/A,N/A,N/A,N/A,N/A,N/A,N/A,N/A,N/A,N/A,N/A,N/A,N/A,N/A,N/A,established,0.0,N/A,established ILS 16R,0.0,N/A,N/A,N/A,good afternoon,good afternoon,1.0,N/A,N/A,N/A,N/A,N/A,N/A,N/A,llm_confidence=0.9833333333333334,0,"{""transcript"":""Sierra Seven Seven Three Zero One Hebbie check you out good afternoon"",""role"":""Controller"",""coarse_intent"":""Other"",""fine_intent"":""Other"",""dialogue_function"":""ATCO Other"",""slots"":{""slot_control_unit"":""Sierra Seven Seven Three Zero One Hebbie""},""subslots"":{""sub_greeting_phrase"":""good afternoon""}}",0.08695652173913043
YSSY_SYDNEY_Tower_120_5MHz_20210502_040816.wav,Phi-4-multimodal-instruct + speech LoRA,Sydney tower Qantas Six Forty Two Qantas Six Forty Two Sydney tower good day,Sydney tower Qantas Six Forty Two,True,ATC,Pilot,0,Other,Other,1,Other,Other,1,ATCO Other,Pilot Response,0.0,N/A,N/A,N/A,N/A,N/A,N/A,N/A,N/A,N/A,N/A,N/A,N/A,N/A,N/A,N/A,N/A,N/A,N/A,N/A,N/A,N/A,N/A,N/A,N/A,N/A,N/A,N/A,N/A,N/A,N/A,N/A,N/A,N/A,N/A,N/A,N/A,N/A,N/A,N/A,N/A,N/A,N/A,N/A,N/A,N/A,N/A,N/A,N/A,N/A,N/A,N/A,ATC,Pilot,0,N/A,B | A,0,Sydney tower,tower,0.0,N/A,YSSY,0,N/A,YSSY (Sydney),0,N/A,120.5MHz,0,N/A,5/2/2021 4:08,0,N/A,N/A,N/A,N/A,ABBEY ANKUB ATRET BEROW BIGEM BIKUS BOBIG BOOGI BUVLO CLIFF COONY CORDO DALAR DEENA DIPPA DUDOK DUMOP DUNES ENDEV ENKAS ENTRA FISHA GOMUB HALAS HOOKS IGALA ISMER JAKLN JELLI JENTL JULIA KABLO KAMBA KAMPI KEVIN LANOL LISHA MAJAR MANFA MARKY MARUB MITSA NASHO NESSY NOBAR NOLEM OLSOG OVILS PEBRA PEGBA POSTY PRAWN RAKSO RENAM RISOL SBKWA SBKWB SBKWF SBKWH SBKWI SBKWM SCNWF SCNWH SCNWM SHORE SOSIJ SRIEA SRIEB SRIEF SRIEH SRIEI SRIEM SRIWF SRIWG SRIWH SRIWI SRIWM SSYEF SSYEH SSYEM SSYNF SSYNH SSYNI SSYNM SSYSF SSYSH SSYSM SSYWF SSYWH SSYWM SUZAN SYDNF SYDNH SYDNM SYDSF SYDSH SYDSM SYRBB SYRCC SYRDD SYRFF SYRGG TAMMI TESAT TONTO TONUX URDEN UXAMA VENUL VIDIK VOSSI WHALE WOLNA WOLNC WOLND WOLNF WOLNI ZONKA,0.0,N/A,N/A,N/A,N/A,N/A,N/A,N/A,N/A,N/A,N/A,N/A,N/A,N/A,N/A,N/A,N/A,N/A,N/A,N/A,N/A,N/A,N/A,N/A,N/A,N/A,N/A,N/A,N/A,N/A,N/A,N/A,N/A,N/A,N/A,N/A,N/A,N/A,N/A,N/A,N/A,N/A,N/A,N/A,N/A,N/A,N/A,N/A,N/A,N/A,N/A,N/A,N/A,N/A,N/A,N/A,N/A,N/A,N/A,N/A,N/A,N/A,N/A,N/A,N/A,N/A,N/A,N/A,N/A,N/A,Sydney tower,N/A,N/A,N/A,N/A,N/A,N/A,N/A,N/A,N/A,N/A,N/A,N/A,N/A,N/A,N/A,N/A,N/A,N/A,N/A,N/A,N/A,N/A,N/A,N/A,N/A,N/A,N/A,N/A,N/A,N/A,N/A,N/A,N/A,N/A,N/A,N/A,N/A,N/A,N/A,N/A,N/A,N/A,N/A,N/A,N/A,N/A,N/A,N/A,N/A,N/A,N/A,N/A,N/A,N/A,N/A,N/A,N/A,N/A,N/A,Non-English/Other Language,N/A,N/A,N/A,llm_confidence=0.0,0,"{""transcript"":""Sydney tower Qantas Six Forty Two"",""role"":""Controller"",""coarse_intent"":""Other"",""fine_intent"":""Other"",""dialogue_function"":""ATCO Other"",""slots"":{""slot_control_unit"":""Sydney tower""},""subslots"":{""sub_nonenglish_marker"":""Non-English/Other Language""}}",0.15384615384615385
LSZH_ZURICH_Tower_118_1MHz_20210424_092648.wav,Phi-4-multimodal-instruct + speech LoRA,Hotel Delta Charlie your're at the CTR frequency change approved bye bye,Hotel Hotel Charlie you're at ZPR frequency change approved bye bye,True,ATC,ATC,1,Other,Other,1,Other,Simple respond,0,ATCO Other,ATCO Other,1.0,N/A,N/A,N/A,N/A,N/A,N/A,N/A,N/A,N/A,N/A,N/A,N/A,N/A,N/A,N/A,N/A,N/A,N/A,N/A,N/A,N/A,N/A,N/A,N/A,N/A,N/A,N/A,N/A,N/A,N/A,N/A,N/A,N/A,N/A,N/A,N/A,N/A,N/A,N/A,N/A,N/A,N/A,N/A,N/A,N/A,N/A,N/A,N/A,N/A,N/A,N/A,ATC,ATC,1,N/A,A,0,ZPR,tower,0.0,N/A,LSZH,0,N/A,LSZH (Zurich),0,N/A,118.1MHz,0,N/A,4/24/2021 9:26,0,N/A,N/A,N/A,N/A,AFOLT AGERI AKABI ALBIX ALINE AMIKI AMRUP ARGAX ARGEV ARTAG ATBAS BARIG BERSU BREGO DEGES DITON DONET DOPIL EDUMI EGABI EKRIT EKTUM ELMUR ENONO ENUSO ERMUS GARMO GERSA GIPOL IBILA KELIP KESEX KOLUL KUDIS KUSIX LAMAX LAPAG LAPDI LEDMI LUMEG MANEG MANID MATIV MILNI MOMOL MOSIT NEDOV NEMAG NOLKA OBEDU OLKEV OLNAV OMIDO OSNEM OSNOG RAMEM RAUTA RILAX RINLI RIPUS RISLI ROLSA ROMIR RONBA RONIX RUDSI SITOR SONGI SONOM SUBEX SUREP TADOB TINOX TITIX UMTOP URIGI URNAS UTIXO VEBIT VEDOK VIBAX VIBEV XANAL,0.0,N/A,N/A,N/A,N/A,N/A,N/A,N/A,N/A,N/A,N/A,N/A,N/A,N/A,N/A,N/A,N/A,N/A,N/A,N/A,N/A,N/A,N/A,N/A,N/A,N/A,N/A,N/A,N/A,N/A,N/A,N/A,N/A,N/A,N/A,N/A,N/A,N/A,N/A,N/A,N/A,N/A,N/A,N/A,N/A,N/A,N/A,N/A,N/A,N/A,N/A,N/A,N/A,N/A,N/A,N/A,N/A,N/A,N/A,N/A,N/A,N/A,N/A,N/A,N/A,N/A,N/A,N/A,N/A,N/A,ZPR,N/A,N/A,N/A,change,0.0,N/A,frequency change,0.0,N/A,CTR frequency change approved,0.0,N/A,N/A,N/A,N/A,N/A,N/A,N/A,N/A,N/A,N/A,N/A,N/A,N/A,N/A,N/A,N/A,N/A,N/A,N/A,N/A,N/A,N/A,N/A,N/A,N/A,N/A,N/A,N/A,N/A,N/A,N/A,N/A,N/A,N/A,N/A,N/A,N/A,N/A,N/A,N/A,N/A,N/A,N/A,bye,0.0,N/A,N/A,N/A,Non-English/Other Language,N/A,N/A,N/A,llm_confidence=0.95,0,"{""transcript"":""Hotel Hotel Charlie you're at ZPR frequency change approved bye bye"",""role"":""Controller"",""coarse_intent"":""Other"",""fine_intent"":""Other"",""dialogue_function"":""ATCO Other"",""slots"":{""slot_control_unit"":""ZPR"",""slot_frequency_change"":""approved""},""subslots"":{""sub_nonenglish_marker"":""Non-English/Other Language""}}",0.23529411764705882
LSZB_BERN_Tower_121_0MHz_20210413_102305.wav,Phi-4-multimodal-instruct + speech LoRA,Hotel Golf Sierra can offer you only one touch and go then upon route whiskey due to it's launch time there are no circuits approved,Hotel Golf Sierra can offer you only one touch and go and then up and route whiskey due to it's lunch time there are no circuits approved,True,ATC,ATC,1,Other,Command,0,Other,Flight route,0,ATCO Other,ATCO Instruction,0.0,N/A,N/A,N/A,N/A,N/A,N/A,N/A,N/A,N/A,N/A,N/A,N/A,N/A,N/A,N/A,N/A,N/A,N/A,N/A,N/A,N/A,N/A,route whiskey,0.0,N/A,N/A,N/A,N/A,N/A,N/A,N/A,N/A,N/A,N/A,N/A,N/A,N/A,N/A,N/A,N/A,N/A,N/A,N/A,N/A,N/A,N/A,N/A,N/A,N/A,N/A,N/A,ATC,ATC,1,N/A,A,0,Hotel Golf Sierra,tower,0.0,N/A,LSZB,0,N/A,LSZB (Bern),0,N/A,121.0MHz,0,N/A,4/13/2021 10:23,0,N/A,N/A,N/A,N/A,ABARI ALETO AMRID ARNOT ARVAN ASBER BADEP BALIR BASUD BELAR BENOT BERSU BIRKI BOMEC DEKAM DOPIL DOUCI EKTUM ERMUS ESEVA ETEKI GODRA GUDAX IXUDI KONOL KORED KUBOM LAMUR LARDO LASUN LEPLA LUMEL LUTIX MASAB MEBOX MONIN NAXOL NEMAG NEMOS NOLKA OBEDU OLBEN OSKUP RAMOK REVLI ROMOM ROTOS SOSAL SUREP TADOB TELNO ULMES UMTOP VADAR VALAD VEBIT,0.0,N/A,N/A,N/A,N/A,N/A,N/A,N/A,N/A,N/A,N/A,N/A,N/A,N/A,N/A,N/A,N/A,N/A,N/A,N/A,N/A,N/A,N/A,N/A,N/A,N/A,N/A,N/A,N/A,N/A,N/A,N/A,N/A,N/A,N/A,N/A,N/A,N/A,N/A,N/A,N/A,N/A,N/A,N/A,N/A,N/A,N/A,N/A,N/A,N/A,N/A,N/A,N/A,N/A,N/A,N/A,N/A,N/A,N/A,N/A,N/A,N/A,N/A,N/A,N/A,N/A,N/A,N/A,N/A,N/A,Hotel Golf Sierra,N/A,N/A,N/A,N/A,N/A,N/A,N/A,N/A,N/A,N/A,N/A,N/A,N/A,N/A,N/A,N/A,N/A,N/A,N/A,N/A,N/A,N/A,N/A,N/A,N/A,N/A,N/A,N/A,N/A,N/A,N/A,N/A,lunch time,N/A,N/A,N/A,due to it's launch time,0.0,N/A,N/A,N/A,N/A,N/A,N/A,N/A,N/A,N/A,N/A,N/A,N/A,N/A,no,0.0,N/A,N/A,N/A,N/A,N/A,N/A,N/A,N/A,N/A,N/A,llm_confidence=0.8999999999999999,0,"{""transcript"":""Hotel Golf Sierra can offer you only one touch and go and then up and route whiskey due to it's lunch time there are no circuits approved"",""role"":""Controller"",""coarse_intent"":""Other"",""fine_intent"":""Other"",""dialogue_function"":""ATCO Other"",""slots"":{""slot_control_unit"":""Hotel Golf Sierra"",""slot_restriction_type"":""lunch time""},""subslots"":{}}",0.125
LSZB_BERN_Tower_121_0MHz_20210413_124320.wav,Phi-4-multimodal-instruct + speech LoRA,Hotel Bravo Sierra Golf Romeo Bern Tower into control by route november join mid left downwind runway one four QNH one zero two seven,Hotel Bravo Sierra Golf Romeo Bern tower enter controlled runway two november join at midfield down runway one four in hash one zero two seven,True,Pilot,ATC,0,Other,Command,0,Other,Flight route,0,ATCO Other,ATCO Instruction,0.0,N/A,N/A,N/A,N/A,N/A,N/A,2N,14,0.0,N/A,N/A,N/A,N/A,N/A,N/A,N/A,N/A,N/A,N/A,left,0.0,N/A,route november join mid,0.0,N/A,N/A,N/A,N/A,N/A,N/A,N/A,1027.0,0.0,N/A,N/A,N/A,N/A,N/A,N/A,N/A,N/A,N/A,N/A,N/A,N/A,N/A,N/A,N/A,N/A,N/A,N/A,Pilot,ATC,0,N/A,A,0,Bern tower,tower,0.0,N/A,LSZB,0,N/A,LSZB (Bern),0,N/A,121.0MHz,0,N/A,4/13/2021 12:43,0,N/A,N/A,N/A,N/A,ABARI ALETO AMRID ARNOT ARVAN ASBER BADEP BALIR BASUD BELAR BENOT BERSU BIRKI BOMEC DEKAM DOPIL DOUCI EKTUM ERMUS ESEVA ETEKI GODRA GUDAX IXUDI KONOL KORED KUBOM LAMUR LARDO LASUN LEPLA LUMEL LUTIX MASAB MEBOX MONIN NAXOL NEMAG NEMOS NOLKA OBEDU OLBEN OSKUP RAMOK REVLI ROMOM ROTOS SOSAL SUREP TADOB TELNO ULMES UMTOP VADAR VALAD VEBIT,0.0,N/A,N/A,N/A,N/A,N/A,N/A,2N,N/A,N/A,join,N/A,N/A,N/A,N/A,N/A,N/A,N/A,N/A,N/A,N/A,N/A,N/A,N/A,N/A,N/A,N/A,N/A,N/A,N/A,N/A,N/A,N/A,N/A,N/A,N/A,N/A,N/A,N/A,N/A,N/A,N/A,N/A,N/A,N/A,N/A,N/A,N/A,N/A,N/A,N/A,N/A,N/A,N/A,N/A,N/A,N/A,N/A,N/A,N/A,N/A,join,N/A,N/A,N/A,N/A,N/A,N/A,N/A,N/A,Bern tower,N/A,N/A,N/A,N/A,N/A,join,flight route,0.0,at midfield down runway one four in hash one zero two seven,by route november join mid left downwind runway one four,0.0,N/A,N/A,N/A,N/A,N/A,N/A,N/A,N/A,N/A,N/A,N/A,N/A,N/A,N/A,N/A,N/A,N/A,N/A,N/A,N/A,N/A,Other,N/A,N/A,N/A,N/A,N/A,N/A,N/A,N/A,N/A,N/A,N/A,N/A,N/A,N/A,N/A,N/A,N/A,N/A,N/A,N/A,N/A,N/A,N/A,N/A,N/A,N/A,N/A,N/A,N/A,N/A,llm_confidence=0.9499999999999998,0,"{""transcript"":""Hotel Bravo Sierra Golf Romeo Bern tower enter controlled runway two november join at midfield down runway one four in hash one zero two seven"",""role"":""Pilot"",""coarse_intent"":""Other"",""fine_intent"":""Other"",""dialogue_function"":""ATCO Other"",""slots"":{""slot_action"":""join"",""slot_runway"":""2N"",""slot_control_unit"":""Bern tower"",""slot_clearance_type"":""join"",""slot_restriction_type"":""Other"",""information_type"":""join"",""information_value"":""at midfield down runway one four in hash one zero two seven""},""subslots"":{""sub_clearance_keyword"":""join""}}",0.0
LKPR_RUZYNE_Tower_134_560MHz_20201027_135224.wav,Phi-4-multimodal-instruct + speech LoRA,Ryan Air One Bravo Alfa startup is approved startup approved Ryan Air One Bravo Alfa,Hotel Papa Qantas Nine One Zero Qantas Nine One Zero thank you very much,True,Pilot,ATC,0,Other,Other,1,Other,Other,1,ATCO Other,ATCO Other,1.0,N/A,Ryan Air,0.0,N/A,1BA,0.0,N/A,N/A,N/A,N/A,N/A,N/A,N/A,N/A,N/A,N/A,N/A,N/A,N/A,N/A,N/A,N/A,N/A,N/A,N/A,N/A,N/A,N/A,N/A,N/A,N/A,N/A,N/A,N/A,N/A,N/A,N/A,N/A,N/A,N/A,N/A,N/A,N/A,N/A,N/A,N/A,Ryan Air One Bravo Alfa,0.0,N/A,RYR1BA,0.0,Pilot,ATC,0,N/A,A | B,0,Qantas Nine One Zero,tower,0.0,N/A,LKPR,0,N/A,LKPR (Praha Ruzyne),0,N/A,134.560MHz,0,N/A,10/27/2020 13:52,0,N/A,N/A,N/A,N/A,AKEVA ARVEG BAGRU BAROX BAVIN BEKVI ELMEK ELPON ERASU EVEMI KENOK KUVIX LETNA RATEV RISUK SOMIS SULOV TIPRU UTORO,0.0,N/A,N/A,N/A,Qantas Nine One Zero procedure assignment,N/A,N/A,N/A,N/A,N/A,N/A,N/A,N/A,N/A,N/A,N/A,N/A,N/A,N/A,N/A,N/A,N/A,N/A,N/A,N/A,N/A,N/A,N/A,N/A,N/A,N/A,N/A,N/A,N/A,N/A,N/A,N/A,N/A,N/A,N/A,N/A,N/A,N/A,N/A,N/A,N/A,N/A,N/A,N/A,N/A,N/A,N/A,N/A,N/A,N/A,N/A,N/A,N/A,N/A,N/A,N/A,N/A,N/A,N/A,N/A,N/A,N/A,N/A,N/A,N/A,Qantas Nine One Zero,N/A,N/A,N/A,N/A,N/A,Other information,N/A,N/A,Thank you very much,N/A,N/A,N/A,N/A,N/A,N/A,N/A,N/A,N/A,N/A,N/A,N/A,N/A,N/A,N/A,N/A,N/A,N/A,N/A,N/A,N/A,N/A,N/A,N/A,N/A,N/A,N/A,N/A,N/A,N/A,N/A,N/A,N/A,N/A,N/A,N/A,N/A,N/A,N/A,N/A,N/A,N/A,N/A,N/A,N/A,N/A,N/A,N/A,N/A,N/A,N/A,N/A,N/A,N/A,needs_manual_review=True | llm_confidence=0.6666666666666666,0,"{""transcript"":""Hotel Papa Qantas Nine One Zero Qantas Nine One Zero thank you very much"",""role"":""Pilot"",""coarse_intent"":""Other"",""fine_intent"":""Other"",""dialogue_function"":""ATCO Other"",""slots"":{""slot_control_unit"":""Qantas Nine One Zero"",""slot_procedure"":""Qantas Nine One Zero procedure assignment"",""information_type"":""Other information"",""information_value"":""Thank you very much""},""subslots"":{}}",0.17647058823529413
LSZB_BERN_Approach_127_3MHz_20210425_162033.wav,Phi-4-multimodal-instruct + speech LoRA,Hotel Delta Lima via bravo then taxi your discretion blue sector if it is full green four is available,Hotel Delta Lima via Bravo then taxi your discretion blue sector if it's full green four is available,True,ATC,ATC,1,Clearance,Command,0,ATCO Clearance,Flight route,0,ATCO Clearance,ATCO Instruction,0.0,N/A,N/A,N/A,N/A,N/A,N/A,N/A,N/A,N/A,N/A,N/A,N/A,N/A,N/A,N/A,taxi,taxi,1.0,N/A,N/A,N/A,N/A,Hotel Delta Lima via bravo,0.0,N/A,N/A,N/A,N/A,N/A,N/A,N/A,N/A,N/A,N/A,N/A,N/A,N/A,N/A,N/A,N/A,N/A,N/A,N/A,N/A,N/A,N/A,N/A,N/A,N/A,N/A,N/A,ATC,ATC,1,N/A,A,0,Hotel Delta Lima,approach,0.0,N/A,LSZB,0,N/A,LSZB (Bern),0,N/A,127.3MHz,0,N/A,4/25/2021 16:20,0,N/A,N/A,N/A,N/A,ABARI ALETO AMRID ARNOT ARVAN ASBER BADEP BALIR BASUD BELAR BENOT BERSU BIRKI BOMEC DEKAM DOPIL DOUCI EKTUM ERMUS ESEVA ETEKI GODRA GUDAX IXUDI KONOL KORED KUBOM LAMUR LARDO LASUN LEPLA LUMEL LUTIX MASAB MEBOX MONIN NAXOL NEMAG NEMOS NOLKA OBEDU OLBEN OSKUP RAMOK REVLI ROMOM ROTOS SOSAL SUREP TADOB TELNO ULMES UMTOP VADAR VALAD VEBIT,0.0,N/A,N/A,N/A,N/A,N/A,N/A,N/A,N/A,N/A,N/A,N/A,N/A,N/A,N/A,N/A,N/A,N/A,N/A,N/A,N/A,N/A,N/A,N/A,N/A,N/A,N/A,N/A,N/A,BLUE SECTOR,0.0,N/A,N/A,N/A,N/A,N/A,N/A,N/A,N/A,N/A,N/A,N/A,N/A,N/A,N/A,N/A,N/A,N/A,N/A,N/A,N/A,N/A,N/A,N/A,N/A,N/A,N/A,N/A,N/A,N/A,N/A,taxi,taxi,1.0,N/A,N/A,N/A,N/A,N/A,N/A,Hotel Delta Lima,N/A,N/A,N/A,N/A,N/A,N/A,N/A,N/A,N/A,N/A,N/A,N/A,N/A,N/A,N/A,N/A,N/A,N/A,BRAVO,0.0,N/A,N/A,N/A,N/A,Hotel Delta Lima via Bravo then taxi your discretion Blue Sector if it is full Green Four is available,0.0,N/A,N/A,N/A,N/A,N/A,N/A,discretionary,N/A,N/A,N/A,N/A,N/A,N/A,N/A,N/A,N/A,N/A,N/A,N/A,N/A,N/A,N/A,N/A,N/A,N/A,N/A,N/A,N/A,N/A,N/A,N/A,N/A,N/A,N/A,N/A,N/A,N/A,llm_confidence=0.9166666666666666,0,"{""transcript"":""Hotel Delta Lima via Bravo then taxi your discretion blue sector if it's full green four is available"",""role"":""Controller"",""coarse_intent"":""Clearance"",""fine_intent"":""ATCO Clearance"",""dialogue_function"":""ATCO Clearance"",""slots"":{""slot_action"":""taxi"",""slot_control_unit"":""Hotel Delta Lima"",""slot_restriction_type"":""discretionary"",""slot_reason_or_condition"":""if it's full""},""subslots"":{""sub_taxi_action"":""taxi""}}",0.21052631578947367
LSZB_BERN_Approach_127_3MHz_20210416_072155.wav,Phi-4-multimodal-instruct + speech LoRA,Riga Quebec Lima traffic single engine at your ten o'clock position four miles crossing from left to right at five thousand five hundred feet,Vega Quebec Lima traffic single engine at your ten o'clock position four miles crossing from left to right at five thousand five hundred feet,True,ATC,ATC,1,Information,Information,1,ATCO Information,Information,0,ATCO Information,ATCO Information,1.0,N/A,N/A,N/A,N/A,N/A,N/A,N/A,N/A,N/A,N/A,N/A,N/A,N/A,N/A,N/A,N/A,N/A,N/A,N/A,left | right,0.0,N/A,N/A,N/A,N/A,N/A,N/A,5500,N/A,N/A,N/A,N/A,N/A,N/A,N/A,N/A,N/A,N/A,N/A,N/A,N/A,N/A,N/A,N/A,N/A,N/A,N/A,N/A,N/A,N/A,N/A,ATC,ATC,1,N/A,A,0,traffic,approach,0.0,N/A,LSZB,0,N/A,LSZB (Bern),0,N/A,127.3MHz,0,10 o'clock,4/16/2021 7:21,0,N/A,N/A,N/A,N/A,ABARI ALETO AMRID ARNOT ARVAN ASBER BADEP BALIR BASUD BELAR BENOT BERSU BIRKI BOMEC DEKAM DOPIL DOUCI EKTUM ERMUS ESEVA ETEKI GODRA GUDAX IXUDI KONOL KORED KUBOM LAMUR LARDO LASUN LEPLA LUMEL LUTIX MASAB MEBOX MONIN NAXOL NEMAG NEMOS NOLKA OBEDU OLBEN OSKUP RAMOK REVLI ROMOM ROTOS SOSAL SUREP TADOB TELNO ULMES UMTOP VADAR VALAD VEBIT,0.0,N/A,N/A,N/A,N/A,N/A,N/A,N/A,N/A,N/A,N/A,N/A,N/A,N/A,N/A,N/A,N/A,N/A,N/A,N/A,N/A,N/A,N/A,N/A,N/A,N/A,N/A,N/A,N/A,N/A,N/A,N/A,N/A,N/A,N/A,N/A,N/A,N/A,N/A,N/A,N/A,N/A,N/A,N/A,N/A,N/A,N/A,N/A,N/A,N/A,N/A,N/A,N/A,N/A,N/A,5500,N/A,N/A,N/A,N/A,N/A,Traffic Advisory,N/A,N/A,N/A,N/A,N/A,N/A,N/A,N/A,traffic,N/A,N/A,N/A,N/A,N/A,N/A,traffic,0.0,N/A,Riga Quebec Lima traffic single engine at your ten o'clock position four miles crossing from left to right at five thousand five hundred feet,0.0,N/A,N/A,N/A,N/A,N/A,N/A,N/A,N/A,N/A,N/A,N/A,N/A,N/A,N/A,N/A,N/A,N/A,N/A,N/A,N/A,N/A,Single Engine,N/A,N/A,N/A,N/A,N/A,N/A,N/A,N/A,N/A,N/A,N/A,N/A,N/A,N/A,N/A,N/A,N/A,N/A,N/A,N/A,N/A,N/A,N/A,N/A,N/A,N/A,N/A,N/A,N/A,N/A,needs_manual_review=True | llm_confidence=0.6333333333333333,0,"{""transcript"":""Vega Quebec Lima traffic single engine at your ten o'clock position four miles crossing from left to right at five thousand five hundred feet"",""role"":""Controller"",""coarse_intent"":""Information"",""fine_intent"":""ATCO Information"",""dialogue_function"":""ATCO Information"",""slots"":{""slot_action"":""Vega Quebec Lima"",""slot_altitude"":""5500"",""slot_control_unit"":""traffic"",""slot_distance"":""4"",""slot_time"":""10 o'clock"",""slot_clearance_type"":""Traffic Advisory"",""slot_restriction_type"":""Single Engine"",""slot_reason_or_condition"":""Traffic Advisory""},""subslots"":{""sub_route_action"":""Traffic Advisory""}}",0.25
LZIB_STEFANIK_Tower_118_3MHz_20210430_104342.wav,Phi-4-multimodal-instruct + speech LoRA,Stefanik tower good day Austrian One Four One One ILS three one,Stefanik tower good day Austrian One Four One One Iestriwan,True,Pilot,Pilot,1,Other,Other,1,Other,Readback,0,ATCO Other,Pilot Acknowledgement,0.0,N/A,N/A,N/A,N/A,N/A,N/A,N/A,31,0.0,N/A,N/A,N/A,N/A,N/A,N/A,N/A,N/A,N/A,N/A,N/A,N/A,Austrian 1411 Iestriwan,N/A,N/A,N/A,N/A,N/A,N/A,N/A,N/A,N/A,N/A,N/A,N/A,N/A,N/A,N/A,N/A,N/A,N/A,N/A,N/A,N/A,N/A,N/A,N/A,N/A,N/A,N/A,N/A,N/A,Pilot,Pilot,1,N/A,B,0,TOWER,tower,1.0,N/A,LZIB,0,N/A,LZIB (Bratislava),0,N/A,118.3MHz,0,N/A,4/30/2021 10:43,0,N/A,N/A,N/A,N/A,ABETI ABLOM ADAMA AGMIM ASLOT ASPIB ASTON BEGLA BERVA CIFER EKLIP GASNA GESGI KOXER KUVEX LEDRI MABOD MAREG MOVOS NATEX NIGER PESAT REKLU SOMID TOVKA UBUXI URUMU VABGU VAMOG VAPIT VEDER VYDRA XENAK XENDI,0.0,N/A,N/A,N/A,N/A,N/A,N/A,N/A,N/A,N/A,N/A,N/A,N/A,N/A,N/A,N/A,N/A,N/A,N/A,N/A,N/A,N/A,N/A,N/A,N/A,N/A,N/A,N/A,N/A,N/A,N/A,N/A,N/A,N/A,N/A,N/A,N/A,N/A,N/A,N/A,N/A,N/A,N/A,N/A,N/A,N/A,N/A,N/A,N/A,N/A,N/A,N/A,N/A,N/A,N/A,N/A,N/A,N/A,N/A,N/A,N/A,N/A,N/A,N/A,N/A,N/A,N/A,N/A,N/A,N/A,TOWER,N/A,N/A,N/A,N/A,N/A,N/A,N/A,N/A,N/A,N/A,N/A,N/A,ILS,0.0,N/A,N/A,N/A,N/A,N/A,N/A,N/A,N/A,N/A,N/A,N/A,N/A,N/A,N/A,N/A,N/A,N/A,N/A,N/A,N/A,N/A,N/A,N/A,N/A,N/A,N/A,N/A,N/A,N/A,N/A,N/A,N/A,N/A,N/A,N/A,N/A,N/A,N/A,N/A,N/A,N/A,N/A,N/A,N/A,N/A,N/A,N/A,N/A,N/A,llm_confidence=1.0,0,"{""transcript"":""Stefanik tower good day Austrian One Four One One Iestriwan"",""role"":""Pilot"",""coarse_intent"":""Other"",""fine_intent"":""Other"",""dialogue_function"":""ATCO Other"",""slots"":{""slot_control_unit"":""TOWER"",""planned_route"":""Austrian 1411 Iestriwan""},""subslots"":{}}",0.26666666666666666
LSZH_ZURICH_Tower_118_1MHz_20210414_112740.wav,Phi-4-multimodal-instruct + speech LoRA,Royalair Maroc Three Five Two contact apron one two one decimal eight five five good bye one two one decimal eight five five good bye Royalair Maroc Three Five Two,Roland Amorok Three Five Two contact Zirkka one two one decimal eight five five good bye,True,Pilot,ATC,0,Other,Command,0,Other,Transfer,0,ATCO Other,ATCO Instruction,0.0,N/A,Royalair Maroc,0.0,N/A,352,0.0,N/A,N/A,N/A,N/A,N/A,N/A,N/A,121.855,0.0,N/A,N/A,N/A,N/A,N/A,N/A,N/A,N/A,N/A,N/A,N/A,N/A,N/A,N/A,N/A,N/A,N/A,N/A,N/A,N/A,N/A,N/A,N/A,N/A,N/A,N/A,N/A,N/A,N/A,N/A,N/A,Royalair Maroc Three Five Two,0.0,N/A,RAM352,0.0,Pilot,ATC,0,N/A,A | B,0,Zirkka,apron | tower | tower,0.0,N/A,LSZH,0,N/A,LSZH (Zurich),0,N/A,118.1MHz,0,N/A,4/14/2021 11:27,0,N/A,N/A,N/A,N/A,AFOLT AGERI AKABI ALBIX ALINE AMIKI AMRUP ARGAX ARGEV ARTAG ATBAS BARIG BERSU BREGO DEGES DITON DONET DOPIL EDUMI EGABI EKRIT EKTUM ELMUR ENONO ENUSO ERMUS GARMO GERSA GIPOL IBILA KELIP KESEX KOLUL KUDIS KUSIX LAMAX LAPAG LAPDI LEDMI LUMEG MANEG MANID MATIV MILNI MOMOL MOSIT NEDOV NEMAG NOLKA OBEDU OLKEV OLNAV OMIDO OSNEM OSNOG RAMEM RAUTA RILAX RINLI RIPUS RISLI ROLSA ROMIR RONBA RONIX RUDSI SITOR SONGI SONOM SUBEX SUREP TADOB TINOX TITIX UMTOP URIGI URNAS UTIXO VEBIT VEDOK VIBAX VIBEV XANAL,0.0,N/A,N/A,N/A,N/A,N/A,N/A,N/A,N/A,N/A,N/A,N/A,N/A,N/A,N/A,N/A,N/A,N/A,N/A,N/A,N/A,N/A,N/A,N/A,N/A,N/A,N/A,N/A,N/A,apron,0.0,N/A,N/A,N/A,N/A,N/A,N/A,N/A,N/A,N/A,N/A,N/A,N/A,N/A,N/A,N/A,N/A,N/A,N/A,N/A,N/A,N/A,N/A,N/A,N/A,N/A,N/A,N/A,N/A,N/A,N/A,N/A,N/A,N/A,N/A,N/A,N/A,contact,contact,1.0,Zirkka,apron,0.0,N/A,N/A,N/A,contact_suggestion,N/A,N/A,N/A,N/A,N/A,N/A,N/A,N/A,N/A,N/A,N/A,N/A,N/A,N/A,N/A,N/A,N/A,N/A,N/A,N/A,N/A,N/A,N/A,N/A,N/A,N/A,contact_suggestion,N/A,N/A,contact_suggestion,N/A,N/A,N/A,N/A,N/A,N/A,N/A,N/A,N/A,N/A,N/A,N/A,N/A,N/A,N/A,N/A,N/A,N/A,bye,0.0,N/A,N/A,N/A,Non-English/Other Language,N/A,N/A,N/A,llm_confidence=0.475,0,"{""transcript"":""Roland Amorok Three Five Two contact Zirkka one two one decimal eight five five good bye"",""role"":""Pilot"",""coarse_intent"":""Other"",""fine_intent"":""Other"",""dialogue_function"":""ATCO Other"",""slots"":{""slot_control_unit"":""Zirkka"",""slot_restriction_type"":""contact_suggestion"",""information_type"":""contact_suggestion"",""restriction_condition"":""contact_suggestion""},""subslots"":{""sub_contact_keyword"":""contact"",""sub_contact_unit"":""Zirkka"",""sub_nonenglish_marker"":""Non-English/Other Language""}}",0.045454545454545456
LSZB_BERN_Approach_127_3MHz_20210415_160311.wav,Phi-4-multimodal-instruct + speech LoRA,Bern Approach Hotel Bravo Kilo Bravo Victor [hes] Kilo Bravo Victor Bern,Hotel Bravo Kilo Bravo Alpha you are good to go,True,Pilot,Pilot,1,Other,Other,1,Simple respond,Other,0,Pilot Response,Pilot Response,1.0,N/A,N/A,N/A,N/A,N/A,N/A,N/A,N/A,N/A,N/A,N/A,N/A,N/A,N/A,N/A,N/A,N/A,N/A,N/A,N/A,N/A,N/A,N/A,N/A,N/A,N/A,N/A,N/A,N/A,N/A,N/A,N/A,N/A,N/A,N/A,N/A,N/A,N/A,N/A,N/A,N/A,N/A,N/A,N/A,N/A,N/A,N/A,N/A,N/A,N/A,N/A,Pilot,Pilot,1,N/A,B | A,0,Hotel Bravo Kilo Bravo Alpha,approach,0.0,N/A,LSZB,0,N/A,LSZB (Bern),0,N/A,127.3MHz,0,N/A,4/15/2021 16:03,0,N/A,N/A,N/A,N/A,ABARI ALETO AMRID ARNOT ARVAN ASBER BADEP BALIR BASUD BELAR BENOT BERSU BIRKI BOMEC DEKAM DOPIL DOUCI EKTUM ERMUS ESEVA ETEKI GODRA GUDAX IXUDI KONOL KORED KUBOM LAMUR LARDO LASUN LEPLA LUMEL LUTIX MASAB MEBOX MONIN NAXOL NEMAG NEMOS NOLKA OBEDU OLBEN OSKUP RAMOK REVLI ROMOM ROTOS SOSAL SUREP TADOB TELNO ULMES UMTOP VADAR VALAD VEBIT,0.0,N/A,N/A,N/A,N/A,N/A,N/A,N/A,N/A,N/A,N/A,N/A,N/A,N/A,N/A,N/A,N/A,N/A,N/A,N/A,N/A,N/A,N/A,N/A,N/A,N/A,N/A,N/A,N/A,N/A,N/A,N/A,N/A,N/A,N/A,N/A,N/A,N/A,N/A,N/A,N/A,N/A,N/A,N/A,N/A,N/A,N/A,N/A,N/A,N/A,N/A,N/A,N/A,N/A,N/A,N/A,N/A,N/A,N/A,N/A,N/A,N/A,N/A,N/A,N/A,N/A,N/A,N/A,N/A,N/A,Hotel Bravo Kilo Bravo Alpha,N/A,N/A,N/A,N/A,N/A,N/A,N/A,N/A,N/A,N/A,N/A,N/A,N/A,N/A,N/A,N/A,N/A,N/A,N/A,N/A,N/A,N/A,N/A,N/A,N/A,N/A,N/A,N/A,N/A,N/A,N/A,N/A,N/A,N/A,N/A,N/A,N/A,N/A,N/A,N/A,N/A,N/A,N/A,N/A,N/A,N/A,N/A,N/A,N/A,N/A,Simple respond,N/A,N/A,N/A,N/A,N/A,N/A,N/A,N/A,N/A,N/A,N/A,N/A,hesitation_marker | needs_manual_review=True | llm_confidence=0.5,0,"{""transcript"":""Hotel Bravo Kilo Bravo Alpha you are good to go"",""role"":""Pilot"",""coarse_intent"":""Other"",""fine_intent"":""Simple respond"",""dialogue_function"":""Pilot Response"",""slots"":{""slot_control_unit"":""Hotel Bravo Kilo Bravo Alpha""},""subslots"":{""sub_simple_response_keyword"":""Simple respond""}}",0.3076923076923077
LSGS_SION_Ground_Control_121_7MHz_20210503_145500.wav,Phi-4-multimodal-instruct + speech LoRA,[#command]passing[/#command] [#value]one[/#value] [#value]thousand[/#value] [#value]one[/#value] [#value]zero[/#value] [#value]thousand[/#value] [#value]feet[/#value] [#value]in[/#value] [#value]descent[/#value] [#value]in[/#value] [#value]the[/#value] [#value]western[/#value] [#value]sector[/#value] [#callsign]Mosquito[/#callsign] [#callsign]One[/#callsign] [#callsign]Five[/#callsign] [#callsign]Bravo[/#callsign] [#callsign]Mosquito[/#callsign] [#callsign]One[/#callsign] [#callsign]Five[/#callsign] [#callsign]Bravo[/#callsign] [#value]correct[/#value] [#unnamed]and[/#unnamed] [#unnamed]keep[/#unnamed] [#unnamed]an[/#unnamed] [#unnamed]eyes[/#unnamed] [#unnamed]for[/#unnamed] [#unnamed]glider[/#unnamed] [#unnamed]activity[/#unnamed] [#value]north[/#value] [#value]of[/#value] [#value]the[/#value] [#value]field[/#value],Sicuro un po 'bravo corretto and keep right for glider activity in the source of the field,True,ATC,Pilot,0,Command,Other,0,ATCO Instruction,Status report,0,ATCO Clearance,Pilot Status Report,0.0,N/A,Mosquito,0.0,N/A,15B,0.0,N/A,N/A,N/A,N/A,N/A,N/A,N/A,N/A,N/A,N/A,N/A,N/A,right,N/A,N/A,N/A,N/A,N/A,N/A,N/A,N/A,N/A,N/A,N/A,N/A,N/A,N/A,N/A,correct,0.0,N/A,N/A,N/A,N/A,N/A,N/A,N/A,N/A,N/A,N/A,Mosquito One Five Bravo,0.0,N/A,JFA15B,0.0,ATC,Pilot,0,N/A,B | A,0,ATCO,ground,0.0,N/A,LSGS,0,N/A,LSGS (Sion),0,N/A,121.7MHz,0,N/A,5/3/2021 14:55,0,N/A,N/A,N/A,N/A,ALETO AOSTA BANKO BERAR BIBAN CERVI ESOKO ETEKI GARLO GODRA GOLEB GRANA INTIP LAMUR MASAB MOBLO MOLUS MONIN OMETO ORSUD PUNSA REVLI ROCCA ROMOM SANET SONOD SOSAL TERSI UBIMA VADAR VALOR VENAT VEROX,0.0,N/A,N/A,N/A,glider_activity,N/A,N/A,N/A,N/A,N/A,N/A,N/A,N/A,N/A,N/A,N/A,N/A,N/A,N/A,N/A,N/A,N/A,N/A,N/A,N/A,right,N/A,N/A,N/A,N/A,N/A,N/A,N/A,N/A,N/A,N/A,N/A,N/A,N/A,N/A,N/A,N/A,N/A,N/A,N/A,N/A,right,N/A,N/A,N/A,N/A,N/A,N/A,N/A,N/A,N/A,N/A,N/A,N/A,N/A,N/A,keep_right,N/A,N/A,N/A,N/A,N/A,N/A,N/A,N/A,ATCO,N/A,N/A,N/A,N/A,N/A,N/A,N/A,N/A,N/A,N/A,N/A,N/A,N/A,N/A,N/A,N/A,N/A,source_of_the_field,N/A,N/A,N/A,N/A,N/A,N/A,N/A,N/A,N/A,N/A,N/A,N/A,N/A,N/A,N/A,N/A,N/A,N/A,N/A,N/A,N/A,N/A,N/A,N/A,N/A,N/A,N/A,passing,0.0,N/A,N/A,N/A,N/A,N/A,N/A,N/A,N/A,N/A,N/A,N/A,N/A,N/A,N/A,N/A,N/A,needs_manual_review=True | llm_confidence=0.5,0,"{""transcript"":""Sicuro un po 'bravo corretto and keep right for glider activity in the source of the field"",""role"":""Controller"",""coarse_intent"":""Command"",""fine_intent"":""ATCO Instruction"",""dialogue_function"":""ATCO Clearance"",""slots"":{""slot_action"":""keep_right"",""slot_control_unit"":""ATCO"",""slot_procedure"":""glider_activity"",""slot_taxiway"":""source_of_the_field"",""slot_direction"":""right"",""slot_reason_or_condition"":""bravo corretto""},""subslots"":{""sub_route_action"":""keep_right"",""sub_control_unit"":""ATCO"",""sub_procedure"":""glider_activity"",""sub_taxiway"":""source_of_the_field"",""sub_reason_or_condition"":""bravo corretto""}}",0.0
YSSY_SYDNEY_Tower_120_5MHz_20210505_054947.wav,Phi-4-multimodal-instruct + speech LoRA,Sydney tower good afternoon Fedex Seventy Seven heavy inbound ILS runway one six right Fedex Seventy Seven heavy Sydney tower good day,Sydney tower good afternoon Fedex Seventy Seven Heavy inbound ILS runway one six right,True,Pilot,Pilot,1,Other,Other,1,Other,Readback,0,ATCO Other,Pilot Acknowledgement,0.0,N/A,N/A,N/A,N/A,N/A,N/A,1,16R,0.0,N/A,N/A,N/A,N/A,N/A,N/A,N/A,N/A,N/A,right,right,1.0,N/A,N/A,N/A,N/A,N/A,N/A,N/A,N/A,N/A,N/A,N/A,N/A,N/A,N/A,N/A,N/A,N/A,N/A,N/A,N/A,N/A,N/A,N/A,N/A,N/A,N/A,N/A,N/A,N/A,N/A,Pilot,Pilot,1,N/A,B | A,0,Sydney tower,tower,0.0,N/A,YSSY,0,N/A,YSSY (Sydney),0,N/A,120.5MHz,0,N/A,5/5/2021 5:49,0,N/A,N/A,N/A,N/A,ABBEY ANKUB ATRET BEROW BIGEM BIKUS BOBIG BOOGI BUVLO CLIFF COONY CORDO DALAR DEENA DIPPA DUDOK DUMOP DUNES ENDEV ENKAS ENTRA FISHA GOMUB HALAS HOOKS IGALA ISMER JAKLN JELLI JENTL JULIA KABLO KAMBA KAMPI KEVIN LANOL LISHA MAJAR MANFA MARKY MARUB MITSA NASHO NESSY NOBAR NOLEM OLSOG OVILS PEBRA PEGBA POSTY PRAWN RAKSO RENAM RISOL SBKWA SBKWB SBKWF SBKWH SBKWI SBKWM SCNWF SCNWH SCNWM SHORE SOSIJ SRIEA SRIEB SRIEF SRIEH SRIEI SRIEM SRIWF SRIWG SRIWH SRIWI SRIWM SSYEF SSYEH SSYEM SSYNF SSYNH SSYNI SSYNM SSYSF SSYSH SSYSM SSYWF SSYWH SSYWM SUZAN SYDNF SYDNH SYDNM SYDSF SYDSH SYDSM SYRBB SYRCC SYRDD SYRFF SYRGG TAMMI TESAT TONTO TONUX URDEN UXAMA VENUL VIDIK VOSSI WHALE WOLNA WOLNC WOLND WOLNF WOLNI ZONKA,0.0,N/A,N/A,N/A,N/A,N/A,N/A,1,N/A,N/A,N/A,N/A,N/A,N/A,N/A,N/A,N/A,N/A,N/A,N/A,N/A,N/A,N/A,N/A,N/A,right,N/A,N/A,N/A,N/A,N/A,N/A,N/A,N/A,N/A,N/A,N/A,N/A,N/A,N/A,N/A,N/A,N/A,N/A,N/A,N/A,right,N/A,N/A,N/A,N/A,N/A,N/A,N/A,N/A,N/A,N/A,N/A,N/A,N/A,N/A,N/A,N/A,N/A,N/A,N/A,N/A,N/A,N/A,N/A,Sydney tower,N/A,N/A,N/A,N/A,N/A,N/A,N/A,N/A,N/A,N/A,N/A,N/A,ILS,0.0,N/A,N/A,N/A,N/A,N/A,N/A,N/A,N/A,N/A,N/A,N/A,N/A,N/A,inbound,0.0,N/A,inbound,0.0,N/A,N/A,N/A,Other,N/A,N/A,N/A,N/A,N/A,N/A,N/A,N/A,N/A,N/A,N/A,N/A,N/A,N/A,N/A,N/A,N/A,good afternoon,good afternoon,1.0,N/A,N/A,N/A,N/A,N/A,N/A,N/A,llm_confidence=0.95,0,"{""transcript"":""Sydney tower good afternoon Fedex Seventy Seven Heavy inbound ILS runway one six right"",""role"":""Pilot"",""coarse_intent"":""Other"",""fine_intent"":""Other"",""dialogue_function"":""ATCO Other"",""slots"":{""slot_control_unit"":""Sydney tower"",""slot_runway"":""1"",""slot_direction"":""right"",""slot_clearance_type"":""Other"",""restriction_condition"":""Other""},""subslots"":{""sub_greeting_phrase"":""good afternoon""}}",0.2631578947368421
LSGS_SION_Ground_Control_121_7MHz_20210502_164140.wav,Phi-4-multimodal-instruct + speech LoRA,[#callsign]Papa[/#callsign] [#callsign]Mike [/#callsign] [#command]vacate[/#command] [#value]to[/#value] [#value]the[/#value] [#value]left[/#value] [#value]and[/#value] [#value]then[/#value] [#value]straight[/#value] [#value]ahead[/#value] until further advised [#value]the[/#value] [#value]left[/#value] [#value]and[/#value] [#value]then[/#value] [#value]straight[/#value] [#value]ahead[/#value] [#callsign] Hotel[/#callsign] [#callsign]Papa[/#callsign] [#callsign]Mike[/#callsign],Papa Mike vacated to the left and then straight ahead until further advised,True,ATC,ATC,1,Command,Other,0,Flight route,Other,0,ATCO Instruction,ATCO Other,0.0,N/A,N/A,N/A,N/A,N/A,N/A,N/A,N/A,N/A,N/A,N/A,N/A,N/A,N/A,N/A,N/A,N/A,N/A,N/A,left,0.0,straight ahead until further advised,N/A,N/A,N/A,N/A,N/A,N/A,N/A,N/A,N/A,N/A,N/A,N/A,N/A,N/A,N/A,N/A,N/A,N/A,N/A,N/A,N/A,N/A,N/A,N/A,N/A,N/A,N/A,N/A,N/A,ATC,ATC,1,N/A,A | D,0,Papa Mike,ground,0.0,N/A,LSGS,0,N/A,LSGS (Sion),0,N/A,121.7MHz,0,N/A,5/2/2021 16:41,0,N/A,N/A,N/A,N/A,ALETO AOSTA BANKO BERAR BIBAN CERVI ESOKO ETEKI GARLO GODRA GOLEB GRANA INTIP LAMUR MASAB MOBLO MOLUS MONIN OMETO ORSUD PUNSA REVLI ROCCA ROMOM SANET SONOD SOSAL TERSI UBIMA VADAR VALOR VENAT VEROX,0.0,N/A,N/A,N/A,N/A,N/A,N/A,N/A,N/A,N/A,N/A,N/A,N/A,N/A,Hotel,0.0,N/A,N/A,N/A,N/A,N/A,N/A,N/A,N/A,N/A,N/A,N/A,N/A,N/A,N/A,N/A,N/A,N/A,N/A,N/A,N/A,N/A,N/A,N/A,N/A,N/A,N/A,N/A,N/A,N/A,N/A,N/A,N/A,N/A,N/A,N/A,N/A,N/A,N/A,N/A,N/A,N/A,N/A,N/A,N/A,N/A,continue,N/A,N/A,N/A,N/A,N/A,N/A,N/A,N/A,Papa Mike,N/A,N/A,N/A,N/A,N/A,N/A,N/A,N/A,N/A,N/A,N/A,N/A,N/A,N/A,N/A,N/A,N/A,N/A,N/A,N/A,N/A,N/A,N/A,N/A,N/A,N/A,N/A,N/A,N/A,N/A,N/A,N/A,N/A,N/A,N/A,N/A,until further advised,0.0,N/A,N/A,N/A,N/A,N/A,N/A,N/A,N/A,N/A,N/A,N/A,N/A,N/A,N/A,N/A,N/A,N/A,N/A,N/A,N/A,N/A,N/A,N/A,N/A,N/A,needs_manual_review=True | llm_confidence=0.425,0,"{""transcript"":""Papa Mike vacated to the left and then straight ahead until further advised"",""role"":""Controller"",""coarse_intent"":""Command"",""fine_intent"":""Flight route"",""dialogue_function"":""ATCO Instruction"",""slots"":{""slot_action"":""vacated"",""slot_control_unit"":""Papa Mike"",""planned_route"":""straight ahead until further advised""},""subslots"":{""sub_route_action"":""continue""}}",0.125
LSZB_BERN_Tower_121_0MHz_20210413_141321.wav,Phi-4-multimodal-instruct + speech LoRA,Delta Charlie Kilo Victor India tower hello QNH one zero two seven startup approved runway three two cleared destination Malta via the Mebox three bravo departure zulu one four one transition climb initially five thousand feet squawk two seven six zero,Hotel Golf India Victor India tower hello again one zero two seven star approved tramway three two cleared destination Malta via the mailbox three bravo departure,True,Pilot,ATC,0,Clearance,Command,0,Acknowledgement,Flight route,0,Pilot Acknowledgement,ATCO Instruction,0.0,N/A,Delta Charlie Kilo Victor India,0.0,N/A,N/A,N/A,N/A,32,0.0,N/A,N/A,N/A,170.27,N/A,N/A,N/A,N/A,N/A,N/A,N/A,N/A,Malta via the mailbox 3B,Malta via the Mebox three bravo,0.0,N/A,climb,0.0,N/A,N/A,N/A,N/A,1027.0,0.0,N/A,N/A,N/A,N/A,N/A,N/A,N/A,N/A,N/A,N/A,N/A,N/A,N/A,Delta Charlie Kilo Victor India,0.0,N/A,DCKVI,0.0,Pilot,ATC,0,N/A,A,0,Hotel Golf India,departure | tower | tower,0.0,N/A,LSZB,0,N/A,LSZB (Bern),0,170.27,121.0MHz,0,N/A,4/13/2021 14:13,0,N/A,N/A,N/A,N/A,ABARI ALETO AMRID ARNOT ARVAN ASBER BADEP BALIR BASUD BELAR BENOT BERSU BIRKI BOMEC DEKAM DOPIL DOUCI EKTUM ERMUS ESEVA ETEKI GODRA GUDAX IXUDI KONOL KORED KUBOM LAMUR LARDO LASUN LEPLA LUMEL LUTIX MASAB MEBOX MONIN NAXOL NEMAG NEMOS NOLKA OBEDU OLBEN OSKUP RAMOK REVLI ROMOM ROTOS SOSAL SUREP TADOB TELNO ULMES UMTOP VADAR VALAD VEBIT,0.0,N/A,N/A,N/A,N/A,N/A,N/A,N/A,N/A,N/A,cleared,general clearance,0.0,N/A,Malta,0.0,N/A,Malta,0.0,N/A,Mebox3 Bravo,0.0,N/A,MEBOX3BR,0.0,N/A,N/A,N/A,N/A,N/A,N/A,N/A,N/A,N/A,N/A,N/A,N/A,N/A,N/A,N/A,N/A,N/A,N/A,N/A,N/A,N/A,N/A,N/A,N/A,N/A,N/A,N/A,N/A,N/A,N/A,N/A,N/A,N/A,N/A,N/A,N/A,cleared,climb,0.0,N/A,MEBOX,0.0,N/A,N/A,N/A,Hotel Golf India,N/A,N/A,N/A,N/A,N/A,departure clearance,flight clearance,0.0,Hotel Golf India 32 cleared destination Malta via the mailbox 3B,destination Malta via the Mebox three bravo,0.0,N/A,Mebox 3 Bravo,0.0,N/A,via the Mebox three bravo,0.0,N/A,THE,0.0,N/A,N/A,N/A,N/A,N/A,N/A,N/A,N/A,N/A,N/A,N/A,N/A,N/A,N/A,N/A,N/A,N/A,N/A,N/A,N/A,N/A,N/A,N/A,N/A,N/A,N/A,N/A,N/A,N/A,N/A,N/A,N/A,N/A,N/A,hello,0.0,N/A,N/A,N/A,N/A,N/A,N/A,N/A,llm_confidence=0.925,0,"{""transcript"":""Hotel Golf India Victor India tower hello again one zero two seven star approved tramway three two cleared destination Malta via the mailbox three bravo departure"",""role"":""Pilot"",""coarse_intent"":""Clearance"",""fine_intent"":""Acknowledgement"",""dialogue_function"":""Pilot Acknowledgement"",""slots"":{""slot_action"":""cleared"",""slot_frequency"":""170.27"",""slot_control_unit"":""Hotel Golf India"",""slot_clearance_type"":""general clearance"",""planned_route"":""Malta via the mailbox 3B"",""information_type"":""departure clearance"",""information_value"":""Hotel Golf India 32 cleared destination Malta via the mailbox 3B""},""subslots"":{""sub_clearance_keyword"":""cleared""}}",0.0
LSZB_BERN_Tower_121_0MHz_20210413_133125.wav,Phi-4-multimodal-instruct + speech LoRA,Hotel Golf Sierra roger I understood [hes] one touch and go than one circuit again touch and go then whiskey,Hotel Golf Sierra Roger I understood one touch and go then one circuit again touch and go then whiskey,True,ATC,ATC,1,Other,Other,1,Other,Simple respond,0,ATCO Other,ATCO Other,1.0,N/A,N/A,N/A,N/A,N/A,N/A,N/A,N/A,N/A,N/A,N/A,N/A,N/A,N/A,N/A,N/A,N/A,N/A,N/A,N/A,N/A,N/A,N/A,N/A,N/A,N/A,N/A,N/A,N/A,N/A,N/A,N/A,N/A,N/A,roger,0.0,N/A,N/A,N/A,N/A,N/A,N/A,N/A,N/A,N/A,N/A,N/A,N/A,N/A,N/A,N/A,ATC,ATC,1,N/A,A,0,Roger,tower,0.0,N/A,LSZB,0,N/A,LSZB (Bern),0,N/A,121.0MHz,0,N/A,4/13/2021 13:31,0,N/A,N/A,N/A,N/A,ABARI ALETO AMRID ARNOT ARVAN ASBER BADEP BALIR BASUD BELAR BENOT BERSU BIRKI BOMEC DEKAM DOPIL DOUCI EKTUM ERMUS ESEVA ETEKI GODRA GUDAX IXUDI KONOL KORED KUBOM LAMUR LARDO LASUN LEPLA LUMEL LUTIX MASAB MEBOX MONIN NAXOL NEMAG NEMOS NOLKA OBEDU OLBEN OSKUP RAMOK REVLI ROMOM ROTOS SOSAL SUREP TADOB TELNO ULMES UMTOP VADAR VALAD VEBIT,0.0,N/A,N/A,N/A,N/A,N/A,N/A,N/A,N/A,N/A,N/A,N/A,N/A,N/A,N/A,N/A,N/A,N/A,N/A,N/A,N/A,N/A,N/A,N/A,N/A,N/A,N/A,N/A,N/A,N/A,N/A,N/A,N/A,N/A,N/A,N/A,N/A,N/A,N/A,N/A,N/A,N/A,N/A,N/A,N/A,N/A,N/A,N/A,N/A,N/A,N/A,N/A,N/A,N/A,N/A,N/A,N/A,N/A,N/A,N/A,N/A,N/A,N/A,N/A,N/A,N/A,N/A,N/A,N/A,N/A,Roger,N/A,N/A,N/A,N/A,N/A,N/A,N/A,N/A,N/A,N/A,N/A,N/A,N/A,N/A,N/A,N/A,N/A,N/A,N/A,N/A,N/A,N/A,N/A,N/A,N/A,N/A,N/A,N/A,N/A,N/A,N/A,N/A,N/A,N/A,N/A,N/A,N/A,N/A,N/A,N/A,N/A,N/A,N/A,N/A,N/A,N/A,N/A,N/A,N/A,N/A,N/A,roger,0.0,N/A,N/A,N/A,N/A,N/A,N/A,Non-English/Other Language,N/A,N/A,N/A,hesitation_marker | llm_confidence=0.0,0,"{""transcript"":""Hotel Golf Sierra Roger I understood one touch and go then one circuit again touch and go then whiskey"",""role"":""Controller"",""coarse_intent"":""Other"",""fine_intent"":""Other"",""dialogue_function"":""ATCO Other"",""slots"":{""slot_control_unit"":""Roger""},""subslots"":{""sub_nonenglish_marker"":""Non-English/Other Language""}}",0.26666666666666666
LSZB_BERN_Tower_121_0MHz_20210424_084133.wav,Phi-4-multimodal-instruct + speech LoRA,Hotel Bravo Charlie Golf India taxi to blue station [spk] [hes] to fuel station approved from blue parking,Hotel Bravo Charlie Golf India taxi to blue station at refuel station approved from blue parking,True,ATC,ATC,1,Command,Command,1,ATCO Instruction,Taxiing,0,ATCO Clearance,ATCO Instruction,0.0,N/A,N/A,N/A,N/A,N/A,N/A,N/A,N/A,N/A,N/A,N/A,N/A,N/A,N/A,N/A,taxi,taxi,1.0,N/A,N/A,N/A,N/A,N/A,N/A,N/A,N/A,N/A,N/A,N/A,N/A,N/A,N/A,N/A,N/A,N/A,N/A,N/A,N/A,N/A,N/A,N/A,N/A,N/A,N/A,N/A,N/A,N/A,N/A,N/A,N/A,N/A,ATC,ATC,1,N/A,A,0,blue station,tower,0.0,N/A,LSZB,0,N/A,LSZB (Bern),0,N/A,121.0MHz,0,N/A,4/24/2021 8:41,0,N/A,N/A,N/A,N/A,ABARI ALETO AMRID ARNOT ARVAN ASBER BADEP BALIR BASUD BELAR BENOT BERSU BIRKI BOMEC DEKAM DOPIL DOUCI EKTUM ERMUS ESEVA ETEKI GODRA GUDAX IXUDI KONOL KORED KUBOM LAMUR LARDO LASUN LEPLA LUMEL LUTIX MASAB MEBOX MONIN NAXOL NEMAG NEMOS NOLKA OBEDU OLBEN OSKUP RAMOK REVLI ROMOM ROTOS SOSAL SUREP TADOB TELNO ULMES UMTOP VADAR VALAD VEBIT,0.0,N/A,N/A,N/A,N/A,N/A,N/A,N/A,N/A,N/A,approval,N/A,N/A,N/A,N/A,N/A,N/A,N/A,N/A,N/A,N/A,N/A,N/A,N/A,N/A,N/A,N/A,N/A,N/A,blue station,0.0,N/A,N/A,N/A,N/A,N/A,N/A,N/A,N/A,N/A,N/A,N/A,N/A,N/A,N/A,N/A,N/A,N/A,N/A,N/A,N/A,N/A,N/A,N/A,N/A,N/A,N/A,N/A,N/A,N/A,N/A,taxi,N/A,N/A,N/A,N/A,N/A,N/A,N/A,N/A,blue station,N/A,N/A,N/A,N/A,N/A,parking,N/A,N/A,blue parking,N/A,N/A,N/A,N/A,N/A,N/A,N/A,N/A,N/A,N/A,N/A,N/A,N/A,N/A,N/A,to blue station,0.0,N/A,N/A,N/A,N/A,N/A,N/A,approved,N/A,N/A,N/A,N/A,N/A,N/A,N/A,N/A,N/A,N/A,N/A,N/A,N/A,N/A,N/A,N/A,N/A,N/A,N/A,N/A,N/A,N/A,N/A,N/A,N/A,N/A,N/A,N/A,N/A,N/A,hesitation_marker | llm_confidence=0.875,0,"{""transcript"":""Hotel Bravo Charlie Golf India taxi to blue station at refuel station approved from blue parking"",""role"":""Controller"",""coarse_intent"":""Command"",""fine_intent"":""ATCO Instruction"",""dialogue_function"":""ATCO Clearance"",""slots"":{""slot_action"":""taxi"",""slot_control_unit"":""blue station"",""slot_restriction_type"":""approved"",""information_type"":""parking"",""information_value"":""blue parking""},""subslots"":{""sub_taxi_action"":""taxi"",""sub_clearance_keyword"":""approval""}}",0.25
LSZB_BERN_Tower_121_0MHz_20210413_124002.wav,Phi-4-multimodal-instruct + speech LoRA,takeoff Golf Oscar upwind two thousand one hundred feet request left hand circuit runway zero six for another and last touch and go Hotel Golf Oscar make left hand circuit is approved runway one four,Hotel Bravo Oscar upwind at two thousand one hundred feet request left hand circuit runway zero six for another and the last touch and go,True,ATC,Pilot,0,Request,Information,0,Request,Readback,0,Pilot Response,Pilot Response,1.0,N/A,N/A,N/A,N/A,N/A,N/A,N/A,06 | 14,0.0,N/A,takeoff,0.0,N/A,N/A,N/A,N/A,N/A,N/A,left_hand_circuit,left,0.0,N/A,N/A,N/A,N/A,N/A,N/A,N/A,N/A,N/A,N/A,N/A,N/A,N/A,N/A,N/A,N/A,N/A,N/A,N/A,N/A,N/A,N/A,N/A,N/A,N/A,N/A,N/A,N/A,N/A,N/A,ATC,Pilot,0,N/A,B | A,0,runway_06S,tower,0.0,N/A,LSZB,0,N/A,LSZB (Bern),0,N/A,121.0MHz,0,N/A,4/13/2021 12:40,0,N/A,N/A,N/A,N/A,ABARI ALETO AMRID ARNOT ARVAN ASBER BADEP BALIR BASUD BELAR BENOT BERSU BIRKI BOMEC DEKAM DOPIL DOUCI EKTUM ERMUS ESEVA ETEKI GODRA GUDAX IXUDI KONOL KORED KUBOM LAMUR LARDO LASUN LEPLA LUMEL LUTIX MASAB MEBOX MONIN NAXOL NEMAG NEMOS NOLKA OBEDU OLBEN OSKUP RAMOK REVLI ROMOM ROTOS SOSAL SUREP TADOB TELNO ULMES UMTOP VADAR VALAD VEBIT,0.0,N/A,N/A,N/A,N/A,N/A,N/A,N/A,N/A,N/A,N/A,N/A,N/A,N/A,N/A,N/A,N/A,N/A,N/A,N/A,N/A,N/A,N/A,N/A,N/A,left_hand_circuit,N/A,N/A,N/A,N/A,N/A,N/A,N/A,N/A,N/A,upwind two thousand one hundred feet,0.0,N/A,N/A,N/A,N/A,N/A,N/A,N/A,N/A,N/A,left_hand_circuit,N/A,N/A,N/A,N/A,N/A,N/A,N/A,N/A,N/A,N/A,N/A,N/A,N/A,N/A,request,N/A,N/A,N/A,N/A,N/A,N/A,N/A,N/A,runway_06S,N/A,N/A,N/A,N/A,N/A,N/A,Runway and Procedure Clearance,0.0,N/A,runway zero six for another and last touch and go,0.0,N/A,N/A,N/A,N/A,N/A,N/A,N/A,N/A,N/A,N/A,N/A,N/A,N/A,N/A,N/A,N/A,N/A,N/A,N/A,N/A,N/A,N/A,N/A,N/A,N/A,N/A,N/A,requested,request,0.0,touch and go,left hand circuit runway zero six for another and last touch and go,0.0,N/A,N/A,N/A,N/A,N/A,N/A,N/A,N/A,N/A,N/A,N/A,N/A,N/A,N/A,N/A,N/A,N/A,N/A,N/A,llm_confidence=0.8999999999999999,0,"{""transcript"":""Hotel Bravo Oscar upwind at two thousand one hundred feet request left hand circuit runway zero six for another and the last touch and go"",""role"":""Controller"",""coarse_intent"":""Request"",""fine_intent"":""Request"",""dialogue_function"":""Pilot Response"",""slots"":{""slot_action"":""request"",""slot_control_unit"":""runway_06S"",""slot_direction"":""left_hand_circuit"",""requested_item"":""touch and go""},""subslots"":{""sub_request_keyword"":""requested""}}",0.047619047619047616
LSGS_SION_Ground_Control_121_7MHz_20210503_080828.wav,Phi-4-multimodal-instruct + speech LoRA,[#callsign]Hotel[/#callsign] [#callsign]Lima[/#callsign] [#callsign]Tango[/#callsign] [#unnamed]roger[/#unnamed] [#unnamed]standby[/#unnamed] i [#unnamed]coordinate[/#unnamed] [#unnamed]with[/#unnamed] [#unnamed]military[/#unnamed] [#unnamed]sector[/#unnamed],N/A,False,N/A,ATC,0,N/A,Other,0,N/A,Simple respond,0,N/A,ATCO Other,0.0,N/A,N/A,N/A,N/A,N/A,N/A,N/A,N/A,N/A,N/A,N/A,N/A,N/A,N/A,N/A,N/A,N/A,N/A,N/A,N/A,N/A,N/A,N/A,N/A,N/A,N/A,N/A,N/A,N/A,N/A,N/A,N/A,N/A,N/A,roger,0.0,N/A,N/A,N/A,N/A,N/A,N/A,N/A,N/A,N/A,N/A,N/A,N/A,N/A,N/A,N/A,N/A,ATC,0,N/A,A,0,N/A,ground,0.0,N/A,LSGS,0,N/A,LSGS (Sion),0,N/A,121.7MHz,0,N/A,5/3/2021 8:08,0,N/A,N/A,N/A,N/A,ALETO AOSTA BANKO BERAR BIBAN CERVI ESOKO ETEKI GARLO GODRA GOLEB GRANA INTIP LAMUR MASAB MOBLO MOLUS MONIN OMETO ORSUD PUNSA REVLI ROCCA ROMOM SANET SONOD SOSAL TERSI UBIMA VADAR VALOR VENAT VEROX,0.0,N/A,N/A,N/A,N/A,N/A,N/A,N/A,N/A,N/A,N/A,N/A,N/A,N/A,N/A,N/A,N/A,N/A,N/A,N/A,N/A,N/A,N/A,N/A,N/A,N/A,N/A,N/A,N/A,N/A,N/A,N/A,N/A,N/A,N/A,N/A,N/A,N/A,N/A,N/A,N/A,N/A,N/A,N/A,N/A,N/A,N/A,N/A,N/A,N/A,N/A,N/A,N/A,N/A,N/A,N/A,N/A,N/A,N/A,N/A,N/A,N/A,N/A,N/A,N/A,N/A,N/A,N/A,N/A,N/A,N/A,N/A,N/A,N/A,N/A,N/A,N/A,N/A,N/A,N/A,N/A,N/A,N/A,N/A,N/A,N/A,N/A,N/A,N/A,N/A,N/A,N/A,N/A,N/A,N/A,N/A,N/A,N/A,N/A,N/A,N/A,N/A,N/A,N/A,N/A,N/A,N/A,N/A,N/A,N/A,N/A,N/A,N/A,N/A,N/A,N/A,N/A,N/A,N/A,N/A,N/A,N/A,roger | standby,0.0,N/A,N/A,N/A,N/A,N/A,N/A,N/A,N/A,N/A,N/A,llm_confidence=1.0,0,"{""transcript"":""Sierra Lima Tango Oscar stand by I coordinate with the military sector"",""role"":""Controller"",""coarse_intent"":""Other"",""fine_intent"":""Other"",""dialogue_function"":""ATCO Other"",""slots"":{""slot_control_unit"":""I"",""planned_route"":""N/A"",""clearance_limit"":""N/A"",""procedure_assignment_keyword"":""N/A"",""procedure_name"":""N/A"",""position_report"":""N/A"",""information_type"":""Other"",""information_value"":""coordinate with the military sector"",""restriction_condition"":""N/A"",""arrival_route"":""N/A"",""departure_route"":""N/A"",""landing_condition"":""N/A"",""stand_gate"":""N/A"",""surface_route"":""N/A"",""takeoff_condition"":""N/A""},""subslots"":{""sub_full_callsign"":""N/A"",""sub_contact_keyword"":""N/A"",""sub_contact_unit"":""N/A"",""sub_greeting_phrase"":""N/A"",""sub_nonenglish_marker"":""N/A"",""sub_nonenglish_marker"":""N/A"",""sub_noise_marker"":""N/A"",""sub_simple_response_keyword"":""N/A"",""sub_status_report_keyword"":""N/A"",""sub_greeting_phrase"":""N/A"",""sub_nonenglish_marker"":""N/A"",""sub_nonenglish_marker"":""N/A"",""sub_noise_marker"":""N/A"",""sub_simple_response_keyword"":""N/A"",""sub_status_report_keyword"":""N/A"",""sub_greeting_phrase"":""N/A"",""sub_nonenglish_marker"":""N/A"",""sub_nonenglish_marker"":""N/A"",""sub_noise_marker"":""N/A"",""sub_simple_response_keyword"":""N/A"",""sub_status_report_keyword"":""N/A"",""sub_greeting_phrase"":""N/A"",""sub_nonenglish_marker"":""N/A"",""sub_nonenglish_marker"":""N/A"",""sub_noise_marker"":""N/A"",""sub_simple_response_keyword"":""N/A"",""sub_status_report_keyword"":""N/A"",""sub_greeting_phrase"":""N/A"",""sub_nonenglish_marker"":""N/A"",""sub_nonenglish_marker"":""N/A"",""sub_noise_marker"":""N/A"",""sub_simple_response_keyword"":""N/A"",""sub_status_report_keyword"":""N/A"",""sub_greeting_phrase"":""N/A"",""sub_nonenglish_marker"":""N/A"",""sub_nonenglish_marker"":""N/A"",""sub_noise_marker"":""N/A"",""sub_simple_response_keyword"":""N/A"",""sub_status_report_keyword"":""N/A"",""sub_greeting_phrase"":""N/A"",""sub_nonenglish_marker"":""N/A"",""sub_nonenglish_marker"":""N/A"",""sub_noise_marker"":""N/A"",""sub_simple_response_keyword"":""N/A"",""sub_status_report_keyword"":""N/A"",""sub_greeting_phrase"":""N/A"",""sub_nonenglish_marker"":""N/A"",""sub",0.0
LSGS_SION_Ground_Control_121_7MHz_20210504_134548.wav,Phi-4-multimodal-instruct + speech LoRA,[#unnamed]okay[/#unnamed] [#value]approximately[/#value] [#value]fifteen[/#value] [#value]minutes[/#value] [#command]before[/#command] [#command]starting[/#command] [#unnamed]thank[/#unnamed] [#unnamed]you[/#unnamed],Okay approximately fifteen minutes but start there thank you very much,True,ATC,ATC,1,Other,Other,1,Other,Simple respond,0,ATCO Other,ATCO Other,1.0,N/A,N/A,N/A,N/A,N/A,N/A,N/A,N/A,N/A,N/A,N/A,N/A,N/A,N/A,N/A,N/A,N/A,N/A,N/A,N/A,N/A,N/A,N/A,N/A,N/A,N/A,N/A,N/A,N/A,N/A,N/A,N/A,N/A,N/A,N/A,N/A,N/A,N/A,N/A,N/A,N/A,N/A,N/A,N/A,N/A,N/A,N/A,N/A,N/A,N/A,N/A,ATC,ATC,1,N/A,A,0,NATS,ground,0.0,N/A,LSGS,0,N/A,LSGS (Sion),0,N/A,121.7MHz,0,N/A,5/4/2021 13:45,0,N/A,N/A,N/A,N/A,ALETO AOSTA BANKO BERAR BIBAN CERVI ESOKO ETEKI GARLO GODRA GOLEB GRANA INTIP LAMUR MASAB MOBLO MOLUS MONIN OMETO ORSUD PUNSA REVLI ROCCA ROMOM SANET SONOD SOSAL TERSI UBIMA VADAR VALOR VENAT VEROX,0.0,N/A,N/A,N/A,N/A,N/A,N/A,N/A,N/A,N/A,N/A,N/A,N/A,N/A,N/A,N/A,N/A,N/A,N/A,N/A,N/A,N/A,N/A,N/A,N/A,N/A,N/A,N/A,N/A,N/A,N/A,N/A,N/A,N/A,N/A,N/A,N/A,N/A,N/A,N/A,N/A,N/A,N/A,N/A,N/A,N/A,N/A,N/A,N/A,N/A,N/A,N/A,N/A,N/A,N/A,N/A,N/A,N/A,N/A,N/A,N/A,N/A,N/A,N/A,N/A,N/A,N/A,N/A,N/A,N/A,NATS,N/A,N/A,N/A,N/A,N/A,N/A,N/A,N/A,N/A,N/A,N/A,N/A,N/A,N/A,N/A,N/A,N/A,N/A,N/A,N/A,N/A,N/A,N/A,N/A,N/A,N/A,N/A,N/A,N/A,N/A,N/A,N/A,N/A,N/A,N/A,N/A,N/A,N/A,N/A,N/A,N/A,N/A,N/A,N/A,N/A,N/A,N/A,N/A,N/A,N/A,N/A,N/A,N/A,N/A,N/A,N/A,N/A,N/A,N/A,N/A,N/A,N/A,N/A,llm_confidence=0.25,0,"{""transcript"":""Okay approximately fifteen minutes but start there thank you very much"",""role"":""Controller"",""coarse_intent"":""Other"",""fine_intent"":""Other"",""dialogue_function"":""ATCO Other"",""slots"":{""slot_control_unit"":""NATS""},""subslots"":{}}",0.3076923076923077
LSGS_SION_Ground_Control_121_7MHz_20210505_065954.wav,Phi-4-multimodal-instruct + speech LoRA,[#callsign]November[/#callsign] [#callsign]Golf[/#callsign] [#callsign]Papa [/#callsign] [#unnamed]read[/#unnamed] [#unnamed]back[/#unnamed] [#unnamed]correct[/#unnamed] [#command]report[/#command] [#value]for[/#value] [#value]taxi[/#value],Lufthansa Number Five Papa Rita Bravo taxi to runway three four,True,Pilot,ATC,0,Command,Command,1,Flight route,Taxiing,0,ATCO Clearance,ATCO Instruction,0.0,N/A,N/A,N/A,N/A,N/A,N/A,34,N/A,N/A,N/A,N/A,N/A,N/A,N/A,N/A,N/A,report,0.0,to,N/A,N/A,N/A,N/A,N/A,N/A,N/A,N/A,N/A,N/A,N/A,N/A,N/A,N/A,N/A,correct,0.0,N/A,N/A,N/A,N/A,report,0.0,N/A,N/A,N/A,N/A,N/A,N/A,N/A,N/A,N/A,Pilot,ATC,0,N/A,A,0,Lufthansa Number Five Papa Rita Bravo,ground,0.0,N/A,LSGS,0,N/A,LSGS (Sion),0,N/A,121.7MHz,0,N/A,5/5/2021 6:59,0,N/A,N/A,N/A,N/A,ALETO AOSTA BANKO BERAR BIBAN CERVI ESOKO ETEKI GARLO GODRA GOLEB GRANA INTIP LAMUR MASAB MOBLO MOLUS MONIN OMETO ORSUD PUNSA REVLI ROCCA ROMOM SANET SONOD SOSAL TERSI UBIMA VADAR VALOR VENAT VEROX,0.0,N/A,N/A,N/A,N/A,N/A,N/A,34,N/A,N/A,N/A,N/A,N/A,N/A,N/A,N/A,N/A,N/A,N/A,N/A,N/A,N/A,N/A,N/A,N/A,to,N/A,N/A,N/A,N/A,N/A,N/A,N/A,N/A,N/A,N/A,N/A,N/A,N/A,N/A,N/A,N/A,N/A,N/A,N/A,N/A,to,N/A,N/A,N/A,N/A,N/A,N/A,N/A,N/A,N/A,N/A,N/A,N/A,N/A,N/A,taxi,N/A,N/A,N/A,N/A,N/A,N/A,N/A,N/A,Lufthansa Number Five Papa Rita Bravo,N/A,N/A,N/A,N/A,N/A,N/A,N/A,N/A,N/A,N/A,N/A,N/A,N/A,N/A,N/A,N/A,N/A,RITA BRAVO,N/A,N/A,N/A,N/A,N/A,N/A,N/A,N/A,N/A,N/A,N/A,N/A,N/A,N/A,destination,N/A,N/A,N/A,N/A,N/A,N/A,N/A,N/A,N/A,N/A,N/A,N/A,N/A,N/A,N/A,N/A,N/A,N/A,N/A,N/A,N/A,N/A,N/A,N/A,N/A,N/A,N/A,N/A,N/A,N/A,needs_manual_review=True | llm_confidence=0.0,0,"{""transcript"":""Lufthansa Number Five Papa Rita Bravo taxi to runway three four"",""role"":""Pilot"",""coarse_intent"":""Command"",""fine_intent"":""Flight route"",""dialogue_function"":""ATCO Clearance"",""slots"":{""slot_action"":""taxi"",""slot_control_unit"":""Lufthansa Number Five Papa Rita Bravo"",""slot_runway"":""34"",""slot_taxiway"":""RITA BRAVO"",""slot_direction"":""to"",""slot_clearance_type"":""taxi"",""slot_restriction_type"":""destination"",""slot_reason_or_condition"":""report""},""subslots"":{""sub_route_action"":""taxi""}}",0.0625
LKTB_BRNO_Tower_119_605MHz_20201028_140518.wav,Phi-4-multimodal-instruct + speech LoRA,Oskar Kilo Whiskey November Lima information exprite vacating via bravo and taxi to foxtrot bravo affirm,Oscar Kilo Whiskey November Lima formation escort right vacating Bravo and taxi to foxtrot bravo farm,True,ATC,Other,0,Command,Command,1,ATCO Instruction,Flight route,0,ATCO Clearance,N/A,N/A,N/A,N/A,N/A,N/A,N/A,N/A,N/A,N/A,N/A,N/A,N/A,N/A,N/A,N/A,N/A,taxi,taxi,1.0,N/A,N/A,N/A,N/A,via BRAVO,0.0,N/A,N/A,N/A,N/A,N/A,N/A,N/A,N/A,N/A,N/A,affirm,0.0,N/A,N/A,N/A,N/A,N/A,N/A,N/A,N/A,N/A,N/A,N/A,N/A,N/A,N/A,N/A,ATC,Other,0,N/A,C,0,Oscar Kilo Whiskey November Lima,information | tower,0.0,N/A,LKTB,0,N/A,LKTB (Brno Turany),0,N/A,119.605MHz,0,N/A,10/28/2020 14:05,0,N/A,N/A,N/A,N/A,ADISU BELUX BITSI BOLMU BUKAP GINAT GIVIP IVOLI MORKO ODNEM ROGAD ROVSO,0.0,N/A,N/A,N/A,N/A,N/A,N/A,N/A,N/A,N/A,N/A,N/A,N/A,N/A,N/A,N/A,N/A,N/A,N/A,N/A,N/A,N/A,N/A,N/A,N/A,N/A,N/A,N/A,N/A,N/A,N/A,N/A,N/A,N/A,N/A,N/A,N/A,N/A,N/A,N/A,N/A,N/A,N/A,N/A,N/A,N/A,N/A,N/A,N/A,N/A,N/A,N/A,N/A,N/A,N/A,N/A,N/A,N/A,N/A,N/A,N/A,taxi,taxi,1.0,N/A,N/A,N/A,N/A,N/A,N/A,Oscar Kilo Whiskey November Lima,N/A,N/A,N/A,N/A,N/A,N/A,vacating,0.0,N/A,vacating via bravo and taxi to foxtrot bravo,0.0,N/A,N/A,N/A,N/A,N/A,N/A,Bravo,BRAVO,1.0,N/A,N/A,N/A,N/A,"BRAVO, FOXTROT BRAVO",0.0,N/A,N/A,N/A,N/A,N/A,N/A,formation,N/A,N/A,N/A,N/A,N/A,N/A,N/A,N/A,N/A,N/A,N/A,N/A,N/A,N/A,N/A,N/A,N/A,N/A,N/A,N/A,N/A,N/A,N/A,N/A,N/A,N/A,N/A,N/A,N/A,N/A,llm_confidence=0.925,0,"{""transcript"":""Oscar Kilo Whiskey November Lima formation escort right vacating Bravo and taxi to foxtrot bravo farm"",""role"":""Controller"",""coarse_intent"":""Command"",""fine_intent"":""ATCO Instruction"",""dialogue_function"":""ATCO Clearance"",""slots"":{""slot_action"":""taxi"",""slot_control_unit"":""Oscar Kilo Whiskey November Lima"",""slot_taxiway"":""Bravo"",""slot_restriction_type"":""formation"",""slot_reason_or_condition"":""formation escort right vacating bravo""},""subslots"":{""sub_taxi_action"":""taxi""}}",0.2
LSGS_SION_Tower_118_3MHz_20210503_130423.wav,Phi-4-multimodal-instruct + speech LoRA,[#callsign]Hotel[/#callsign] [#callsign]Golf[/#callsign] [#callsign]Bravo[/#callsign] [#value]is[/#value] [#value]echo[/#value] [#value]two[/#value] [#value]at[/#value] [#value]three[/#value] [#value]thousand[/#value] [#value]three[/#value] [#value]hundred[/#value] [#value]feet[/#value] [#callsign]Golf[/#callsign] [#callsign]Bravo [/#callsign] [#command]straight[/#command] [#command]in[/#command] [#value]two[/#value] [#value]five[/#value] [#value]number[/#value] [#value]one[/#value] [#value]number[/#value] [#value]one[/#value] [noise] [#callsign]Golf[/#callsign] [#callsign]Bravo[/#callsign],Hotel Echo X-ray number one number one Hotel Echo X-ray,True,ATC,Pilot,0,Other,Other,1,Other,Other,1,ATCO Other,Pilot Response,0.0,N/A,N/A,N/A,N/A,N/A,N/A,N/A,N/A,N/A,N/A,N/A,N/A,N/A,N/A,N/A,N/A,N/A,N/A,N/A,N/A,N/A,N/A,N/A,N/A,N/A,N/A,N/A,N/A,N/A,N/A,N/A,N/A,N/A,N/A,N/A,N/A,N/A,N/A,N/A,N/A,N/A,N/A,N/A,N/A,N/A,N/A,N/A,N/A,N/A,N/A,N/A,ATC,Pilot,0,N/A,B | A,0,Hotel Echo X-ray,tower,0.0,N/A,LSGS,0,N/A,LSGS (Sion),0,N/A,118.3MHz,0,N/A,5/3/2021 13:04,0,N/A,N/A,N/A,N/A,ALETO AOSTA BANKO BERAR BIBAN CERVI ESOKO ETEKI GARLO GODRA GOLEB GRANA INTIP LAMUR MASAB MOBLO MOLUS MONIN OMETO ORSUD PUNSA REVLI ROCCA ROMOM SANET SONOD SOSAL TERSI UBIMA VADAR VALOR VENAT VEROX,0.0,N/A,N/A,N/A,N/A,N/A,N/A,N/A,N/A,N/A,N/A,N/A,N/A,N/A,N/A,N/A,N/A,N/A,N/A,N/A,N/A,N/A,N/A,N/A,N/A,N/A,N/A,N/A,N/A,N/A,N/A,N/A,N/A,N/A,N/A,N/A,N/A,N/A,N/A,N/A,N/A,N/A,N/A,N/A,N/A,N/A,N/A,N/A,N/A,N/A,N/A,N/A,N/A,N/A,N/A,N/A,N/A,N/A,N/A,N/A,N/A,N/A,N/A,N/A,N/A,N/A,N/A,N/A,N/A,N/A,Hotel Echo X-ray,N/A,N/A,N/A,N/A,N/A,N/A,N/A,N/A,N/A,N/A,N/A,N/A,N/A,N/A,N/A,N/A,N/A,N/A,N/A,N/A,N/A,N/A,N/A,N/A,N/A,N/A,N/A,N/A,N/A,N/A,N/A,N/A,N/A,N/A,N/A,N/A,N/A,N/A,N/A,N/A,N/A,N/A,N/A,N/A,N/A,N/A,N/A,N/A,N/A,N/A,N/A,N/A,N/A,N/A,N/A,N/A,N/A,present,0.0,N/A,N/A,N/A,N/A,explicit_noise_marker | llm_confidence=0.0,0,"{""transcript"":""Hotel Echo X-ray number one number one Hotel Echo X-ray"",""role"":""Controller"",""coarse_intent"":""Other"",""fine_intent"":""Other"",""dialogue_function"":""ATCO Other"",""slots"":{""slot_control_unit"":""Hotel Echo X-ray""},""subslots"":{}}",0.14285714285714285
LSZH_ZURICH_Tower_118_1MHz_20210414_081018.wav,Phi-4-multimodal-instruct + speech LoRA,United One Three Five wind zero three zero degrees one zero knots runway two eight cleared takeoff,N/A,False,N/A,ATC,0,N/A,Information,0,N/A,Information,0,N/A,ATCO Information,0.0,N/A,United,0.0,N/A,135,0.0,N/A,28,0.0,N/A,takeoff,0.0,N/A,N/A,N/A,N/A,N/A,N/A,N/A,N/A,N/A,N/A,N/A,N/A,N/A,N/A,N/A,N/A,N/A,N/A,N/A,N/A,N/A,N/A,N/A,N/A,N/A,N/A,N/A,N/A,N/A,N/A,N/A,N/A,N/A,N/A,United One Three Five,0.0,N/A,UAL135,0.0,N/A,ATC,0,N/A,A,0,N/A,tower,0.0,N/A,LSZH,0,N/A,LSZH (Zurich),0,N/A,118.1MHz,0,N/A,4/14/2021 8:10,0,N/A,N/A,N/A,N/A,AFOLT AGERI AKABI ALBIX ALINE AMIKI AMRUP ARGAX ARGEV ARTAG ATBAS BARIG BERSU BREGO DEGES DITON DONET DOPIL EDUMI EGABI EKRIT EKTUM ELMUR ENONO ENUSO ERMUS GARMO GERSA GIPOL IBILA KELIP KESEX KOLUL KUDIS KUSIX LAMAX LAPAG LAPDI LEDMI LUMEG MANEG MANID MATIV MILNI MOMOL MOSIT NEDOV NEMAG NOLKA OBEDU OLKEV OLNAV OMIDO OSNEM OSNOG RAMEM RAUTA RILAX RINLI RIPUS RISLI ROLSA ROMIR RONBA RONIX RUDSI SITOR SONGI SONOM SUBEX SUREP TADOB TINOX TITIX UMTOP URIGI URNAS UTIXO VEBIT VEDOK VIBAX VIBEV XANAL,0.0,N/A,N/A,N/A,N/A,N/A,N/A,N/A,N/A,N/A,N/A,general clearance,0.0,N/A,N/A,N/A,N/A,N/A,N/A,N/A,N/A,N/A,N/A,N/A,N/A,N/A,N/A,N/A,N/A,N/A,N/A,N/A,N/A,N/A,N/A,N/A,N/A,N/A,N/A,N/A,N/A,N/A,N/A,N/A,N/A,N/A,N/A,N/A,N/A,N/A,N/A,N/A,N/A,N/A,N/A,N/A,N/A,N/A,N/A,N/A,N/A,N/A,N/A,N/A,N/A,N/A,N/A,N/A,N/A,N/A,N/A,N/A,N/A,N/A,N/A,N/A,N/A,wind information,0.0,N/A,wind 030 at 10 knots,0.0,N/A,N/A,N/A,N/A,N/A,N/A,N/A,N/A,N/A,N/A,N/A,N/A,N/A,N/A,N/A,N/A,N/A,N/A,N/A,N/A,N/A,N/A,N/A,N/A,N/A,N/A,N/A,N/A,N/A,N/A,N/A,N/A,N/A,N/A,N/A,N/A,N/A,N/A,N/A,N/A,N/A,N/A,N/A,N/A,N/A,N/A,N/A,N/A,N/A,N/A,N/A,N/A,llm_confidence=0.975,0,"{""transcript"":""United One Three Five wind zero three zero degrees one zero knots runway two eight cleared to take off"",""role"":""Controller"",""coarse_intent"":""Clearance"",""fine_intent"":""Clearance"",""dialogue_function"":""ATCO Clearance"",""slots"":{""slot_callsign_code"":""UAL135"",""slot_callsign_spoken"":""United One Three Five"",""slot_airline"":""United"",""slot_flight_number"":""135"",""slot_action"":""cleared to take off"",""slot_runway"":""28"",""slot_control_unit"":""tower"",""slot_wind"":""0031"",""slot_direction"":""090"",""slot_clearance_type"":""takeoff"",""clearance_limit"":null,""procedure_assignment_keyword"":""takeoff"",""procedure_name"":""takeoff"",""position_report"":null,""requested_item"":""takeoff"",""information_type"":""wind information"",""information_value"":""wind 0031 090"",""restriction_condition"":null,""arrival_route"":null,""departure_route"":null,""landing_condition"":null,""stand_gate"":null,""surface_route"":null,""takeoff_condition"":""wind zero three zero degrees one zero knots runway two eight cleared to take off"",""slot_clearance_type"":""takeoff"",""restriction_condition"":null,""arrival_route"":null,""departure_route"":null,""landing_condition"":null,""stand_gate"":null,""surface_route"":null,""takeoff_condition"":""wind zero three zero degrees one zero knots runway two eight cleared to take off"",""slot_clearance_type"":""takeoff"",""restriction_condition"":null,""arrival_route"":null,""departure_route"":null,""landing_condition"":null,""stand_gate"":null,""surface_route"":null,""takeoff_condition"":""wind zero three zero degrees one zero knots runway two eight cleared to take off"",""slot_clearance_type"":""takeoff"",""restriction_condition"":null,""arrival_route"":null,""departure_route"":null,""landing_condition"":null,""stand_gate"":null,""surface_route"":null,""takeoff_condition"":""wind zero three zero degrees one zero knots runway two eight cleared to take off"",""slot_clearance_type"":""takeoff"",""restriction_condition"":null,""arrival_route"":null,""departure_route"":null,""landing_condition"":null,""stand_gate"":null,""surface_route"":null,""takeoff_condition"":""wind zero three zero degrees one zero knots runway two eight cleared to take off"",""slot_clearance_type"":""takeoff"",""restriction_condition"":null,""arrival_route"":null,""departure_route"":null,""landing_condition"":null,""stand_gate"":null,""surface_route"":null,""takeoff_condition"":""wind zero three zero degrees one zero knots runway two eight cleared to take off"",""",0.0
LZIB_STEFANIK_Tower_118_3MHz_20210505_145115.wav,Phi-4-multimodal-instruct + speech LoRA,Topjet Four Zero Two via delta foxtrot ten three three delta foxtrot ten three three Topjet Four Zero Two,Project Four Zero Two via delta foxtrot stand three three,True,ATC,ATC,1,Other,Command,0,Other,Flight route,0,ATCO Other,ATCO Instruction,0.0,N/A,N/A,N/A,N/A,N/A,N/A,N/A,N/A,N/A,N/A,N/A,N/A,N/A,N/A,N/A,N/A,N/A,N/A,N/A,N/A,N/A,via delta foxtrot,via delta foxtrot ten three three,0.0,N/A,N/A,N/A,N/A,N/A,N/A,N/A,N/A,N/A,N/A,N/A,N/A,N/A,N/A,N/A,N/A,N/A,N/A,N/A,N/A,N/A,N/A,N/A,N/A,N/A,N/A,N/A,ATC,ATC,1,N/A,A | B,0,Project Four Zero Two,tower,0.0,N/A,LZIB,0,N/A,LZIB (Bratislava),0,N/A,118.3MHz,0,N/A,5/5/2021 14:51,0,N/A,N/A,N/A,N/A,ABETI ABLOM ADAMA AGMIM ASLOT ASPIB ASTON BEGLA BERVA CIFER EKLIP GASNA GESGI KOXER KUVEX LEDRI MABOD MAREG MOVOS NATEX NIGER PESAT REKLU SOMID TOVKA UBUXI URUMU VABGU VAMOG VAPIT VEDER VYDRA XENAK XENDI,0.0,N/A,N/A,N/A,N/A,N/A,N/A,N/A,N/A,N/A,N/A,N/A,N/A,N/A,N/A,N/A,N/A,N/A,N/A,N/A,N/A,N/A,N/A,N/A,N/A,N/A,N/A,N/A,stand three three,N/A,N/A,N/A,N/A,N/A,N/A,N/A,N/A,N/A,N/A,N/A,N/A,N/A,N/A,N/A,N/A,N/A,N/A,N/A,N/A,N/A,N/A,N/A,N/A,N/A,N/A,N/A,N/A,N/A,N/A,N/A,N/A,N/A,N/A,N/A,N/A,N/A,N/A,N/A,N/A,N/A,Project Four Zero Two,N/A,N/A,N/A,N/A,N/A,N/A,N/A,N/A,N/A,N/A,N/A,N/A,N/A,N/A,N/A,N/A,N/A,N/A,DELTA,0.0,N/A,N/A,N/A,N/A,N/A,N/A,N/A,N/A,N/A,N/A,N/A,N/A,N/A,N/A,N/A,N/A,N/A,N/A,N/A,N/A,N/A,N/A,N/A,N/A,N/A,N/A,N/A,N/A,N/A,N/A,N/A,N/A,N/A,N/A,N/A,N/A,N/A,N/A,N/A,N/A,N/A,N/A,N/A,llm_confidence=0.95,0,"{""transcript"":""Project Four Zero Two via delta foxtrot stand three three"",""role"":""Controller"",""coarse_intent"":""Other"",""fine_intent"":""Other"",""dialogue_function"":""ATCO Other"",""slots"":{""slot_control_unit"":""Project Four Zero Two"",""planned_route"":""via delta foxtrot"",""stand_gate"":""stand three three""},""subslots"":{}}",0.13333333333333333
LSZH_ZURICH_Tower_118_1MHz_20210424_081042.wav,Phi-4-multimodal-instruct + speech LoRA,Hotel Oscar Echo the second traffic is now to overhead whiskey one oposite,Hotel Oscar Echo the second traffic is now to overhead whiskey one opposite,True,ATC,ATC,1,Other,Information,0,Other,Information,0,ATCO Other,ATCO Information,0.0,N/A,N/A,N/A,N/A,N/A,N/A,N/A,N/A,N/A,N/A,N/A,N/A,N/A,N/A,N/A,N/A,N/A,N/A,overhead,N/A,N/A,whiskey one,N/A,N/A,N/A,N/A,N/A,N/A,N/A,N/A,N/A,N/A,N/A,N/A,N/A,N/A,N/A,N/A,N/A,N/A,N/A,N/A,N/A,N/A,N/A,N/A,N/A,N/A,N/A,N/A,N/A,ATC,ATC,1,N/A,A,0,Hotel Oscar Echo,tower,0.0,N/A,LSZH,0,N/A,LSZH (Zurich),0,N/A,118.1MHz,0,N/A,4/24/2021 8:10,0,N/A,N/A,N/A,N/A,AFOLT AGERI AKABI ALBIX ALINE AMIKI AMRUP ARGAX ARGEV ARTAG ATBAS BARIG BERSU BREGO DEGES DITON DONET DOPIL EDUMI EGABI EKRIT EKTUM ELMUR ENONO ENUSO ERMUS GARMO GERSA GIPOL IBILA KELIP KESEX KOLUL KUDIS KUSIX LAMAX LAPAG LAPDI LEDMI LUMEG MANEG MANID MATIV MILNI MOMOL MOSIT NEDOV NEMAG NOLKA OBEDU OLKEV OLNAV OMIDO OSNEM OSNOG RAMEM RAUTA RILAX RINLI RIPUS RISLI ROLSA ROMIR RONBA RONIX RUDSI SITOR SONGI SONOM SUBEX SUREP TADOB TINOX TITIX UMTOP URIGI URNAS UTIXO VEBIT VEDOK VIBAX VIBEV XANAL,0.0,N/A,N/A,N/A,N/A,N/A,N/A,N/A,N/A,N/A,N/A,N/A,N/A,N/A,N/A,N/A,N/A,N/A,N/A,N/A,N/A,N/A,N/A,N/A,N/A,overhead,N/A,N/A,N/A,N/A,N/A,N/A,N/A,N/A,N/A,N/A,N/A,N/A,N/A,N/A,N/A,N/A,N/A,N/A,N/A,N/A,overhead,N/A,N/A,N/A,N/A,N/A,N/A,N/A,N/A,N/A,N/A,N/A,N/A,N/A,N/A,N/A,N/A,N/A,N/A,N/A,N/A,N/A,N/A,N/A,Hotel Oscar Echo,N/A,N/A,N/A,N/A,N/A,N/A,traffic_position,0.0,N/A,overhead whiskey one,0.0,N/A,N/A,N/A,N/A,N/A,N/A,N/A,N/A,N/A,N/A,N/A,N/A,N/A,N/A,N/A,N/A,N/A,N/A,N/A,N/A,N/A,N/A,N/A,N/A,N/A,N/A,N/A,N/A,N/A,N/A,N/A,N/A,N/A,N/A,N/A,N/A,N/A,N/A,N/A,N/A,N/A,N/A,Hotel Oscar Echo,N/A,N/A,N/A,N/A,N/A,N/A,N/A,N/A,N/A,llm_confidence=0.95,0,"{""transcript"":""Hotel Oscar Echo the second traffic is now to overhead whiskey one opposite"",""role"":""Controller"",""coarse_intent"":""Other"",""fine_intent"":""Other"",""dialogue_function"":""ATCO Other"",""slots"":{""slot_control_unit"":""Hotel Oscar Echo"",""slot_direction"":""overhead"",""planned_route"":""whiskey one""},""subslots"":{""sub_greeting_phrase"":""Hotel Oscar Echo""}}",0.13333333333333333
LSGS_SION_Tower_118_3MHz_20210503_130418.wav,Phi-4-multimodal-instruct + speech LoRA,[#callsign]Hotel[/#callsign] [#callsign]Golf[/#callsign] [#callsign]Bravo [/#callsign] [#command]straight[/#command] [#command]in[/#command] [#value]two[/#value] [#value]five[/#value] [#value]number[/#value] [#value]one[/#value],Hotel Golf Bravo straight in two five number one,True,ATC,Other,0,Other,Other,1,Other,Other,1,ATCO Other,N/A,N/A,N/A,N/A,N/A,N/A,N/A,N/A,N/A,N/A,N/A,N/A,N/A,N/A,N/A,N/A,N/A,N/A,N/A,N/A,N/A,N/A,N/A,N/A,N/A,N/A,N/A,N/A,N/A,N/A,N/A,N/A,N/A,N/A,N/A,N/A,N/A,N/A,N/A,N/A,N/A,N/A,N/A,N/A,N/A,N/A,N/A,N/A,N/A,N/A,N/A,N/A,N/A,ATC,Other,0,N/A,D,0,Hotel Golf Bravo,tower,0.0,N/A,LSGS,0,N/A,LSGS (Sion),0,N/A,118.3MHz,0,N/A,5/3/2021 13:04,0,N/A,N/A,N/A,N/A,ALETO AOSTA BANKO BERAR BIBAN CERVI ESOKO ETEKI GARLO GODRA GOLEB GRANA INTIP LAMUR MASAB MOBLO MOLUS MONIN OMETO ORSUD PUNSA REVLI ROCCA ROMOM SANET SONOD SOSAL TERSI UBIMA VADAR VALOR VENAT VEROX,0.0,N/A,N/A,N/A,N/A,N/A,N/A,N/A,N/A,N/A,N/A,N/A,N/A,N/A,N/A,N/A,N/A,N/A,N/A,N/A,N/A,N/A,N/A,N/A,N/A,N/A,N/A,N/A,N/A,N/A,N/A,N/A,N/A,N/A,N/A,N/A,N/A,N/A,N/A,N/A,N/A,N/A,N/A,N/A,N/A,N/A,N/A,N/A,N/A,N/A,N/A,N/A,N/A,N/A,N/A,N/A,N/A,N/A,N/A,N/A,N/A,N/A,N/A,N/A,N/A,N/A,N/A,N/A,N/A,N/A,Hotel Golf Bravo,N/A,N/A,N/A,N/A,N/A,Other,N/A,N/A,N/A,N/A,N/A,N/A,N/A,N/A,N/A,N/A,N/A,N/A,N/A,N/A,N/A,N/A,N/A,N/A,N/A,N/A,N/A,N/A,N/A,N/A,N/A,N/A,Other,N/A,N/A,N/A,N/A,N/A,N/A,N/A,N/A,N/A,N/A,N/A,N/A,N/A,N/A,N/A,N/A,N/A,N/A,N/A,N/A,N/A,N/A,N/A,N/A,N/A,N/A,Non-English/Other Language,N/A,N/A,N/A,llm_confidence=0.0,0,"{""transcript"":""Hotel Golf Bravo straight in two five number one"",""role"":""Controller"",""coarse_intent"":""Other"",""fine_intent"":""Other"",""dialogue_function"":""ATCO Other"",""slots"":{""slot_control_unit"":""Hotel Golf Bravo"",""slot_restriction_type"":""Other"",""information_type"":""Other""},""subslots"":{""sub_nonenglish_marker"":""Non-English/Other Language""}}",0.16666666666666666
LSZB_BERN_Tower_121_0MHz_20210414_103845.wav,Phi-4-multimodal-instruct + speech LoRA,roger Bravo Three Zero Four Three affirm climb maximum five thousand five hundred feet,Hotel Bravo Three Zero Four Three affirm climb maximum five thousand five hundred feet,True,ATC,ATC,1,Command,Command,1,Command,Speed,0,ATCO Command,ATCO Instruction,0.0,N/A,N/A,N/A,N/A,N/A,N/A,N/A,N/A,N/A,N/A,N/A,N/A,N/A,N/A,N/A,N/A,N/A,N/A,N/A,N/A,N/A,N/A,N/A,N/A,climb,climb,1.0,5000,N/A,N/A,N/A,N/A,N/A,N/A,roger | affirm,0.0,N/A,N/A,N/A,N/A,N/A,N/A,N/A,N/A,N/A,Hotel Bravo Three Zero Four Three,N/A,N/A,N/A,N/A,N/A,ATC,ATC,1,N/A,A,0,Hotel Bravo Three Zero Four Three,tower,0.0,N/A,LSZB,0,N/A,LSZB (Bern),0,N/A,121.0MHz,0,N/A,4/14/2021 10:38,0,N/A,N/A,N/A,N/A,ABARI ALETO AMRID ARNOT ARVAN ASBER BADEP BALIR BASUD BELAR BENOT BERSU BIRKI BOMEC DEKAM DOPIL DOUCI EKTUM ERMUS ESEVA ETEKI GODRA GUDAX IXUDI KONOL KORED KUBOM LAMUR LARDO LASUN LEPLA LUMEL LUTIX MASAB MEBOX MONIN NAXOL NEMAG NEMOS NOLKA OBEDU OLBEN OSKUP RAMOK REVLI ROMOM ROTOS SOSAL SUREP TADOB TELNO ULMES UMTOP VADAR VALAD VEBIT,0.0,N/A,N/A,N/A,N/A,N/A,N/A,N/A,N/A,N/A,climb,N/A,N/A,5000,N/A,N/A,N/A,N/A,N/A,N/A,N/A,N/A,N/A,N/A,N/A,N/A,N/A,N/A,N/A,N/A,N/A,N/A,N/A,N/A,N/A,N/A,N/A,N/A,N/A,N/A,N/A,N/A,N/A,N/A,N/A,N/A,N/A,N/A,N/A,N/A,climb,0.0,N/A,500.0,0.0,5000,N/A,N/A,N/A,N/A,N/A,climb,N/A,N/A,N/A,N/A,N/A,N/A,N/A,N/A,Hotel Bravo Three Zero Four Three,N/A,N/A,N/A,N/A,N/A,N/A,N/A,N/A,N/A,N/A,N/A,N/A,N/A,N/A,N/A,N/A,N/A,N/A,N/A,N/A,N/A,N/A,N/A,N/A,N/A,N/A,N/A,N/A,N/A,N/A,N/A,N/A,N/A,maximum,0.0,affirm climb maximum,N/A,N/A,N/A,N/A,N/A,N/A,N/A,N/A,N/A,N/A,N/A,N/A,N/A,N/A,N/A,roger,0.0,N/A,N/A,N/A,affirm,N/A,N/A,N/A,N/A,N/A,N/A,llm_confidence=0.0,0,"{""transcript"":""Hotel Bravo Three Zero Four Three affirm climb maximum five thousand five hundred feet"",""role"":""Controller"",""coarse_intent"":""Command"",""fine_intent"":""Command"",""dialogue_function"":""ATCO Command"",""slots"":{""slot_action"":""climb"",""slot_altitude"":""5000"",""slot_control_unit"":""Hotel Bravo Three Zero Four Three"",""slot_clearance_type"":""climb"",""clearance_limit"":""5000"",""restriction_condition"":""affirm climb maximum""},""subslots"":{""sub_altitude_action"":""climb"",""sub_full_callsign"":""Hotel Bravo Three Zero Four Three"",""sub_clearance_keyword"":""climb"",""sub_noise_marker"":""affirm""}}",0.21052631578947367
LSZB_BERN_Tower_121_0MHz_20210415_122910.wav,Phi-4-multimodal-instruct + speech LoRA,Heli India Echo Hotel Whiskey three thousand six hundred feet Heli India Echo land on discretion Swiss helicopter wind zero seven zero degrees six knots,Heli India Echo landing on discretion to Swiss helicopter wind zero seven zero degrees six knots,True,ATC,Other,0,Other,Other,1,Other,Other,1,ATCO Other,N/A,N/A,N/A,N/A,N/A,N/A,N/A,N/A,N/A,N/A,N/A,N/A,N/A,N/A,N/A,N/A,N/A,N/A,N/A,N/A,zero seven zero degrees,N/A,N/A,N/A,N/A,N/A,N/A,N/A,N/A,N/A,N/A,N/A,N/A,N/A,N/A,N/A,N/A,N/A,N/A,land,0.0,N/A,N/A,N/A,N/A,N/A,N/A,N/A,N/A,N/A,N/A,N/A,N/A,ATC,Other,0,N/A,D | A,0,Heli India Echo,tower,0.0,N/A,LSZB,0,N/A,LSZB (Bern),0,N/A,121.0MHz,0,N/A,4/15/2021 12:29,0,N/A,N/A,N/A,N/A,ABARI ALETO AMRID ARNOT ARVAN ASBER BADEP BALIR BASUD BELAR BENOT BERSU BIRKI BOMEC DEKAM DOPIL DOUCI EKTUM ERMUS ESEVA ETEKI GODRA GUDAX IXUDI KONOL KORED KUBOM LAMUR LARDO LASUN LEPLA LUMEL LUTIX MASAB MEBOX MONIN NAXOL NEMAG NEMOS NOLKA OBEDU OLBEN OSKUP RAMOK REVLI ROMOM ROTOS SOSAL SUREP TADOB TELNO ULMES UMTOP VADAR VALAD VEBIT,0.0,N/A,N/A,N/A,N/A,N/A,N/A,N/A,N/A,N/A,N/A,N/A,N/A,N/A,N/A,N/A,N/A,N/A,N/A,N/A,N/A,N/A,N/A,N/A,N/A,zero seven zero degrees,N/A,N/A,N/A,N/A,N/A,N/A,N/A,N/A,N/A,N/A,N/A,N/A,N/A,N/A,N/A,N/A,N/A,N/A,N/A,N/A,zero seven zero degrees,N/A,N/A,N/A,N/A,N/A,N/A,N/A,N/A,N/A,N/A,N/A,N/A,N/A,N/A,N/A,N/A,N/A,N/A,N/A,N/A,N/A,N/A,N/A,Heli India Echo,N/A,N/A,N/A,N/A,N/A,N/A,Weather,0.0,N/A,wind zero seven zero degrees six knots,0.0,N/A,N/A,N/A,N/A,N/A,N/A,N/A,N/A,N/A,N/A,N/A,N/A,N/A,N/A,N/A,N/A,N/A,N/A,N/A,N/A,N/A,N/A,N/A,N/A,N/A,N/A,N/A,N/A,N/A,N/A,N/A,N/A,N/A,N/A,N/A,N/A,N/A,N/A,N/A,N/A,N/A,N/A,N/A,N/A,N/A,N/A,N/A,N/A,N/A,N/A,N/A,N/A,llm_confidence=0.95,0,"{""transcript"":""Heli India Echo landing on discretion to Swiss helicopter wind zero seven zero degrees six knots"",""role"":""Controller"",""coarse_intent"":""Other"",""fine_intent"":""Other"",""dialogue_function"":""ATCO Other"",""slots"":{""slot_control_unit"":""Heli India Echo"",""slot_wind"":""zero seven zero degrees six knots"",""slot_direction"":""zero seven zero degrees""},""subslots"":{}}",0.13333333333333333
LSZB_BERN_Tower_121_0MHz_20210420_122956.wav,Phi-4-multimodal-instruct + speech LoRA,Hotel Golf Oscar at mid downwind make an orbit to the left report completed,Hotel Golf Alfa Kermit downwind make an orbit to the last report completed,True,ATC,ATC,1,Report,Report,1,Report,Report,1,Pilot Status Report,ATCO Other,0.0,N/A,N/A,N/A,N/A,N/A,N/A,N/A,N/A,N/A,N/A,N/A,N/A,N/A,N/A,N/A,N/A,N/A,N/A,N/A,left,0.0,N/A,N/A,N/A,N/A,N/A,N/A,N/A,N/A,N/A,N/A,N/A,N/A,N/A,N/A,N/A,N/A,N/A,N/A,report,report,1.0,completed,N/A,N/A,N/A,N/A,N/A,N/A,N/A,N/A,ATC,ATC,1,N/A,A,0,Hotel Golf Alfa Kermit,tower,0.0,N/A,LSZB,0,N/A,LSZB (Bern),0,N/A,121.0MHz,0,N/A,4/20/2021 12:29,0,N/A,N/A,N/A,N/A,ABARI ALETO AMRID ARNOT ARVAN ASBER BADEP BALIR BASUD BELAR BENOT BERSU BIRKI BOMEC DEKAM DOPIL DOUCI EKTUM ERMUS ESEVA ETEKI GODRA GUDAX IXUDI KONOL KORED KUBOM LAMUR LARDO LASUN LEPLA LUMEL LUTIX MASAB MEBOX MONIN NAXOL NEMAG NEMOS NOLKA OBEDU OLBEN OSKUP RAMOK REVLI ROMOM ROTOS SOSAL SUREP TADOB TELNO ULMES UMTOP VADAR VALAD VEBIT,0.0,N/A,N/A,N/A,N/A,N/A,N/A,N/A,N/A,N/A,N/A,N/A,N/A,N/A,N/A,N/A,N/A,N/A,N/A,N/A,N/A,N/A,N/A,N/A,N/A,N/A,N/A,N/A,N/A,N/A,N/A,N/A,N/A,N/A,N/A,N/A,N/A,N/A,N/A,N/A,N/A,N/A,N/A,N/A,N/A,N/A,N/A,N/A,N/A,N/A,N/A,N/A,N/A,N/A,N/A,N/A,N/A,N/A,N/A,N/A,N/A,report,N/A,N/A,N/A,N/A,N/A,N/A,N/A,N/A,Hotel Golf Alfa Kermit,N/A,N/A,N/A,N/A,N/A,N/A,position,0.0,N/A,completed,0.0,N/A,N/A,N/A,N/A,N/A,N/A,N/A,N/A,N/A,N/A,N/A,N/A,N/A,N/A,N/A,N/A,N/A,N/A,N/A,N/A,N/A,N/A,N/A,N/A,N/A,N/A,N/A,N/A,N/A,N/A,N/A,N/A,N/A,N/A,N/A,N/A,completed,Hotel Golf Oscar at mid downwind,0.0,N/A,N/A,N/A,N/A,N/A,N/A,N/A,N/A,N/A,N/A,N/A,N/A,N/A,llm_confidence=0.9166666666666666,0,"{""transcript"":""Hotel Golf Alfa Kermit downwind make an orbit to the last report completed"",""role"":""Controller"",""coarse_intent"":""Report"",""fine_intent"":""Report"",""dialogue_function"":""Pilot Status Report"",""slots"":{""slot_action"":""report"",""slot_control_unit"":""Hotel Golf Alfa Kermit"",""position_report"":""completed""},""subslots"":{""sub_report_keyword"":""report"",""sub_report_condition"":""completed""}}",0.2777777777777778
LSZH_ZURICH_Tower_118_1MHz_20210414_083710.wav,Phi-4-multimodal-instruct + speech LoRA,Tower [NE-German] guten morgen [/NE] Swiss One Nine Seven heavy RNP one four established Swiss One Nine Seven Tower [NE-German]guten morgen[/NE] wind zero eight zero degrees one two knots gusting one nine runway one four cleared to land vacate hotel two,tower one nine seven tower good morning wind zero eight zero degrees one two knots gusting one niner runway one four cleared to land track two,True,Pilot,Pilot,1,Other,Other,1,Other,Status report,0,ATCO Other,Pilot Status Report,0.0,N/A,Swiss,0.0,N/A,197,0.0,runway,14,0.0,N/A,N/A,N/A,N/A,N/A,N/A,N/A,N/A,N/A,N/A,N/A,N/A,N/A,N/A,N/A,N/A,N/A,N/A,N/A,N/A,N/A,N/A,N/A,N/A,N/A,N/A,N/A,N/A,cleared to land,0.0,N/A,N/A,N/A,N/A,N/A,N/A,N/A,Swiss One Nine Seven,0.0,N/A,SWR197,0.0,Pilot,Pilot,1,N/A,B | A,0,tower,tower,1.0,N/A,LSZH,0,N/A,LSZH (Zurich),0,N/A,118.1MHz,0,N/A,4/14/2021 8:37,0,N/A,N/A,N/A,N/A,AFOLT AGERI AKABI ALBIX ALINE AMIKI AMRUP ARGAX ARGEV ARTAG ATBAS BARIG BERSU BREGO DEGES DITON DONET DOPIL EDUMI EGABI EKRIT EKTUM ELMUR ENONO ENUSO ERMUS GARMO GERSA GIPOL IBILA KELIP KESEX KOLUL KUDIS KUSIX LAMAX LAPAG LAPDI LEDMI LUMEG MANEG MANID MATIV MILNI MOMOL MOSIT NEDOV NEMAG NOLKA OBEDU OLKEV OLNAV OMIDO OSNEM OSNOG RAMEM RAUTA RILAX RINLI RIPUS RISLI ROLSA ROMIR RONBA RONIX RUDSI SITOR SONGI SONOM SUBEX SUREP TADOB TINOX TITIX UMTOP URIGI URNAS UTIXO VEBIT VEDOK VIBAX VIBEV XANAL,0.0,N/A,N/A,N/A,N/A,N/A,N/A,runway,N/A,N/A,clearance,landing clearance,0.0,N/A,N/A,N/A,N/A,N/A,N/A,N/A,N/A,N/A,N/A,N/A,N/A,N/A,N/A,N/A,N/A,N/A,N/A,N/A,N/A,N/A,N/A,N/A,N/A,N/A,N/A,N/A,N/A,N/A,N/A,N/A,N/A,N/A,N/A,N/A,N/A,N/A,N/A,N/A,N/A,N/A,N/A,N/A,N/A,N/A,N/A,N/A,N/A,action,N/A,N/A,N/A,N/A,N/A,N/A,N/A,N/A,tower,N/A,N/A,N/A,N/A,N/A,N/A,Weather,0.0,N/A,RNP 1.4,0.0,N/A,RNP 14,0.0,N/A,RNP 1.4,0.0,N/A,N/A,N/A,N/A,N/A,N/A,N/A,vacate hotel two,0.0,N/A,N/A,N/A,N/A,N/A,N/A,restriction,N/A,N/A,N/A,N/A,N/A,N/A,N/A,N/A,N/A,N/A,N/A,status_report,established,0.0,N/A,RNP one four established,0.0,N/A,N/A,N/A,greeting_phrase,N/A,N/A,noise_marker,N/A,N/A,non-English marker,present,0.0,N/A,explicit_nonenglish_marker | needs_manual_review=True | llm_confidence=0.8124999999999999,0,"{""transcript"":""tower one nine seven tower good morning wind zero eight zero degrees one two knots gusting one niner runway one four cleared to land track two"",""role"":""Pilot"",""coarse_intent"":""Other"",""fine_intent"":""Other"",""dialogue_function"":""ATCO Other"",""slots"":{""slot_action"":""action"",""slot_runway"":""runway"",""slot_control_unit"":""tower"",""slot_clearance_type"":""clearance"",""slot_restriction_type"":""restriction"",""slot_reason_or_condition"":""reason_or_condition""},""subslots"":{""sub_clearance_keyword"":""clearance"",""sub_noise_marker"":""noise_marker"",""sub_nonenglish_marker"":""non-English marker"",""sub_greeting_phrase"":""greeting_phrase"",""sub_status_report_keyword"":""status_report""}}",0.14285714285714285
LZIB_STEFANIK_Tower_118_3MHz_20210427_143155.wav,Phi-4-multimodal-instruct + speech LoRA,stefanik tower Oscar Mike Charlie India Alpha final runway one three Oscar Mike Charlie India Alpha Oscar Mike Charlie India Alpha runway one three cleared to land wind one three zero degrees eight knots,N/A,False,N/A,Pilot,0,N/A,Other,0,N/A,Readback,0,N/A,Pilot Status Report,0.0,N/A,Oscar Mike Charlie India Alpha,0.0,N/A,N/A,N/A,N/A,13,0.0,N/A,N/A,N/A,N/A,N/A,N/A,N/A,N/A,N/A,N/A,N/A,N/A,N/A,N/A,N/A,N/A,N/A,N/A,N/A,N/A,N/A,N/A,N/A,N/A,N/A,N/A,N/A,N/A,cleared to land,0.0,N/A,N/A,N/A,N/A,N/A,N/A,N/A,Oscar Mike Charlie India Alpha,0.0,N/A,OMCIA,0.0,N/A,Pilot,0,N/A,B | A,0,N/A,tower,0.0,N/A,LZIB,0,N/A,LZIB (Bratislava),0,N/A,118.3MHz,0,N/A,4/27/2021 14:31,0,N/A,N/A,N/A,N/A,ABETI ABLOM ADAMA AGMIM ASLOT ASPIB ASTON BEGLA BERVA CIFER EKLIP GASNA GESGI KOXER KUVEX LEDRI MABOD MAREG MOVOS NATEX NIGER PESAT REKLU SOMID TOVKA UBUXI URUMU VABGU VAMOG VAPIT VEDER VYDRA XENAK XENDI,0.0,N/A,N/A,N/A,N/A,N/A,N/A,N/A,N/A,N/A,N/A,landing clearance,0.0,N/A,final,0.0,N/A,N/A,N/A,N/A,N/A,N/A,N/A,N/A,N/A,N/A,N/A,N/A,N/A,N/A,N/A,N/A,N/A,N/A,N/A,N/A,N/A,N/A,N/A,N/A,N/A,N/A,N/A,N/A,N/A,N/A,N/A,N/A,N/A,N/A,N/A,N/A,N/A,N/A,N/A,N/A,N/A,N/A,N/A,N/A,N/A,N/A,N/A,N/A,N/A,N/A,N/A,N/A,N/A,N/A,N/A,N/A,N/A,N/A,N/A,N/A,N/A,wind information,0.0,N/A,runway one three,0.0,N/A,N/A,N/A,N/A,N/A,N/A,N/A,N/A,N/A,N/A,N/A,N/A,N/A,N/A,N/A,N/A,N/A,N/A,N/A,N/A,N/A,N/A,N/A,N/A,N/A,N/A,N/A,N/A,N/A,N/A,N/A,N/A,N/A,N/A,N/A,N/A,N/A,final,0.0,N/A,N/A,N/A,N/A,N/A,N/A,N/A,N/A,N/A,N/A,N/A,N/A,N/A,llm_confidence=0.96,0,"{""transcript"":""Oscar Mike Charlie India Alpha runway one three Cleet Two and wind one three zero degrees eight knots Oscar Mike Charlie India Alpha"",""role"":""Controller"",""coarse_intent"":""Information"",""fine_intent"":""Information"",""dialogue_function"":""ATCO Information"",""slots"":{""slot_callsign_code"":""OMC"",""slot_callsign_spoken"":""Oscar Mike Charlie India Alpha"",""slot_airline"":""Oscar Mike Charlie India Alpha"",""slot_action"":""cleared"",""slot_runway"":""13"",""slot_control_unit"":""Cleet Two"",""slot_wind"":""1308"",""slot_direction"":""one three zero eight"",""slot_clearance_type"":""taxi"",""clearance_limit"":null,""procedure_assignment_keyword"":""Cleet Two"",""procedure_name"":""Cleet Two"",""position_report"":""Cleet Two"",""information_type"":""wind information"",""information_value"":""cleat two and wind one three zero degrees eight knots"",""restriction_condition"":""None"",""arrival_route"":""Cleet Two"",""departure_route"":""Cleet Two"",""landing_condition"":""None"",""stand_gate"":""Cleet Two"",""surface_route"":""Cleet Two"",""takeoff_condition"":""None"",""speed_action"":""None"",""route_in_out_point"":""Cleet Two"",""sub_full_callsign"":""Oscar Mike Charlie India Alpha"",""sub_taxiway"":""Cleet Two"",""sub_holding_time"":""None"",""sub_altitude_action"":""None"",""sub_confirmation_keyword"":""None"",""sub_landing_keyword"":""None"",""sub_report_keyword"":""None"",""sub_report_condition"":""None"",""sub_contact_keyword"":""None"",""sub_contact_unit"":""None"",""sub_status_report_keyword"":""None"",""sub_simple_response_keyword"":""None"",""sub_greeting_phrase"":""None"",""sub_noise_marker"":""None"",""sub_nonenglish_marker"":""None"",""sub_full_callsign"":""Oscar Mike Charlie India Alpha"",""sub_taxi_action"":""None"",""sub_holding_time"":""None"",""sub_altitude_action"":""None"",""sub_confirmation_keyword"":""None"",""sub_landing_keyword"":""None"",""sub_report_keyword"":""None"",""sub_report_condition"":""None"",""sub_contact_keyword"":""None"",""sub_contact_unit"":""None"",""sub_status_report_keyword"":""None"",""sub_simple_response_keyword"":""None"",""sub_greeting_phrase"":""None"",""sub_noise_marker"":""None"",""sub_nonenglish_marker"":""None"",""sub_speed_action"":""None""},""subslots"":{""sub_full_callsign"":""Oscar Mike Charlie India Alpha"",""sub_taxiway"":""Cleet Two"",""sub_holding_time"":""None"",""sub_altitude_action"":""None"",""sub_confirmation_keyword"":""None"",""sub_landing_keyword"":""None"",""sub_report_keyword"":""None"",""sub_report_condition"":""None",0.0
LSZB_BERN_Tower_121_0MHz_20210421_094113.wav,Phi-4-multimodal-instruct + speech LoRA,Hotel Golf Papa unknown VFR traffic a helicopter at your eleven o'clock position two miles same altitude opposite direction,Hotel Golf Papa unknown VFR traffic helicopter at your eleven o'clock position two miles same altitude opposite direction,True,ATC,ATC,1,Information,Command,0,Information,Flight route,0,ATCO Information,ATCO Instruction,0.0,N/A,N/A,N/A,N/A,N/A,N/A,N/A,N/A,N/A,N/A,N/A,N/A,N/A,N/A,N/A,N/A,N/A,N/A,opposite,N/A,N/A,N/A,N/A,N/A,N/A,N/A,N/A,N/A,N/A,N/A,N/A,N/A,N/A,N/A,N/A,N/A,N/A,N/A,N/A,N/A,N/A,N/A,N/A,N/A,N/A,N/A,N/A,N/A,N/A,N/A,N/A,ATC,ATC,1,N/A,A,0,HOTEL GOLF PAPA,tower,0.0,N/A,LSZB,0,N/A,LSZB (Bern),0,N/A,121.0MHz,0,N/A,4/21/2021 9:41,0,N/A,N/A,N/A,N/A,ABARI ALETO AMRID ARNOT ARVAN ASBER BADEP BALIR BASUD BELAR BENOT BERSU BIRKI BOMEC DEKAM DOPIL DOUCI EKTUM ERMUS ESEVA ETEKI GODRA GUDAX IXUDI KONOL KORED KUBOM LAMUR LARDO LASUN LEPLA LUMEL LUTIX MASAB MEBOX MONIN NAXOL NEMAG NEMOS NOLKA OBEDU OLBEN OSKUP RAMOK REVLI ROMOM ROTOS SOSAL SUREP TADOB TELNO ULMES UMTOP VADAR VALAD VEBIT,0.0,N/A,N/A,N/A,N/A,N/A,N/A,N/A,N/A,N/A,N/A,N/A,N/A,N/A,N/A,N/A,N/A,N/A,N/A,N/A,N/A,N/A,N/A,N/A,N/A,opposite,N/A,N/A,N/A,N/A,N/A,N/A,N/A,N/A,N/A,N/A,N/A,N/A,N/A,N/A,N/A,N/A,N/A,N/A,N/A,N/A,opposite,N/A,N/A,N/A,N/A,N/A,N/A,N/A,N/A,N/A,N/A,N/A,N/A,N/A,N/A,N/A,direct,0.0,N/A,N/A,N/A,N/A,N/A,N/A,HOTEL GOLF PAPA,N/A,N/A,N/A,N/A,N/A,N/A,traffic advisory,0.0,N/A,a helicopter at your eleven o'clock position two miles same altitude opposite direction,0.0,N/A,N/A,N/A,N/A,N/A,N/A,N/A,N/A,N/A,N/A,N/A,N/A,N/A,N/A,N/A,N/A,N/A,N/A,N/A,N/A,N/A,N/A,N/A,N/A,N/A,N/A,N/A,N/A,N/A,N/A,N/A,N/A,N/A,N/A,N/A,N/A,eleven o'clock position two miles same altitude,N/A,N/A,N/A,N/A,N/A,N/A,N/A,N/A,N/A,N/A,N/A,N/A,N/A,N/A,N/A,llm_confidence=0.95,0,"{""transcript"":""Hotel Golf Papa unknown VFR traffic helicopter at your eleven o'clock position two miles same altitude opposite direction"",""role"":""Controller"",""coarse_intent"":""Information"",""fine_intent"":""Information"",""dialogue_function"":""ATCO Information"",""slots"":{""slot_control_unit"":""HOTEL GOLF PAPA"",""slot_direction"":""opposite"",""position_report"":""eleven o'clock position two miles same altitude""},""subslots"":{""sub_information_type"":""Information""}}",0.125
LSGS_SION_Ground_Control_121_7MHz_20210503_151530.wav,Phi-4-multimodal-instruct + speech LoRA,[#unnamed]say[/#unnamed] [#unnamed]again[/#unnamed] [#unnamed]can[/#unnamed] [#unnamed]you[/#unnamed] [#value]three[/#value] [#value]by[/#value] [#value]five[/#value] [#callsign] Heli [/#callsign] [#callsign]Hotel[/#callsign] [#callsign]Yankee[/#callsign] [#callsign]Heli[/#callsign] [#callsign]Hotel[/#callsign] [#callsign]Yankee [/#callsign] [#unnamed]QNH[/#unnamed] [#value]one[/#value] [#value]zero[/#value] [#value]one[/#value] [#value]seven[/#value] [#command]report[/#command] [#value]hotel[/#value] [#value]echo[/#value] [#value]or[/#value] [#value]golf[/#value] [#value]echo[/#value] [#value]at[/#value] [#value]your[/#value] [#value]discretion[/#value],Sehr gerne Hotel Oscar Three by Five Hotel Oscar Three by Five,True,ATC,Other,0,Other,Other,1,Other,Other,1,ATCO Other,N/A,N/A,N/A,N/A,N/A,N/A,N/A,N/A,N/A,N/A,N/A,N/A,N/A,N/A,N/A,N/A,N/A,N/A,N/A,N/A,N/A,N/A,N/A,N/A,N/A,N/A,N/A,N/A,N/A,N/A,N/A,N/A,N/A,1017.0,0.0,N/A,N/A,N/A,N/A,N/A,N/A,N/A,report,0.0,N/A,N/A,N/A,N/A,N/A,N/A,N/A,N/A,N/A,ATC,Other,0,N/A,D | A,0,Hotel Oscar Three by Five,ground,0.0,N/A,LSGS,0,N/A,LSGS (Sion),0,N/A,121.7MHz,0,N/A,5/3/2021 15:15,0,N/A,N/A,N/A,N/A,ALETO AOSTA BANKO BERAR BIBAN CERVI ESOKO ETEKI GARLO GODRA GOLEB GRANA INTIP LAMUR MASAB MOBLO MOLUS MONIN OMETO ORSUD PUNSA REVLI ROCCA ROMOM SANET SONOD SOSAL TERSI UBIMA VADAR VALOR VENAT VEROX,0.0,N/A,N/A,N/A,N/A,N/A,N/A,N/A,N/A,N/A,N/A,N/A,N/A,N/A,N/A,N/A,N/A,N/A,N/A,N/A,N/A,N/A,N/A,N/A,N/A,N/A,N/A,N/A,N/A,N/A,N/A,N/A,N/A,N/A,N/A,N/A,N/A,N/A,N/A,N/A,N/A,N/A,N/A,N/A,N/A,N/A,N/A,N/A,N/A,N/A,N/A,N/A,N/A,N/A,N/A,N/A,N/A,N/A,N/A,N/A,N/A,N/A,N/A,N/A,N/A,N/A,N/A,N/A,N/A,N/A,Hotel Oscar Three by Five,N/A,N/A,N/A,N/A,N/A,N/A,QNH,0.0,N/A,10.17,0.0,N/A,N/A,N/A,N/A,N/A,N/A,N/A,N/A,N/A,N/A,N/A,N/A,N/A,N/A,N/A,N/A,N/A,N/A,N/A,N/A,N/A,N/A,N/A,N/A,N/A,N/A,N/A,N/A,N/A,N/A,N/A,N/A,N/A,N/A,N/A,N/A,N/A,N/A,N/A,N/A,N/A,N/A,Sehr gerne,N/A,N/A,N/A,N/A,N/A,N/A,N/A,N/A,N/A,needs_manual_review=True | llm_confidence=0.65,0,"{""transcript"":""Sehr gerne Hotel Oscar Three by Five Hotel Oscar Three by Five"",""role"":""Controller"",""coarse_intent"":""Other"",""fine_intent"":""Other"",""dialogue_function"":""ATCO Other"",""slots"":{""slot_control_unit"":""Hotel Oscar Three by Five""},""subslots"":{""sub_greeting_phrase"":""Sehr gerne""}}",0.125
LSZH_ZURICH_Tower_118_1MHz_20210412_194406.wav,Phi-4-multimodal-instruct + speech LoRA,Fraction Two Five Zero Foxtrot descend flight level nine zero,Fraction two for zero foxtrot descend flight level nine zero,True,ATC,ATC,1,Command,Command,1,Altitude,Altitude,1,ATCO Clearance,ATCO Instruction,0.0,N/A,Fraction,0.0,N/A,250F,0.0,N/A,N/A,N/A,N/A,N/A,N/A,N/A,N/A,N/A,N/A,N/A,N/A,N/A,N/A,N/A,N/A,N/A,N/A,descend,descend,1.0,fl090,N/A,N/A,N/A,N/A,N/A,N/A,N/A,N/A,N/A,N/A,N/A,N/A,N/A,N/A,N/A,N/A,N/A,N/A,Fraction Two Five Zero Foxtrot,0.0,N/A,NJE250F,0.0,ATC,ATC,1,N/A,A,0,Fraction Two,tower,0.0,N/A,LSZH,0,N/A,LSZH (Zurich),0,N/A,118.1MHz,0,N/A,4/12/2021 19:44,0,N/A,N/A,N/A,N/A,AFOLT AGERI AKABI ALBIX ALINE AMIKI AMRUP ARGAX ARGEV ARTAG ATBAS BARIG BERSU BREGO DEGES DITON DONET DOPIL EDUMI EGABI EKRIT EKTUM ELMUR ENONO ENUSO ERMUS GARMO GERSA GIPOL IBILA KELIP KESEX KOLUL KUDIS KUSIX LAMAX LAPAG LAPDI LEDMI LUMEG MANEG MANID MATIV MILNI MOMOL MOSIT NEDOV NEMAG NOLKA OBEDU OLKEV OLNAV OMIDO OSNEM OSNOG RAMEM RAUTA RILAX RINLI RIPUS RISLI ROLSA ROMIR RONBA RONIX RUDSI SITOR SONGI SONOM SUBEX SUREP TADOB TINOX TITIX UMTOP URIGI URNAS UTIXO VEBIT VEDOK VIBAX VIBEV XANAL,0.0,N/A,N/A,N/A,N/A,N/A,N/A,N/A,N/A,N/A,N/A,N/A,N/A,flight_level_9000,N/A,N/A,N/A,N/A,N/A,N/A,N/A,N/A,N/A,N/A,N/A,N/A,N/A,N/A,N/A,N/A,N/A,N/A,N/A,N/A,N/A,N/A,N/A,N/A,N/A,N/A,N/A,N/A,N/A,N/A,N/A,N/A,N/A,N/A,N/A,N/A,N/A,N/A,N/A,N/A,N/A,fl090,FL90,1.0,flight_level,flight level,1.0,descend,N/A,N/A,N/A,N/A,N/A,N/A,N/A,N/A,Fraction Two,N/A,N/A,N/A,N/A,N/A,N/A,N/A,N/A,N/A,N/A,N/A,descend,N/A,N/A,N/A,N/A,N/A,N/A,N/A,N/A,N/A,N/A,N/A,N/A,N/A,N/A,N/A,N/A,N/A,N/A,N/A,N/A,N/A,N/A,N/A,N/A,N/A,N/A,N/A,N/A,N/A,N/A,N/A,N/A,N/A,N/A,N/A,Fraction Two,N/A,N/A,N/A,N/A,N/A,N/A,N/A,N/A,N/A,N/A,N/A,N/A,N/A,N/A,N/A,llm_confidence=0.0,0,"{""transcript"":""Fraction two for zero foxtrot descend flight level nine zero"",""role"":""Controller"",""coarse_intent"":""Command"",""fine_intent"":""Altitude"",""dialogue_function"":""ATCO Clearance"",""slots"":{""slot_action"":""descend"",""slot_altitude"":""fl090"",""slot_control_unit"":""Fraction Two"",""clearance_limit"":""flight_level_9000"",""procedure_name"":""descend"",""position_report"":""Fraction Two""},""subslots"":{""sub_altitude_action"":""descend"",""sub_altitude_unit"":""flight_level""}}",0.35
LZIB_STEFANIK_Tower_118_3MHz_20210423_120826.wav,Phi-4-multimodal-instruct + speech LoRA,Slovak Airforce [hes] Seven Four Four Five frequency change approved [NE Slovak] dopo?utia pekný let [/NE],So I get first seven four four five frequency change approved the appropriate frequency change approved,True,ATC,ATC,1,Other,Other,1,Other,Other,1,ATCO Other,ATCO Other,1.0,N/A,N/A,N/A,N/A,N/A,N/A,N/A,N/A,N/A,N/A,N/A,N/A,N/A,N/A,N/A,N/A,N/A,N/A,N/A,N/A,N/A,Appropriate Route,N/A,N/A,N/A,N/A,N/A,N/A,N/A,N/A,N/A,N/A,N/A,N/A,N/A,N/A,N/A,N/A,N/A,N/A,N/A,N/A,N/A,N/A,N/A,Appropriate Frequency Change Control Unit,N/A,N/A,N/A,N/A,N/A,ATC,ATC,1,N/A,A,0,Appropriate Frequency Change Control Unit,tower,0.0,N/A,LZIB,0,N/A,LZIB (Bratislava),0,N/A,118.3MHz,0,N/A,4/23/2021 12:08,0,N/A,N/A,N/A,N/A,ABETI ABLOM ADAMA AGMIM ASLOT ASPIB ASTON BEGLA BERVA CIFER EKLIP GASNA GESGI KOXER KUVEX LEDRI MABOD MAREG MOVOS NATEX NIGER PESAT REKLU SOMID TOVKA UBUXI URUMU VABGU VAMOG VAPIT VEDER VYDRA XENAK XENDI,0.0,N/A,N/A,N/A,Appropriate Frequency Change Procedure,N/A,N/A,N/A,N/A,N/A,N/A,N/A,N/A,N/A,N/A,N/A,N/A,N/A,N/A,N/A,N/A,N/A,N/A,N/A,N/A,N/A,N/A,N/A,N/A,N/A,N/A,N/A,N/A,N/A,N/A,N/A,N/A,N/A,N/A,N/A,N/A,N/A,N/A,N/A,N/A,N/A,N/A,N/A,N/A,N/A,N/A,N/A,N/A,N/A,N/A,N/A,N/A,N/A,N/A,N/A,N/A,N/A,N/A,N/A,N/A,N/A,N/A,Appropriate Route,N/A,N/A,Appropriate Route,N/A,N/A,N/A,change,0.0,Frequency Change Approval,frequency change approval,1.0,Frequency change approved,frequency change approved,1.0,N/A,N/A,N/A,N/A,N/A,N/A,N/A,N/A,N/A,N/A,N/A,N/A,N/A,N/A,N/A,N/A,N/A,N/A,N/A,N/A,N/A,N/A,N/A,N/A,N/A,N/A,N/A,N/A,N/A,N/A,N/A,N/A,N/A,N/A,N/A,N/A,N/A,N/A,N/A,N/A,N/A,N/A,N/A,N/A,N/A,N/A,N/A,N/A,N/A,present,0.0,N/A,explicit_nonenglish_marker | hesitation_marker | llm_confidence=0.8999999999999999,0,"{""transcript"":""So I get first seven four four five frequency change approved the appropriate frequency change approved"",""role"":""Controller"",""coarse_intent"":""Other"",""fine_intent"":""Other"",""dialogue_function"":""ATCO Other"",""slots"":{""slot_control_unit"":""Appropriate Frequency Change Control Unit"",""slot_procedure"":""Appropriate Frequency Change Procedure"",""planned_route"":""Appropriate Route"",""information_type"":""Frequency Change Approval"",""information_value"":""Frequency change approved""},""subslots"":{""sub_full_callsign"":""Appropriate Frequency Change Control Unit"",""sub_procedure_name"":""Appropriate Frequency Change Procedure"",""sub_contact_keyword"":""Appropriate Route"",""sub_contact_unit"":""Appropriate Route""}}",0.4117647058823529
LSGS_SION_Ground_Control_121_7MHz_20210502_060221.wav,Phi-4-multimodal-instruct + speech LoRA,[#command]takeoff[/#command] [#callsign]Sierra[/#callsign] [#value]number[/#value] [#value]one[/#value] [#value]number[/#value] [#value]one[/#value] [#callsign]Hotel[/#callsign] [#callsign]Echo[/#callsign] [#callsign]X-ray[/#callsign],N/A,False,N/A,ATC,0,N/A,Other,0,N/A,Other,0,N/A,ATCO Other,0.0,N/A,N/A,N/A,N/A,N/A,N/A,N/A,N/A,N/A,N/A,takeoff,0.0,N/A,N/A,N/A,N/A,N/A,N/A,N/A,N/A,N/A,N/A,N/A,N/A,N/A,N/A,N/A,N/A,N/A,N/A,N/A,N/A,N/A,N/A,N/A,N/A,N/A,N/A,N/A,N/A,N/A,N/A,N/A,N/A,N/A,N/A,N/A,N/A,N/A,N/A,N/A,N/A,ATC,0,N/A,A | D,0,N/A,ground,0.0,N/A,LSGS,0,N/A,LSGS (Sion),0,N/A,121.7MHz,0,N/A,5/2/2021 6:02,0,N/A,N/A,N/A,N/A,ALETO AOSTA BANKO BERAR BIBAN CERVI ESOKO ETEKI GARLO GODRA GOLEB GRANA INTIP LAMUR MASAB MOBLO MOLUS MONIN OMETO ORSUD PUNSA REVLI ROCCA ROMOM SANET SONOD SOSAL TERSI UBIMA VADAR VALOR VENAT VEROX,0.0,N/A,N/A,N/A,N/A,N/A,N/A,N/A,N/A,N/A,N/A,N/A,N/A,N/A,N/A,N/A,N/A,N/A,N/A,N/A,N/A,N/A,N/A,N/A,N/A,N/A,N/A,N/A,N/A,N/A,N/A,N/A,N/A,N/A,N/A,N/A,N/A,N/A,N/A,N/A,N/A,N/A,N/A,N/A,N/A,N/A,N/A,N/A,N/A,N/A,N/A,N/A,N/A,N/A,N/A,N/A,N/A,N/A,N/A,N/A,N/A,N/A,N/A,N/A,N/A,N/A,N/A,N/A,N/A,N/A,N/A,N/A,N/A,N/A,N/A,N/A,N/A,N/A,N/A,N/A,N/A,N/A,N/A,N/A,N/A,N/A,N/A,N/A,N/A,N/A,N/A,N/A,N/A,N/A,N/A,N/A,N/A,N/A,N/A,N/A,N/A,N/A,N/A,N/A,N/A,N/A,N/A,N/A,N/A,N/A,N/A,N/A,N/A,N/A,N/A,N/A,N/A,N/A,N/A,N/A,N/A,N/A,N/A,N/A,N/A,N/A,N/A,N/A,N/A,N/A,N/A,N/A,N/A,N/A,llm_confidence=1.0,0,"{""transcript"":""number one zero zero zero zero zero zero zero zero zero zero zero zero zero zero zero zero zero zero zero zero zero zero zero zero zero zero zero zero zero zero zero zero zero zero zero zero zero zero zero zero zero zero zero zero zero zero zero zero zero zero zero zero zero zero zero zero zero zero zero zero zero zero zero zero zero zero zero zero zero zero zero zero zero zero zero zero zero zero zero zero zero zero zero zero zero zero zero zero zero zero zero zero zero zero zero zero zero zero zero zero zero zero zero zero zero zero zero zero zero zero zero zero zero zero zero zero zero zero zero zero zero zero zero zero zero zero zero zero zero zero zero zero zero zero zero zero zero zero zero zero zero zero zero zero zero zero zero zero zero zero zero zero zero zero zero zero zero zero zero zero zero zero zero zero zero zero zero zero zero zero zero zero zero zero zero zero zero zero zero zero zero zero zero zero zero zero zero zero zero zero zero zero zero zero zero zero zero zero zero zero zero zero zero zero zero zero zero zero zero zero zero zero zero zero zero zero zero zero zero zero zero zero zero zero zero zero zero zero zero zero zero zero zero zero zero zero zero zero zero zero zero zero zero zero zero zero zero zero zero zero zero zero zero zero zero zero zero zero zero zero zero zero zero zero zero zero zero zero zero zero zero zero zero zero zero zero zero zero zero zero zero zero zero zero zero zero zero zero zero zero zero zero zero zero zero zero zero zero zero zero zero zero zero zero zero zero zero zero zero zero zero zero zero zero zero zero zero zero zero zero zero zero zero zero zero zero zero zero zero zero zero zero zero zero zero zero zero zero zero zero zero zero zero zero zero zero zero zero zero zero zero zero zero zero zero zero zero zero zero zero zero zero zero zero zero zero zero zero zero zero zero zero zero zero zero zero zero zero zero zero zero zero zero zero zero zero zero zero zero zero zero zero zero zero zero zero zero zero zero zero zero zero zero zero zero zero zero zero zero zero zero zero zero zero zero zero zero zero zero zero zero zero zero zero zero zero zero zero zero zero zero zero zero zero zero zero zero zero zero zero zero zero zero zero zero zero zero zero zero zero zero zero zero zero zero zero zero zero zero zero zero zero zero zero zero zero zero zero zero zero zero zero zero zero zero zero zero zero zero zero zero zero zero zero zero zero zero zero zero zero zero zero zero zero zero zero zero zero zero zero zero zero zero zero zero zero",0.0
LKPR_RUZYNE_Radar_120_520MHz_20201029_151332.wav,Phi-4-multimodal-instruct + speech LoRA,Oscar Kilo Mike Charlie Charlie Praha Radar [NE Czech] dobry den [/NE] you are identified flight level seven zero after Baltu proceed to Benesov,N/A,False,N/A,ATC,0,N/A,Command,0,N/A,Altitude,0,N/A,ATCO Instruction,0.0,N/A,N/A,N/A,N/A,N/A,N/A,N/A,N/A,N/A,N/A,N/A,N/A,N/A,N/A,N/A,N/A,N/A,N/A,N/A,N/A,N/A,N/A,N/A,N/A,N/A,proceed,0.0,N/A,N/A,N/A,N/A,N/A,N/A,N/A,N/A,N/A,N/A,N/A,N/A,N/A,N/A,N/A,N/A,N/A,N/A,N/A,N/A,N/A,N/A,N/A,N/A,N/A,ATC,0,N/A,A,0,N/A,praha radar | radar,0.0,N/A,LKPR,0,N/A,LKPR (Praha Ruzyne),0,N/A,120.520MHz,0,N/A,10/29/2020 15:13,0,N/A,N/A,N/A,N/A,AKEVA ARVEG BAGRU BAROX BAVIN BEKVI ELMEK ELPON ERASU EVEMI KENOK KUVIX LETNA RATEV RISUK SOMIS SULOV TIPRU UTORO,0.0,N/A,N/A,N/A,N/A,N/A,N/A,N/A,N/A,N/A,N/A,N/A,N/A,N/A,N/A,N/A,N/A,N/A,N/A,N/A,N/A,N/A,N/A,N/A,N/A,N/A,N/A,N/A,N/A,N/A,N/A,N/A,N/A,N/A,N/A,N/A,N/A,N/A,N/A,N/A,N/A,N/A,N/A,N/A,N/A,N/A,N/A,N/A,N/A,N/A,N/A,N/A,N/A,N/A,N/A,N/A,FL70,0.0,N/A,flight level,0.0,N/A,proceed,0.0,N/A,N/A,N/A,N/A,N/A,N/A,N/A,N/A,N/A,N/A,N/A,N/A,N/A,N/A,N/A,N/A,N/A,N/A,N/A,N/A,N/A,N/A,N/A,N/A,N/A,N/A,N/A,N/A,N/A,N/A,N/A,N/A,N/A,N/A,N/A,N/A,N/A,N/A,N/A,N/A,N/A,N/A,N/A,N/A,N/A,N/A,N/A,N/A,N/A,N/A,N/A,N/A,N/A,N/A,N/A,N/A,N/A,N/A,N/A,N/A,N/A,N/A,N/A,N/A,N/A,N/A,N/A,present,0.0,N/A,explicit_nonenglish_marker | llm_confidence=1.0,0,"{""transcript"":""Oscar Kilo Mike Charlie Charlie Hannah you are identified flight level seven zero after bal two for seat two one Oscar Kilo"",""role"":""Pilot"",""coarse_intent"":""Acknowledgement"",""fine_intent"":""Acknowledgement"",""dialogue_function"":""ATCO Clearance"",""slots"":{""slot_callsign_code"":""OSCAR KILO"",""slot_callsign_spoken"":""Oscar Kilo"",""slot_airline"":""Oscar Kilo"",""slot_flight_number"":""KILO"",""slot_action"":""identified"",""slot_altitude"":""FL70"",""slot_control_unit"":""ATC"",""slot_procedure"":""none"",""slot_taxiway"":""none"",""slot_direction"":""none"",""slot_clearance_type"":""none"",""restriction_condition"":""none"",""planned_route"":""none"",""clearance_limit"":""none"",""procedure_assignment_keyword"":""none"",""procedure_name"":""none"",""position_report"":""none"",""information_type"":""none"",""information_value"":""none"",""restriction_condition"":""none"",""arrival_route"":""none"",""departure_route"":""none"",""landing_condition"":""none"",""stand_gate"":""none"",""surface_route"":""none"",""takeoff_condition"":""none"",""slot_frequency"":121.8,""slot_control_unit"":""ATC"",""slot_procedure"":""none"",""slot_taxiway"":""none"",""slot_qnh"":""none"",""slot_wind"":""none"",""slot_direction"":""none"",""slot_distance"":""none"",""slot_time"":""none"",""slot_clearance_type"":""none"",""slot_restriction_type"":""none"",""slot_reason_or_condition"":""none"",""information_value"":""Oscar Kilo Mike Charlie Hannah"",""restriction_condition"":""none"",""arrival_route"":""none"",""departure_route"":""none"",""landing_condition"":""none"",""stand_gate"":""none"",""surface_route"":""none"",""takeoff_condition"":""none"",""sub_full_callsign"":""Oscar Kilo Mike Charlie Hannah"",""sub_flight_level"":""FL70"",""sub_altitude_unit"":""flight_level"",""sub_route_action"":""none"",""sub_route_offset_direction"":""none"",""sub_route_offset_distance"":""none"",""sub_contact_keyword"":""none"",""sub_contact_unit"":""none"",""sub_holding_point"":""none"",""sub_request_keyword"":""none"",""sub_status_report_keyword"":""none"",""sub_simple_response_keyword"":""none"",""sub_greeting_phrase"":""Oscar Kilo Mike Charlie Hannah"",""sub_noise_marker"":""none"",""sub_nonenglish_marker"":""none"",""sub_speed_action"":""none""},""subslots"":{""sub_altitude_action"":""none"",""sub_confirmation_keyword"":""none"",""sub_landing_keyword"":""none"",""sub_report_keyword"":""none"",""sub_report_condition"":""none"",""sub_full_callsign"":""Oscar Kilo Mike Charlie Hannah"",""sub_approach_type"":""none"",""",0.0
LSGS_SION_Ground_Control_121_7MHz_20210503_081644.wav,Phi-4-multimodal-instruct + speech LoRA,[#unnamed]clouds[/#unnamed] [#value]four[/#value] [#value]hundred[/#value] [#value]feet[/#value] [#value]for[/#value] [#value]landing[/#value],thousand four hundred feet for landing,True,ATC,Other,0,Other,Other,1,Other,Other,1,ATCO Other,N/A,N/A,N/A,N/A,N/A,N/A,N/A,N/A,N/A,N/A,N/A,N/A,N/A,N/A,N/A,N/A,N/A,N/A,N/A,N/A,N/A,N/A,N/A,N/A,N/A,N/A,N/A,N/A,N/A,N/A,N/A,N/A,N/A,N/A,N/A,N/A,N/A,N/A,N/A,landing,0.0,N/A,N/A,N/A,N/A,N/A,N/A,N/A,N/A,N/A,N/A,N/A,N/A,ATC,Other,0,N/A,D,0,ground,N/A,N/A,N/A,LSGS,0,N/A,LSGS (Sion),0,N/A,121.7MHz,0,N/A,5/3/2021 8:16,0,N/A,N/A,N/A,N/A,ALETO AOSTA BANKO BERAR BIBAN CERVI ESOKO ETEKI GARLO GODRA GOLEB GRANA INTIP LAMUR MASAB MOBLO MOLUS MONIN OMETO ORSUD PUNSA REVLI ROCCA ROMOM SANET SONOD SOSAL TERSI UBIMA VADAR VALOR VENAT VEROX,0.0,N/A,N/A,N/A,N/A,N/A,N/A,N/A,N/A,N/A,N/A,N/A,N/A,N/A,N/A,N/A,N/A,N/A,N/A,N/A,N/A,N/A,N/A,N/A,N/A,N/A,N/A,N/A,N/A,N/A,N/A,N/A,N/A,N/A,N/A,N/A,N/A,N/A,N/A,N/A,N/A,N/A,N/A,N/A,N/A,N/A,N/A,N/A,N/A,N/A,N/A,N/A,N/A,N/A,N/A,N/A,N/A,N/A,N/A,N/A,N/A,N/A,N/A,N/A,N/A,N/A,N/A,N/A,N/A,N/A,ground,N/A,N/A,N/A,N/A,N/A,N/A,N/A,N/A,N/A,N/A,N/A,N/A,N/A,N/A,N/A,N/A,N/A,N/A,N/A,N/A,N/A,N/A,N/A,N/A,N/A,N/A,N/A,N/A,N/A,N/A,N/A,N/A,other,N/A,N/A,other,N/A,N/A,N/A,N/A,N/A,N/A,N/A,N/A,N/A,N/A,N/A,N/A,N/A,N/A,N/A,N/A,N/A,N/A,N/A,N/A,N/A,N/A,N/A,Non-English/Other Language,N/A,N/A,N/A,llm_confidence=1.0,0,"{""transcript"":""thousand four hundred feet for landing"",""role"":""Controller"",""coarse_intent"":""Other"",""fine_intent"":""Other"",""dialogue_function"":""ATCO Other"",""slots"":{""slot_control_unit"":""ground"",""slot_restriction_type"":""other"",""restriction_condition"":""other""},""subslots"":{""sub_nonenglish_marker"":""Non-English/Other Language""}}",0.16666666666666666
LSGS_SION_Ground_Control_121_7MHz_20210502_092024.wav,Phi-4-multimodal-instruct + speech LoRA,[#callsign]Luxor[/#callsign] [#callsign]Two[/#callsign] [#callsign]Two[/#callsign] [#callsign]Hotel[/#callsign] [#unnamed]Sion[/#unnamed] [NE-French] bonjour[/NE],Hotel Sion bonjour Hotel Sion Hotel Sion Hotel Sion Hotel Sion,True,ATC,ATC,1,Other,Other,1,Other,Other,1,ATCO Other,ATCO Other,1.0,N/A,N/A,N/A,N/A,N/A,N/A,N/A,N/A,N/A,N/A,N/A,N/A,N/A,N/A,N/A,N/A,N/A,N/A,N/A,N/A,N/A,N/A,N/A,N/A,N/A,N/A,N/A,N/A,N/A,N/A,N/A,N/A,N/A,N/A,N/A,N/A,N/A,N/A,N/A,N/A,N/A,N/A,N/A,N/A,N/A,N/A,N/A,N/A,N/A,N/A,N/A,ATC,ATC,1,N/A,A,0,Sion,ground,0.0,N/A,LSGS,0,N/A,LSGS (Sion),0,N/A,121.7MHz,0,N/A,5/2/2021 9:20,0,N/A,N/A,N/A,N/A,ALETO AOSTA BANKO BERAR BIBAN CERVI ESOKO ETEKI GARLO GODRA GOLEB GRANA INTIP LAMUR MASAB MOBLO MOLUS MONIN OMETO ORSUD PUNSA REVLI ROCCA ROMOM SANET SONOD SOSAL TERSI UBIMA VADAR VALOR VENAT VEROX,0.0,N/A,N/A,N/A,N/A,N/A,N/A,N/A,N/A,N/A,N/A,N/A,N/A,N/A,N/A,N/A,N/A,N/A,N/A,N/A,N/A,N/A,N/A,N/A,N/A,N/A,N/A,N/A,N/A,N/A,N/A,N/A,N/A,N/A,N/A,N/A,N/A,N/A,N/A,N/A,N/A,N/A,N/A,N/A,N/A,N/A,N/A,N/A,N/A,N/A,N/A,N/A,N/A,N/A,N/A,N/A,N/A,N/A,N/A,N/A,N/A,N/A,N/A,N/A,N/A,N/A,N/A,N/A,N/A,N/A,Sion,N/A,N/A,N/A,N/A,N/A,N/A,N/A,N/A,N/A,N/A,N/A,N/A,N/A,N/A,N/A,N/A,N/A,N/A,N/A,N/A,N/A,N/A,N/A,N/A,N/A,N/A,N/A,N/A,N/A,N/A,N/A,N/A,N/A,N/A,N/A,N/A,N/A,N/A,N/A,N/A,N/A,N/A,N/A,N/A,N/A,N/A,N/A,N/A,N/A,N/A,N/A,N/A,N/A,Bonjour,N/A,N/A,N/A,N/A,N/A,N/A,present,0.0,N/A,explicit_nonenglish_marker | llm_confidence=0.0,0,"{""transcript"":""Hotel Sion bonjour Hotel Sion Hotel Sion Hotel Sion Hotel Sion"",""role"":""Controller"",""coarse_intent"":""Other"",""fine_intent"":""Other"",""dialogue_function"":""ATCO Other"",""slots"":{""slot_control_unit"":""Sion""},""subslots"":{""sub_greeting_phrase"":""Bonjour""}}",0.35714285714285715
YSSY_SYDNEY_Tower_120_5MHz_20210504_065130.wav,Phi-4-multimodal-instruct + speech LoRA,cleared to land runway one six right China Southern Three Zero One,Cleared to land runway one six roger China Southern Three Zero One,True,Pilot,ATC,0,Clearance,Clearance,1,Acknowledgement,Landing,0,Pilot Acknowledgement,ATCO Clearance,0.0,N/A,China Southern,0.0,N/A,301,0.0,1,16R,0.0,N/A,N/A,N/A,N/A,N/A,N/A,N/A,N/A,N/A,N/A,right,0.0,N/A,N/A,N/A,N/A,N/A,N/A,N/A,N/A,N/A,N/A,N/A,N/A,N/A,N/A,N/A,N/A,cleared to land,0.0,N/A,N/A,N/A,N/A,N/A,N/A,N/A,China Southern Three Zero One,0.0,N/A,CSN301,0.0,Pilot,ATC,0,N/A,A,0,China Southern,tower,0.0,N/A,YSSY,0,N/A,YSSY (Sydney),0,N/A,120.5MHz,0,N/A,5/4/2021 6:51,0,N/A,N/A,N/A,N/A,ABBEY ANKUB ATRET BEROW BIGEM BIKUS BOBIG BOOGI BUVLO CLIFF COONY CORDO DALAR DEENA DIPPA DUDOK DUMOP DUNES ENDEV ENKAS ENTRA FISHA GOMUB HALAS HOOKS IGALA ISMER JAKLN JELLI JENTL JULIA KABLO KAMBA KAMPI KEVIN LANOL LISHA MAJAR MANFA MARKY MARUB MITSA NASHO NESSY NOBAR NOLEM OLSOG OVILS PEBRA PEGBA POSTY PRAWN RAKSO RENAM RISOL SBKWA SBKWB SBKWF SBKWH SBKWI SBKWM SCNWF SCNWH SCNWM SHORE SOSIJ SRIEA SRIEB SRIEF SRIEH SRIEI SRIEM SRIWF SRIWG SRIWH SRIWI SRIWM SSYEF SSYEH SSYEM SSYNF SSYNH SSYNI SSYNM SSYSF SSYSH SSYSM SSYWF SSYWH SSYWM SUZAN SYDNF SYDNH SYDNM SYDSF SYDSH SYDSM SYRBB SYRCC SYRDD SYRFF SYRGG TAMMI TESAT TONTO TONUX URDEN UXAMA VENUL VIDIK VOSSI WHALE WOLNA WOLNC WOLND WOLNF WOLNI ZONKA,0.0,N/A,N/A,N/A,N/A,N/A,N/A,1,16R,0.0,Cleared to land,landing clearance,0.0,N/A,N/A,N/A,N/A,N/A,N/A,N/A,N/A,N/A,N/A,N/A,N/A,N/A,N/A,N/A,N/A,N/A,N/A,N/A,N/A,N/A,N/A,N/A,N/A,N/A,N/A,N/A,N/A,N/A,N/A,N/A,N/A,N/A,N/A,N/A,N/A,N/A,N/A,N/A,N/A,N/A,N/A,N/A,N/A,N/A,N/A,N/A,N/A,N/A,N/A,N/A,N/A,N/A,N/A,N/A,N/A,N/A,China Southern,N/A,N/A,N/A,N/A,N/A,N/A,N/A,N/A,N/A,N/A,N/A,N/A,N/A,N/A,N/A,N/A,N/A,N/A,N/A,N/A,N/A,N/A,N/A,N/A,N/A,N/A,N/A,N/A,N/A,N/A,N/A,N/A,N/A,N/A,N/A,N/A,N/A,N/A,N/A,N/A,N/A,N/A,N/A,N/A,N/A,N/A,N/A,N/A,N/A,N/A,N/A,N/A,N/A,N/A,N/A,N/A,N/A,N/A,N/A,N/A,N/A,N/A,N/A,llm_confidence=1.0,0,"{""transcript"":""Cleared to land runway one six roger China Southern Three Zero One"",""role"":""Pilot"",""coarse_intent"":""Clearance"",""fine_intent"":""Acknowledgement"",""dialogue_function"":""Pilot Acknowledgement"",""slots"":{""slot_runway"":""1"",""slot_control_unit"":""China Southern""},""subslots"":{""sub_clearance_keyword"":""Cleared to land""}}",0.045454545454545456
LSGS_SION_Ground_Control_121_7MHz_20210502_065407.wav,Phi-4-multimodal-instruct + speech LoRA,[#callsign]November[/#callsign] [#callsign]Alpha[/#callsign] [#callsign]Sierra[/#callsign] [#command]line[/#command] [#command]up[/#command] [#value]runway[/#value] [#value]two[/#value] [#value]five[/#value],November Alpha Sierra line up runway two five,True,ATC,ATC,1,Clearance,Clearance,1,ATCO Clearance,Line-up,0,ATCO Clearance,ATCO Clearance,1.0,N/A,N/A,N/A,N/A,N/A,N/A,25,25,1.0,N/A,N/A,N/A,N/A,N/A,N/A,N/A,N/A,N/A,N/A,N/A,N/A,N/A,N/A,N/A,N/A,N/A,N/A,N/A,N/A,N/A,N/A,N/A,N/A,N/A,N/A,N/A,N/A,N/A,N/A,N/A,N/A,N/A,N/A,N/A,N/A,N/A,N/A,N/A,N/A,N/A,N/A,ATC,ATC,1,N/A,A,0,November Alpha Sierra,ground,0.0,N/A,LSGS,0,N/A,LSGS (Sion),0,N/A,121.7MHz,0,N/A,5/2/2021 6:54,0,N/A,N/A,N/A,N/A,ALETO AOSTA BANKO BERAR BIBAN CERVI ESOKO ETEKI GARLO GODRA GOLEB GRANA INTIP LAMUR MASAB MOBLO MOLUS MONIN OMETO ORSUD PUNSA REVLI ROCCA ROMOM SANET SONOD SOSAL TERSI UBIMA VADAR VALOR VENAT VEROX,0.0,N/A,N/A,N/A,N/A,N/A,N/A,25,N/A,N/A,line up,N/A,N/A,N/A,N/A,N/A,N/A,N/A,N/A,N/A,N/A,N/A,N/A,N/A,N/A,N/A,N/A,N/A,N/A,N/A,N/A,line up,N/A,N/A,N/A,N/A,N/A,N/A,N/A,N/A,N/A,N/A,N/A,N/A,N/A,N/A,N/A,N/A,N/A,N/A,N/A,N/A,N/A,N/A,N/A,N/A,N/A,N/A,N/A,N/A,N/A,line up,N/A,N/A,N/A,N/A,N/A,N/A,N/A,N/A,November Alpha Sierra,N/A,N/A,N/A,N/A,N/A,N/A,N/A,N/A,N/A,N/A,N/A,N/A,N/A,N/A,N/A,N/A,N/A,N/A,N/A,N/A,N/A,N/A,N/A,N/A,N/A,N/A,N/A,N/A,N/A,N/A,N/A,N/A,N/A,N/A,N/A,N/A,N/A,N/A,N/A,N/A,N/A,N/A,N/A,N/A,N/A,N/A,N/A,N/A,N/A,N/A,N/A,N/A,N/A,N/A,N/A,N/A,N/A,N/A,N/A,N/A,N/A,N/A,N/A,llm_confidence=0.0,0,"{""transcript"":""November Alpha Sierra line up runway two five"",""role"":""Controller"",""coarse_intent"":""Clearance"",""fine_intent"":""ATCO Clearance"",""dialogue_function"":""ATCO Clearance"",""slots"":{""slot_action"":""line up"",""slot_runway"":""25"",""slot_control_unit"":""November Alpha Sierra"",""slot_clearance_type"":""line up clearance""},""subslots"":{""sub_clearance_keyword"":""line up"",""sub_line_up_keyword"":""line up""}}",0.35714285714285715
LSZH_ZURICH_ApronN_121_85MHz_20210414_064241.wav,Phi-4-multimodal-instruct + speech LoRA,Oscar Charlie Kilo contact tower one one eight decimal one good bye,Oscar Charlie Kilo contact tower one one eight decimal one good bye,True,ATC,ATC,1,Other,Command,0,Other,Transfer,0,ATCO Other,ATCO Instruction,0.0,N/A,N/A,N/A,N/A,11,0.0,N/A,N/A,N/A,N/A,N/A,N/A,N/A,118.1,0.0,N/A,N/A,N/A,N/A,N/A,N/A,N/A,N/A,N/A,N/A,N/A,N/A,N/A,N/A,N/A,N/A,N/A,N/A,N/A,N/A,N/A,N/A,N/A,N/A,N/A,N/A,N/A,N/A,N/A,N/A,N/A,One One,0.0,N/A,11,0.0,ATC,ATC,1,N/A,A,0,one one eight,apron | tower,0.0,N/A,LSZH,0,N/A,LSZH (Zurich),0,N/A,121.85MHz,0,N/A,4/14/2021 6:42,0,N/A,N/A,N/A,N/A,AFOLT AGERI AKABI ALBIX ALINE AMIKI AMRUP ARGAX ARGEV ARTAG ATBAS BARIG BERSU BREGO DEGES DITON DONET DOPIL EDUMI EGABI EKRIT EKTUM ELMUR ENONO ENUSO ERMUS GARMO GERSA GIPOL IBILA KELIP KESEX KOLUL KUDIS KUSIX LAMAX LAPAG LAPDI LEDMI LUMEG MANEG MANID MATIV MILNI MOMOL MOSIT NEDOV NEMAG NOLKA OBEDU OLKEV OLNAV OMIDO OSNEM OSNOG RAMEM RAUTA RILAX RINLI RIPUS RISLI ROLSA ROMIR RONBA RONIX RUDSI SITOR SONGI SONOM SUBEX SUREP TADOB TINOX TITIX UMTOP URIGI URNAS UTIXO VEBIT VEDOK VIBAX VIBEV XANAL,0.0,N/A,N/A,N/A,N/A,N/A,N/A,N/A,N/A,N/A,N/A,N/A,N/A,N/A,N/A,N/A,N/A,N/A,N/A,N/A,N/A,N/A,N/A,N/A,N/A,N/A,N/A,N/A,N/A,N/A,N/A,N/A,N/A,N/A,N/A,N/A,N/A,N/A,N/A,N/A,N/A,N/A,N/A,N/A,N/A,N/A,N/A,N/A,N/A,N/A,N/A,N/A,N/A,N/A,N/A,N/A,N/A,N/A,N/A,N/A,N/A,N/A,N/A,N/A,N/A,N/A,N/A,contact,contact,1.0,tower,tower,1.0,N/A,N/A,N/A,N/A,N/A,N/A,N/A,N/A,N/A,N/A,N/A,N/A,N/A,N/A,N/A,N/A,N/A,N/A,N/A,N/A,N/A,N/A,N/A,N/A,N/A,N/A,N/A,N/A,N/A,N/A,decimal,N/A,N/A,N/A,N/A,N/A,N/A,N/A,N/A,N/A,N/A,N/A,N/A,N/A,N/A,N/A,N/A,N/A,N/A,N/A,N/A,N/A,bye,0.0,N/A,N/A,N/A,N/A,N/A,N/A,N/A,llm_confidence=0.0,0,"{""transcript"":""Oscar Charlie Kilo contact tower one one eight decimal one good bye"",""role"":""Controller"",""coarse_intent"":""Other"",""fine_intent"":""Other"",""dialogue_function"":""ATCO Other"",""slots"":{""slot_control_unit"":""one one eight"",""slot_restriction_type"":""decimal""},""subslots"":{""sub_contact_keyword"":""contact"",""sub_contact_unit"":""tower""}}",0.2
LSZB_BERN_Tower_121_0MHz_20210425_084853.wav,Phi-4-multimodal-instruct + speech LoRA,[#callsign]Hotel[/#callsign] [#callsign]Charlie[/#callsign] [#callsign]Papa[/#callsign] [#command]below[/#command] [#value]flight[/#value] [#value]level[/#value] [#value]one[/#value] [#value]hundred[/#value] [#callsign]Hotel[/#callsign] [#callsign]Charlie[/#callsign] [#callsign]Papa[/#callsign] [#command]frequency[/#command] [#command]change[/#command] [#value]approved[/#value] [NE German] [#nonenglish]bis[/#nonenglish] [#nonenglish]später[/#nonenglish] [/NE],Hotel Charlie Papa proceeding down a bravo runway for landing one hundred,True,ATC,Pilot,0,Other,Command,0,Other,Readback,0,ATCO Other,Pilot Readback,0.0,N/A,N/A,N/A,N/A,N/A,N/A,BRAVO,N/A,N/A,N/A,N/A,N/A,N/A,N/A,N/A,N/A,N/A,N/A,DOWN,N/A,N/A,N/A,N/A,N/A,N/A,N/A,N/A,N/A,N/A,N/A,N/A,N/A,N/A,N/A,N/A,N/A,N/A,N/A,N/A,N/A,N/A,N/A,N/A,N/A,N/A,N/A,N/A,N/A,N/A,N/A,N/A,ATC,Pilot,0,N/A,B | A,0,HOTEL CHARLIE PAPA,tower,0.0,N/A,LSZB,0,N/A,LSZB (Bern),0,N/A,121.0MHz,0,N/A,4/25/2021 8:48,0,N/A,N/A,N/A,N/A,ABARI ALETO AMRID ARNOT ARVAN ASBER BADEP BALIR BASUD BELAR BENOT BERSU BIRKI BOMEC DEKAM DOPIL DOUCI EKTUM ERMUS ESEVA ETEKI GODRA GUDAX IXUDI KONOL KORED KUBOM LAMUR LARDO LASUN LEPLA LUMEL LUTIX MASAB MEBOX MONIN NAXOL NEMAG NEMOS NOLKA OBEDU OLBEN OSKUP RAMOK REVLI ROMOM ROTOS SOSAL SUREP TADOB TELNO ULMES UMTOP VADAR VALAD VEBIT,0.0,N/A,N/A,N/A,N/A,N/A,N/A,BRAVO,N/A,N/A,N/A,N/A,N/A,N/A,N/A,N/A,N/A,N/A,N/A,N/A,N/A,N/A,N/A,N/A,N/A,DOWN,N/A,N/A,N/A,N/A,N/A,N/A,N/A,N/A,N/A,N/A,N/A,N/A,N/A,N/A,N/A,N/A,N/A,N/A,N/A,N/A,DOWN,N/A,N/A,N/A,N/A,N/A,N/A,N/A,N/A,N/A,FL100,0.0,N/A,flight level,0.0,N/A,N/A,N/A,N/A,N/A,N/A,N/A,N/A,N/A,HOTEL CHARLIE PAPA,N/A,N/A,N/A,change,0.0,N/A,Frequency Change Approval,0.0,N/A,frequency change approved,0.0,N/A,N/A,N/A,N/A,N/A,N/A,N/A,N/A,N/A,N/A,N/A,N/A,N/A,N/A,N/A,N/A,N/A,N/A,N/A,N/A,N/A,N/A,below,0.0,Proceeding down runway,N/A,N/A,N/A,N/A,N/A,N/A,N/A,N/A,N/A,N/A,N/A,N/A,N/A,N/A,N/A,N/A,N/A,Hotel Charlie Papa,N/A,N/A,N/A,N/A,N/A,N/A,present,0.0,N/A,explicit_nonenglish_marker | llm_confidence=0.95,0,"{""transcript"":""Hotel Charlie Papa proceeding down a bravo runway for landing one hundred"",""role"":""Controller"",""coarse_intent"":""Other"",""fine_intent"":""Other"",""dialogue_function"":""ATCO Other"",""slots"":{""slot_control_unit"":""HOTEL CHARLIE PAPA"",""slot_runway"":""BRAVO"",""slot_direction"":""DOWN"",""slot_clearance_type"":""OTHER"",""restriction_condition"":""Proceeding down runway""},""subslots"":{""sub_greeting_phrase"":""Hotel Charlie Papa""}}",0.0
LZIB_STEFANIK_Tower_118_3MHz_20210427_163922.wav,Phi-4-multimodal-instruct + speech LoRA,looking out for a traffic Oscar Mike Kilo Lima Lima roger just traffic is on your eleven o'clock one mile,Roger just traffic is on your eleven o'clock one mile,True,ATC,Pilot,0,Other,Information,0,Other,Acknowledgement,0,ATCO Other,Pilot Acknowledgement,0.0,N/A,N/A,N/A,N/A,N/A,N/A,N/A,N/A,N/A,N/A,N/A,N/A,N/A,N/A,N/A,N/A,N/A,N/A,N/A,N/A,N/A,N/A,N/A,N/A,N/A,N/A,N/A,N/A,N/A,N/A,N/A,N/A,N/A,N/A,roger,0.0,N/A,N/A,N/A,N/A,N/A,N/A,N/A,N/A,N/A,N/A,N/A,N/A,N/A,N/A,N/A,ATC,Pilot,0,N/A,B | A,0,S,tower,0.0,N/A,LZIB,0,N/A,LZIB (Bratislava),0,N/A,118.3MHz,0,N/A,4/27/2021 16:39,0,N/A,N/A,N/A,N/A,ABETI ABLOM ADAMA AGMIM ASLOT ASPIB ASTON BEGLA BERVA CIFER EKLIP GASNA GESGI KOXER KUVEX LEDRI MABOD MAREG MOVOS NATEX NIGER PESAT REKLU SOMID TOVKA UBUXI URUMU VABGU VAMOG VAPIT VEDER VYDRA XENAK XENDI,0.0,N/A,N/A,N/A,N/A,N/A,N/A,N/A,N/A,N/A,N/A,N/A,N/A,N/A,N/A,N/A,N/A,N/A,N/A,N/A,N/A,N/A,N/A,N/A,N/A,N/A,N/A,N/A,N/A,N/A,N/A,N/A,N/A,N/A,N/A,N/A,N/A,N/A,N/A,N/A,N/A,N/A,N/A,N/A,N/A,N/A,N/A,N/A,N/A,N/A,N/A,N/A,N/A,N/A,N/A,N/A,N/A,N/A,N/A,N/A,N/A,N/A,N/A,N/A,N/A,N/A,N/A,N/A,N/A,N/A,S,N/A,N/A,N/A,N/A,N/A,N/A,traffic_position,0.0,N/A,traffic is on your eleven o'clock one mile,0.0,N/A,N/A,N/A,N/A,N/A,N/A,N/A,N/A,N/A,N/A,N/A,N/A,N/A,N/A,N/A,N/A,N/A,N/A,N/A,N/A,N/A,N/A,N/A,N/A,N/A,N/A,N/A,N/A,N/A,N/A,N/A,N/A,N/A,N/A,N/A,N/A,N/A,N/A,N/A,N/A,roger,0.0,N/A,N/A,N/A,N/A,N/A,N/A,Non-English/Other Language,N/A,N/A,N/A,llm_confidence=0.95,0,"{""transcript"":""Roger just traffic is on your eleven o'clock one mile"",""role"":""Controller"",""coarse_intent"":""Other"",""fine_intent"":""Other"",""dialogue_function"":""ATCO Other"",""slots"":{""slot_control_unit"":""S""},""subslots"":{""sub_nonenglish_marker"":""Non-English/Other Language""}}",0.0
LSGS_SION_Ground_Control_121_7MHz_20210504_101442.wav,Phi-4-multimodal-instruct + speech LoRA,[#callsign]Nav[/#callsign] [#callsign]Checker[/#callsign] [#callsign]Five[/#callsign] [#callsign]One[/#callsign] [#callsign]One[/#callsign] [#command]contact[/#command] [hes] [#value]Sion[/#value] [#value]approach[/#value] [#value]one[/#value] [#value]two[/#value] [#value]six[/#value] [#value]decimal[/#value] [#value]eight[/#value] [#value]two[/#value] [#value]five[/#value] [#command]talk[/#command] [#command]to[/#command] [#command]you[/#command] [#command]later[/#command] [#value]one[/#value] [#value]two[/#value] [#value]six[/#value] [#value]eight[/#value] [#value]two[/#value] [#value]five[/#value] [#command]talk[/#command] [#command]to[/#command] [#command]you[/#command] [#command]later[/#command] [#callsign]Nav[/#callsign] [#callsign]Checker[/#callsign] [#callsign]Five[/#callsign] [#callsign]One[/#callsign] [#callsign]One[/#callsign],Sierra Six Four Five One One contact Sion approach one two six decimal eight two five talk to you later,True,ATC,ATC,1,Other,Command,0,Other,Transfer,0,ATCO Other,ATCO Instruction,0.0,N/A,Nav Checker,0.0,N/A,511,0.0,N/A,N/A,N/A,N/A,N/A,N/A,126.825,126.825,1.0,N/A,N/A,N/A,N/A,N/A,N/A,N/A,N/A,N/A,N/A,N/A,N/A,N/A,N/A,N/A,N/A,N/A,N/A,N/A,N/A,N/A,N/A,N/A,N/A,N/A,N/A,N/A,N/A,N/A,N/A,N/A,Nav Checker Five One One,0.0,N/A,FCK511,0.0,ATC,ATC,1,N/A,A | B,0,Sion,approach | ground,0.0,N/A,LSGS,0,N/A,LSGS (Sion),0,126.825,121.7MHz,0,N/A,5/4/2021 10:14,0,N/A,N/A,N/A,N/A,ALETO AOSTA BANKO BERAR BIBAN CERVI ESOKO ETEKI GARLO GODRA GOLEB GRANA INTIP LAMUR MASAB MOBLO MOLUS MONIN OMETO ORSUD PUNSA REVLI ROCCA ROMOM SANET SONOD SOSAL TERSI UBIMA VADAR VALOR VENAT VEROX,0.0,N/A,N/A,N/A,approach,N/A,N/A,N/A,N/A,N/A,N/A,N/A,N/A,N/A,N/A,N/A,N/A,N/A,N/A,N/A,N/A,N/A,N/A,N/A,N/A,N/A,N/A,N/A,N/A,N/A,N/A,N/A,N/A,N/A,N/A,N/A,N/A,N/A,N/A,N/A,N/A,N/A,N/A,N/A,N/A,N/A,N/A,N/A,N/A,N/A,N/A,N/A,N/A,N/A,N/A,N/A,N/A,N/A,N/A,N/A,N/A,N/A,N/A,N/A,N/A,N/A,N/A,contact,contact,1.0,Sion,N/A,N/A,N/A,N/A,N/A,N/A,N/A,N/A,N/A,N/A,N/A,N/A,Sion approach,0.0,N/A,N/A,N/A,N/A,N/A,N/A,N/A,N/A,N/A,N/A,N/A,N/A,N/A,N/A,N/A,N/A,N/A,N/A,N/A,N/A,N/A,N/A,N/A,N/A,N/A,N/A,N/A,N/A,N/A,N/A,N/A,N/A,N/A,N/A,N/A,N/A,N/A,N/A,N/A,N/A,N/A,N/A,N/A,N/A,N/A,N/A,N/A,N/A,N/A,hesitation_marker | llm_confidence=0.475,0,"{""transcript"":""Sierra Six Four Five One One contact Sion approach one two six decimal eight two five talk to you later"",""role"":""Controller"",""coarse_intent"":""Other"",""fine_intent"":""Other"",""dialogue_function"":""ATCO Other"",""slots"":{""slot_control_unit"":""Sion"",""slot_procedure"":""approach"",""slot_frequency"":""126.825"",""slot_contact_keyword"":""contact"",""slot_contact_unit"":""Sion""},""subslots"":{""sub_contact_keyword"":""contact"",""sub_contact_unit"":""Sion""}}",0.2
LSGS_SION_Tower_118_3MHz_20210503_152021.wav,Phi-4-multimodal-instruct + speech LoRA,[hes] [#command]next[/#command] [#command]is[/#command] [#value]bravo[/#value] [#callsign]Nav[/#callsign] [#callsign]Checker[/#callsign] [#callsign]Five[/#callsign] [#callsign]One[/#callsign] [#callsign]One[/#callsign] [#callsign]Nav[/#callsign] [#callsign]Checker[/#callsign] [#callsign]Five[/#callsign] [#callsign]One[/#callsign] [#callsign]One[/#callsign] [#unnamed]roger[/#unnamed] [#unnamed]QNH[/#unnamed] [#value]one[/#value] [#value]zero[/#value] [#value]one[/#value] [#value]seven[/#value] [#command]reported[/#command] [#value]in[/#value] [#value]and[/#value] [#value]go[/#value],Tracker Five One One roger QNH still one three one seven reporting in a go,True,Pilot,Pilot,1,Report,Other,0,Report,Readback,0,Pilot Status Report,Pilot Response,0.0,N/A,Nav Checker,0.0,N/A,511,0.0,N/A,N/A,N/A,N/A,N/A,N/A,N/A,N/A,N/A,N/A,N/A,N/A,N/A,N/A,N/A,N/A,N/A,N/A,N/A,N/A,N/A,N/A,N/A,N/A,N/A,1017.0,0.0,N/A,roger,0.0,N/A,N/A,N/A,Report,N/A,N/A,reporting in a go,N/A,N/A,N/A,Nav Checker Five One One,0.0,N/A,FCK511,0.0,Pilot,Pilot,1,N/A,B | A,0,QNH,tower,0.0,N/A,LSGS,0,N/A,LSGS (Sion),0,N/A,118.3MHz,0,N/A,5/3/2021 15:20,0,N/A,N/A,N/A,N/A,ALETO AOSTA BANKO BERAR BIBAN CERVI ESOKO ETEKI GARLO GODRA GOLEB GRANA INTIP LAMUR MASAB MOBLO MOLUS MONIN OMETO ORSUD PUNSA REVLI ROCCA ROMOM SANET SONOD SOSAL TERSI UBIMA VADAR VALOR VENAT VEROX,0.0,N/A,N/A,N/A,position_report,N/A,N/A,N/A,N/A,N/A,N/A,N/A,N/A,N/A,N/A,N/A,N/A,N/A,N/A,N/A,N/A,N/A,N/A,N/A,N/A,N/A,N/A,N/A,N/A,N/A,N/A,N/A,N/A,N/A,N/A,N/A,N/A,N/A,N/A,N/A,N/A,N/A,N/A,N/A,N/A,N/A,N/A,N/A,N/A,N/A,N/A,N/A,N/A,N/A,N/A,N/A,N/A,N/A,N/A,N/A,N/A,N/A,N/A,N/A,N/A,N/A,N/A,N/A,N/A,N/A,QNH,N/A,N/A,N/A,N/A,N/A,N/A,QNH Report,0.0,N/A,10.17,0.0,N/A,N/A,N/A,N/A,N/A,N/A,N/A,N/A,N/A,N/A,N/A,N/A,N/A,N/A,N/A,N/A,N/A,N/A,N/A,N/A,N/A,N/A,N/A,N/A,N/A,N/A,N/A,N/A,N/A,N/A,N/A,N/A,N/A,N/A,N/A,N/A,one three one seven,N/A,N/A,N/A,roger,0.0,N/A,N/A,N/A,N/A,N/A,N/A,N/A,N/A,N/A,N/A,hesitation_marker | needs_manual_review=True | llm_confidence=0.65,0,"{""transcript"":""Tracker Five One One roger QNH still one three one seven reporting in a go"",""role"":""Pilot"",""coarse_intent"":""Report"",""fine_intent"":""Report"",""dialogue_function"":""Pilot Status Report"",""slots"":{""slot_control_unit"":""QNH"",""slot_procedure"":""position_report"",""position_report"":""one three one seven""},""subslots"":{""sub_report_keyword"":""Report"",""sub_report_condition"":""reporting in a go""}}",0.09090909090909091
LSZB_BERN_Tower_121_0MHz_20210413_132431.wav,Phi-4-multimodal-instruct + speech LoRA,[hes ] we have the traffic in sight Rega One Zero we leave the control zone [NE German] schöne namittag [/NE] Rega One Zero frequency change approved [NE German] schöne nami [/NE],"Uh, we have the traffic in sight over there and we will continue to monitor it closely beautiful landing",True,Pilot,Pilot,1,Information,Information,1,Information,Information,1,ATCO Information,Pilot Response,0.0,N/A,N/A,N/A,N/A,N/A,N/A,N/A,N/A,N/A,N/A,N/A,N/A,N/A,N/A,N/A,continue to monitor,N/A,N/A,N/A,N/A,N/A,N/A,N/A,N/A,N/A,N/A,N/A,N/A,N/A,N/A,N/A,N/A,N/A,N/A,N/A,N/A,N/A,N/A,N/A,N/A,N/A,N/A,N/A,N/A,N/A,N/A,N/A,N/A,N/A,N/A,N/A,Pilot,Pilot,1,N/A,B | A,0,tower,tower,1.0,N/A,LSZB,0,N/A,LSZB (Bern),0,N/A,121.0MHz,0,N/A,4/13/2021 13:24,0,N/A,N/A,N/A,N/A,ABARI ALETO AMRID ARNOT ARVAN ASBER BADEP BALIR BASUD BELAR BENOT BERSU BIRKI BOMEC DEKAM DOPIL DOUCI EKTUM ERMUS ESEVA ETEKI GODRA GUDAX IXUDI KONOL KORED KUBOM LAMUR LARDO LASUN LEPLA LUMEL LUTIX MASAB MEBOX MONIN NAXOL NEMAG NEMOS NOLKA OBEDU OLBEN OSKUP RAMOK REVLI ROMOM ROTOS SOSAL SUREP TADOB TELNO ULMES UMTOP VADAR VALAD VEBIT,0.0,N/A,N/A,N/A,N/A,N/A,N/A,N/A,N/A,N/A,N/A,N/A,N/A,N/A,N/A,N/A,N/A,N/A,N/A,N/A,N/A,N/A,N/A,N/A,N/A,N/A,N/A,N/A,N/A,N/A,N/A,N/A,N/A,N/A,N/A,N/A,N/A,N/A,N/A,N/A,N/A,N/A,N/A,N/A,N/A,N/A,N/A,N/A,N/A,N/A,N/A,N/A,N/A,N/A,N/A,N/A,N/A,N/A,N/A,N/A,N/A,N/A,N/A,N/A,N/A,N/A,N/A,N/A,N/A,N/A,tower,N/A,N/A,N/A,change,0.0,Traffic sighting,frequency change approval,0.0,we have the traffic in sight over there and we will continue to monitor it closely,frequency change approved,0.0,N/A,N/A,N/A,N/A,N/A,N/A,beautiful landing,N/A,N/A,N/A,N/A,N/A,N/A,N/A,N/A,N/A,leave,0.0,N/A,N/A,N/A,N/A,N/A,N/A,N/A,N/A,N/A,N/A,N/A,N/A,N/A,N/A,N/A,N/A,N/A,N/A,N/A,N/A,N/A,N/A,N/A,N/A,N/A,N/A,N/A,N/A,N/A,N/A,N/A,present,0.0,N/A,explicit_nonenglish_marker | llm_confidence=0.95,0,"{""transcript"":""Uh, we have the traffic in sight over there and we will continue to monitor it closely beautiful landing"",""role"":""Pilot"",""coarse_intent"":""Information"",""fine_intent"":""Information"",""dialogue_function"":""ATCO Information"",""slots"":{""slot_control_unit"":""tower"",""slot_taxiway"":""beautiful landing"",""information_type"":""Traffic sighting"",""information_value"":""we have the traffic in sight over there and we will continue to monitor it closely""},""subslots"":{""sub_taxi_action"":""continue to monitor""}}",0.2777777777777778
YSSY_SYDNEY_Tower_120_5MHz_20210504_044333.wav,Phi-4-multimodal-instruct + speech LoRA,two seven five and four knots Qantas Four Forty Six,two seven five and four knots Qantas Four Forty Six,True,Pilot,Pilot,1,Other,Other,1,Other,Other,1,ATCO Other,Pilot Response,0.0,N/A,N/A,N/A,N/A,N/A,N/A,N/A,N/A,N/A,N/A,N/A,N/A,N/A,N/A,N/A,N/A,N/A,N/A,N/A,N/A,N/A,N/A,N/A,N/A,N/A,N/A,N/A,N/A,N/A,N/A,N/A,N/A,N/A,N/A,N/A,N/A,N/A,N/A,N/A,N/A,N/A,N/A,N/A,N/A,N/A,N/A,N/A,N/A,N/A,N/A,N/A,Pilot,Pilot,1,N/A,B,0,Qantas446,tower,0.0,N/A,YSSY,0,N/A,YSSY (Sydney),0,N/A,120.5MHz,0,N/A,5/4/2021 4:43,0,N/A,N/A,N/A,N/A,ABBEY ANKUB ATRET BEROW BIGEM BIKUS BOBIG BOOGI BUVLO CLIFF COONY CORDO DALAR DEENA DIPPA DUDOK DUMOP DUNES ENDEV ENKAS ENTRA FISHA GOMUB HALAS HOOKS IGALA ISMER JAKLN JELLI JENTL JULIA KABLO KAMBA KAMPI KEVIN LANOL LISHA MAJAR MANFA MARKY MARUB MITSA NASHO NESSY NOBAR NOLEM OLSOG OVILS PEBRA PEGBA POSTY PRAWN RAKSO RENAM RISOL SBKWA SBKWB SBKWF SBKWH SBKWI SBKWM SCNWF SCNWH SCNWM SHORE SOSIJ SRIEA SRIEB SRIEF SRIEH SRIEI SRIEM SRIWF SRIWG SRIWH SRIWI SRIWM SSYEF SSYEH SSYEM SSYNF SSYNH SSYNI SSYNM SSYSF SSYSH SSYSM SSYWF SSYWH SSYWM SUZAN SYDNF SYDNH SYDNM SYDSF SYDSH SYDSM SYRBB SYRCC SYRDD SYRFF SYRGG TAMMI TESAT TONTO TONUX URDEN UXAMA VENUL VIDIK VOSSI WHALE WOLNA WOLNC WOLND WOLNF WOLNI ZONKA,0.0,N/A,N/A,N/A,N/A,N/A,N/A,N/A,N/A,N/A,N/A,N/A,N/A,N/A,N/A,N/A,N/A,N/A,N/A,N/A,N/A,N/A,N/A,N/A,N/A,N/A,N/A,N/A,N/A,N/A,N/A,N/A,N/A,N/A,N/A,N/A,N/A,N/A,N/A,N/A,N/A,N/A,N/A,N/A,N/A,N/A,N/A,N/A,N/A,N/A,N/A,N/A,2540.0,N/A,N/A,N/A,N/A,N/A,N/A,N/A,N/A,N/A,N/A,N/A,N/A,N/A,N/A,N/A,N/A,N/A,Qantas446,N/A,N/A,N/A,N/A,N/A,N/A,N/A,N/A,N/A,N/A,N/A,N/A,N/A,N/A,N/A,N/A,N/A,N/A,N/A,N/A,N/A,N/A,N/A,N/A,N/A,N/A,N/A,N/A,N/A,N/A,N/A,N/A,N/A,N/A,N/A,N/A,N/A,N/A,N/A,N/A,N/A,N/A,N/A,N/A,N/A,N/A,N/A,N/A,N/A,N/A,N/A,N/A,N/A,N/A,N/A,N/A,N/A,N/A,N/A,Non-English/Other Language,N/A,N/A,N/A,llm_confidence=0.0,0,"{""transcript"":""two seven five and four knots Qantas Four Forty Six"",""role"":""Pilot"",""coarse_intent"":""Other"",""fine_intent"":""Other"",""dialogue_function"":""ATCO Other"",""slots"":{""slot_control_unit"":""Qantas446"",""slot_speed"":""2540.0""},""subslots"":{""sub_nonenglish_marker"":""Non-English/Other Language""}}",0.3076923076923077
LSGS_SION_Tower_118_3MHz_20210505_105333.wav,Phi-4-multimodal-instruct + speech LoRA,[#unnamed]roger[/#unnamed] [#unnamed]station[/#unnamed] [#unnamed]calling[/#unnamed] [#unnamed]please[/#unnamed] [#command]pass[/#command] [#command]your[/#command] [#command]message[/#command],Hotel Station calling please pass your message,True,ATC,ATC,1,Other,Other,1,Other,Simple respond,0,ATCO Other,ATCO Other,1.0,N/A,N/A,N/A,N/A,N/A,N/A,N/A,N/A,N/A,N/A,N/A,N/A,N/A,N/A,N/A,N/A,N/A,N/A,N/A,N/A,N/A,N/A,N/A,N/A,N/A,N/A,N/A,N/A,N/A,N/A,N/A,N/A,N/A,N/A,roger,0.0,N/A,N/A,N/A,N/A,N/A,N/A,N/A,N/A,N/A,N/A,N/A,N/A,N/A,N/A,N/A,ATC,ATC,1,N/A,A,0,Hotel,tower,0.0,N/A,LSGS,0,N/A,LSGS (Sion),0,N/A,118.3MHz,0,N/A,5/5/2021 10:53,0,N/A,N/A,N/A,N/A,ALETO AOSTA BANKO BERAR BIBAN CERVI ESOKO ETEKI GARLO GODRA GOLEB GRANA INTIP LAMUR MASAB MOBLO MOLUS MONIN OMETO ORSUD PUNSA REVLI ROCCA ROMOM SANET SONOD SOSAL TERSI UBIMA VADAR VALOR VENAT VEROX,0.0,N/A,N/A,N/A,N/A,N/A,N/A,N/A,N/A,N/A,N/A,N/A,N/A,N/A,N/A,N/A,N/A,N/A,N/A,N/A,N/A,N/A,N/A,N/A,N/A,N/A,N/A,N/A,N/A,N/A,N/A,N/A,N/A,N/A,N/A,N/A,N/A,N/A,N/A,N/A,N/A,N/A,N/A,N/A,N/A,N/A,N/A,N/A,N/A,N/A,N/A,N/A,N/A,N/A,N/A,N/A,N/A,N/A,N/A,N/A,N/A,N/A,N/A,N/A,N/A,N/A,N/A,N/A,N/A,N/A,Hotel,N/A,N/A,N/A,N/A,N/A,N/A,N/A,N/A,N/A,N/A,N/A,N/A,N/A,N/A,N/A,N/A,N/A,N/A,N/A,N/A,N/A,N/A,N/A,N/A,N/A,N/A,N/A,N/A,N/A,N/A,N/A,N/A,N/A,N/A,N/A,N/A,N/A,N/A,N/A,N/A,N/A,N/A,N/A,N/A,N/A,N/A,N/A,N/A,N/A,N/A,N/A,roger,0.0,N/A,N/A,N/A,N/A,N/A,N/A,Non-English/Other Language,N/A,N/A,N/A,llm_confidence=0.0,0,"{""transcript"":""Hotel Station calling please pass your message"",""role"":""Controller"",""coarse_intent"":""Other"",""fine_intent"":""Other"",""dialogue_function"":""ATCO Other"",""slots"":{""slot_control_unit"":""Hotel""},""subslots"":{""sub_nonenglish_marker"":""Non-English/Other Language""}}",0.26666666666666666
LSGS_SION_Tower_118_3MHz_20210415_133129.wav,Phi-4-multimodal-instruct + speech LoRA,Hotel Echo X-ray wind two three zero degrees six knots runway two five cleared to land,Hotel Echo X-ray wind two three zero degrees six knots runway two five taxi line up,True,ATC,ATC,1,Command,Clearance,0,Taxiing,Landing,0,ATCO Instruction,ATCO Clearance,0.0,N/A,N/A,N/A,N/A,N/A,N/A,25,25,1.0,N/A,N/A,N/A,N/A,N/A,N/A,taxi,N/A,N/A,west,N/A,N/A,N/A,N/A,N/A,N/A,N/A,N/A,N/A,N/A,N/A,N/A,N/A,N/A,N/A,N/A,N/A,N/A,cleared to land,0.0,N/A,N/A,N/A,N/A,N/A,N/A,Hotel Echo X-ray,N/A,N/A,N/A,N/A,N/A,ATC,ATC,1,N/A,A,0,Hotel Echo X-ray,tower,0.0,N/A,LSGS,0,N/A,LSGS (Sion),0,N/A,118.3MHz,0,N/A,4/15/2021 13:31,0,N/A,N/A,N/A,N/A,ALETO AOSTA BANKO BERAR BIBAN CERVI ESOKO ETEKI GARLO GODRA GOLEB GRANA INTIP LAMUR MASAB MOBLO MOLUS MONIN OMETO ORSUD PUNSA REVLI ROCCA ROMOM SANET SONOD SOSAL TERSI UBIMA VADAR VALOR VENAT VEROX,0.0,N/A,N/A,N/A,N/A,N/A,N/A,25,25,1.0,N/A,landing clearance,0.0,N/A,N/A,N/A,N/A,N/A,N/A,N/A,N/A,N/A,N/A,N/A,N/A,west,N/A,N/A,N/A,N/A,N/A,N/A,N/A,N/A,N/A,N/A,N/A,N/A,N/A,N/A,N/A,N/A,N/A,N/A,N/A,N/A,west,N/A,N/A,N/A,N/A,N/A,N/A,N/A,N/A,N/A,N/A,N/A,N/A,N/A,N/A,taxi,N/A,N/A,N/A,N/A,N/A,N/A,N/A,N/A,Hotel Echo X-ray,N/A,N/A,N/A,N/A,N/A,N/A,wind information,0.0,N/A,wind 2306,0.0,N/A,N/A,N/A,N/A,N/A,N/A,N/A,N/A,N/A,N/A,N/A,N/A,N/A,N/A,N/A,N/A,N/A,N/A,N/A,N/A,N/A,N/A,N/A,N/A,N/A,N/A,N/A,N/A,N/A,N/A,N/A,N/A,N/A,N/A,N/A,N/A,N/A,N/A,N/A,N/A,N/A,N/A,N/A,N/A,N/A,Noise/Unclear,N/A,N/A,N/A,N/A,N/A,N/A,llm_confidence=0.9875,0,"{""transcript"":""Hotel Echo X-ray wind two three zero degrees six knots runway two five taxi line up"",""role"":""Controller"",""coarse_intent"":""Command"",""fine_intent"":""Taxiing"",""dialogue_function"":""ATCO Instruction"",""slots"":{""slot_action"":""taxi"",""slot_runway"":""25"",""slot_control_unit"":""Hotel Echo X-ray"",""slot_wind"":""2306"",""slot_direction"":""west"",""slot_clearance_type"":""taxi"",""slot_restriction_type"":""None"",""slot_reason_or_condition"":""None""},""subslots"":{""sub_taxi_action"":""taxi"",""sub_full_callsign"":""Hotel Echo X-ray"",""sub_noise_marker"":""Noise/Unclear""}}",0.21052631578947367
LSGS_SION_Ground_Control_121_7MHz_20210502_164218.wav,Phi-4-multimodal-instruct + speech LoRA,[#callsign]Lufthansa[/#callsign] [#callsign]Mike[/#callsign] [#command]which[/#command] [#command]parking[/#command] [#callsign]Lufthansa[/#callsign] [#callsign]Mike[/#callsign] [#command]continue[/#command] [#value]for[/#value] [#value]what[/#value] [hes] [#value]two[/#value] [#value]zero[/#value] [#value]meters[/#value] [#command]and[/#command] [#command]then[/#command] [#command]will[/#command] [#command]be[/#command] [#command]first[/#command] [#command]a[/#command] [#command]yellow[/#command] [#command]light[/#command] [#value]to[/#value] [#value]the[/#value] [#value]right[/#value],Oscar Mike which parking,True,ATC,Pilot,0,Other,Other,1,Other,Other,1,ATCO Other,Pilot Response,0.0,N/A,N/A,N/A,N/A,N/A,N/A,N/A,N/A,N/A,N/A,N/A,N/A,N/A,N/A,N/A,N/A,N/A,N/A,N/A,right,0.0,N/A,N/A,N/A,N/A,N/A,N/A,N/A,N/A,N/A,N/A,N/A,N/A,N/A,N/A,N/A,N/A,N/A,N/A,N/A,N/A,N/A,N/A,N/A,N/A,N/A,N/A,N/A,N/A,N/A,N/A,ATC,Pilot,0,N/A,B | A,0,Oscar Mike,ground,0.0,N/A,LSGS,0,N/A,LSGS (Sion),0,N/A,121.7MHz,0,N/A,5/2/2021 16:42,0,N/A,N/A,N/A,N/A,ALETO AOSTA BANKO BERAR BIBAN CERVI ESOKO ETEKI GARLO GODRA GOLEB GRANA INTIP LAMUR MASAB MOBLO MOLUS MONIN OMETO ORSUD PUNSA REVLI ROCCA ROMOM SANET SONOD SOSAL TERSI UBIMA VADAR VALOR VENAT VEROX,0.0,N/A,N/A,N/A,N/A,N/A,N/A,N/A,N/A,N/A,N/A,N/A,N/A,N/A,N/A,N/A,N/A,N/A,N/A,N/A,N/A,N/A,N/A,N/A,N/A,N/A,N/A,N/A,N/A,N/A,N/A,N/A,N/A,N/A,N/A,N/A,N/A,N/A,N/A,N/A,N/A,N/A,N/A,N/A,N/A,N/A,N/A,N/A,N/A,N/A,N/A,N/A,N/A,N/A,N/A,N/A,N/A,N/A,N/A,N/A,N/A,N/A,N/A,N/A,N/A,N/A,N/A,N/A,N/A,N/A,Oscar Mike,N/A,N/A,N/A,N/A,N/A,N/A,N/A,N/A,N/A,N/A,N/A,N/A,N/A,N/A,N/A,N/A,N/A,N/A,N/A,N/A,N/A,N/A,N/A,N/A,N/A,N/A,N/A,N/A,N/A,N/A,N/A,N/A,N/A,N/A,N/A,parking,N/A,N/A,N/A,N/A,N/A,N/A,N/A,N/A,N/A,N/A,N/A,N/A,N/A,N/A,N/A,N/A,N/A,N/A,N/A,N/A,Sub-noise/marker,N/A,N/A,N/A,N/A,N/A,N/A,hesitation_marker | needs_manual_review=True | llm_confidence=0.0,0,"{""transcript"":""Oscar Mike which parking"",""role"":""Controller"",""coarse_intent"":""Other"",""fine_intent"":""Other"",""dialogue_function"":""ATCO Other"",""slots"":{""slot_control_unit"":""Oscar Mike"",""restriction_condition"":""parking""},""subslots"":{""sub_noise_marker"":""Sub-noise/marker""}}",0.14285714285714285
LSGS_SION_Ground_Control_121_7MHz_20210503_153923.wav,Phi-4-multimodal-instruct + speech LoRA,[#callsign]Foxtrot[/#callsign] [#callsign]Delta[/#callsign] [#callsign]Uniform [/#callsign] [#command]report[/#command] [#value] november[/#value] [#value]whiskey [/#value] [#unnamed]wind[/#unnamed] [#value]two[/#value] [#value]seven[/#value] [#value]zero[/#value] [#value]degrees[/#value] [#value]one[/#value] [#value]zero[/#value] [#value]knots[/#value] [#value]runway[/#value] [#value]two[/#value] [#value]five[/#value] [#command]cleared[/#command] [#command]for[/#command] [#command]takeoff[/#command] [#command]cleared[/#command] [#command]for[/#command] [#command]takeoff[/#command] [#value]two[/#value] [#value]five[/#value] [#callsign] Foxtrot[/#callsign] [#callsign]Delta[/#callsign] [#callsign]Uniform[/#callsign] [#unnamed]thanks[/#unnamed] [#value]november[/#value] [#value]whiskey[/#value],Foxtrot Delta Uniform report November risk you went two seven zero degrees flight level one zero knots join two five cleared for takeoff,False,ATC,ATC,1,Report,Clearance,0,Report,Take-off,0,ATCO Confirmation,ATCO Clearance,0.0,Foxtrot Delta Uniform,N/A,N/A,N/A,N/A,N/A,25,25,1.0,N/A,takeoff,0.0,two,N/A,N/A,N/A,N/A,N/A,N/A,N/A,N/A,November,N/A,N/A,N/A,N/A,N/A,17000,N/A,N/A,N/A,N/A,N/A,N/A,N/A,N/A,N/A,N/A,N/A,report,report,1.0,report risk,N/A,N/A,Foxtrot Delta Uniform,N/A,N/A,JDU123,N/A,N/A,ATC,ATC,1,Foxtrot Delta Uniform,A | B,0,November,ground,0.0,N/A,LSGS,0,N/A,LSGS (Sion),0,two,121.7MHz,0,N/A,5/3/2021 15:39,0,N/A,N/A,N/A,N/A,ALETO AOSTA BANKO BERAR BIBAN CERVI ESOKO ETEKI GARLO GODRA GOLEB GRANA INTIP LAMUR MASAB MOBLO MOLUS MONIN OMETO ORSUD PUNSA REVLI ROCCA ROMOM SANET SONOD SOSAL TERSI UBIMA VADAR VALOR VENAT VEROX,0.0,N/A,N/A,N/A,risk,N/A,N/A,25,N/A,N/A,N/A,takeoff clearance,0.0,N/A,N/A,N/A,N/A,N/A,N/A,November,N/A,N/A,November,N/A,N/A,N/A,N/A,N/A,November,N/A,N/A,N/A,N/A,N/A,general clearance,N/A,N/A,general clearance,N/A,N/A,N/A,N/A,N/A,N/A,N/A,N/A,N/A,N/A,N/A,N/A,N/A,N/A,N/A,N/A,N/A,17000,N/A,N/A,N/A,N/A,N/A,report,N/A,N/A,N/A,N/A,N/A,N/A,N/A,N/A,November,N/A,N/A,N/A,N/A,N/A,risk assessment,wind report,0.0,went two seven zero degrees flight level one zero knots,wind 270/10,0.0,November Risk,N/A,N/A,risk,N/A,N/A,N/A,N/A,N/A,N/A,N/A,N/A,November Risk,N/A,N/A,N/A,N/A,N/A,N/A,N/A,N/A,N/A,N/A,N/A,report risk,N/A,N/A,N/A,N/A,N/A,November risk,N/A,N/A,N/A,N/A,N/A,JDU123,N/A,N/A,N/A,thanks,0.0,N/A,N/A,N/A,Noise/Unclear,N/A,N/A,Non-English/Other Language,N/A,N/A,N/A,needs_manual_review=True | llm_confidence=0.7375,0,"{""transcript"":""Foxtrot Delta Uniform report November risk you went two seven zero degrees flight level one zero knots join two five cleared for takeoff"",""role"":""Controller"",""coarse_intent"":""Report"",""fine_intent"":""Report"",""dialogue_function"":""ATCO Confirmation"",""slots"":{""slot_callsign_code"":""JDU123"",""slot_callsign_spoken"":""Foxtrot Delta Uniform"",""slot_airline"":""Foxtrot Delta Uniform"",""slot_action"":""report"",""slot_altitude"":""17000"",""slot_control_unit"":""November"",""slot_procedure"":""risk"",""slot_frequency"":""two"",""slot_runway"":""25"",""slot_clearance_type"":""general clearance"",""slot_reason_or_condition"":""report risk"",""planned_route"":""November"",""clearance_limit"":None,""procedure_assignment_keyword"":""risk"",""procedure_name"":""November Risk"",""position_report"":""JDU123"",""requested_item"":""November risk"",""information_type"":""risk assessment"",""information_value"":""went two seven zero degrees flight level one zero knots"",""restriction_condition"":""report risk"",""arrival_route"":""November"",""departure_route"":""November"",""landing_condition"":""general clearance"",""stand_gate"":""November"",""surface_route"":""November Risk"",""takeoff_condition"":""general clearance""},""subslots"":{""sub_report_keyword"":""report"",""sub_report_condition"":""report risk"",""sub_full_callsign"":""Foxtrot Delta Uniform"",""sub_noise_marker"":""Noise/Unclear"",""sub_nonenglish_marker"":""Non-English/Other Language""}}",0.2
LSGS_SION_Ground_Control_121_7MHz_20210502_065520.wav,Phi-4-multimodal-instruct + speech LoRA,[#callsign]November[/#callsign] [#callsign]Alpha[/#callsign] [#callsign]Sierra[/#callsign] [#unnamed]wind[/#unnamed] [#value]two[/#value] [#value]five[/#value] [#value]zero[/#value] [#value]degrees[/#value] [#value]nine[/#value] [#value]knots[/#value] [#value]runway[/#value] [#value]two[/#value] [#value]five[/#value] [#command]cleared[/#command] [#command]for[/#command] [#command]takeoff[/#command] [#command]report[/#command] [#value]one[/#value] [#value]three[/#value] [#value]thousand[/#value] [#value]feet[/#value] [#value]climbing[/#value],N/A,False,N/A,ATC,0,N/A,Clearance,0,N/A,Take-off,0,N/A,ATCO Clearance,0.0,N/A,N/A,N/A,N/A,N/A,N/A,N/A,25,0.0,N/A,takeoff,0.0,N/A,N/A,N/A,N/A,N/A,N/A,N/A,N/A,N/A,N/A,N/A,N/A,N/A,N/A,N/A,N/A,N/A,N/A,N/A,N/A,N/A,N/A,N/A,N/A,N/A,N/A,N/A,N/A,report,0.0,N/A,N/A,N/A,N/A,N/A,N/A,N/A,N/A,N/A,N/A,ATC,0,N/A,A,0,N/A,ground,0.0,N/A,LSGS,0,N/A,LSGS (Sion),0,N/A,121.7MHz,0,N/A,5/2/2021 6:55,0,N/A,N/A,N/A,N/A,ALETO AOSTA BANKO BERAR BIBAN CERVI ESOKO ETEKI GARLO GODRA GOLEB GRANA INTIP LAMUR MASAB MOBLO MOLUS MONIN OMETO ORSUD PUNSA REVLI ROCCA ROMOM SANET SONOD SOSAL TERSI UBIMA VADAR VALOR VENAT VEROX,0.0,N/A,N/A,N/A,N/A,N/A,N/A,N/A,N/A,N/A,N/A,takeoff clearance,0.0,N/A,1300,0.0,N/A,N/A,N/A,N/A,N/A,N/A,N/A,N/A,N/A,N/A,N/A,N/A,N/A,N/A,N/A,N/A,N/A,N/A,N/A,N/A,N/A,N/A,N/A,N/A,N/A,N/A,N/A,N/A,N/A,N/A,N/A,N/A,N/A,N/A,N/A,N/A,N/A,N/A,N/A,N/A,N/A,N/A,N/A,N/A,N/A,N/A,N/A,N/A,N/A,N/A,N/A,N/A,N/A,N/A,N/A,N/A,N/A,N/A,N/A,N/A,N/A,wind information,0.0,N/A,"wind 2509, runway 25, cleared for takeoff, report 13000 climbing",0.0,N/A,N/A,N/A,N/A,N/A,N/A,N/A,N/A,N/A,N/A,N/A,N/A,N/A,N/A,N/A,N/A,N/A,N/A,N/A,N/A,N/A,N/A,N/A,N/A,N/A,N/A,N/A,N/A,N/A,N/A,N/A,N/A,N/A,N/A,N/A,N/A,N/A,N/A,N/A,N/A,N/A,N/A,N/A,N/A,N/A,N/A,N/A,N/A,N/A,N/A,N/A,N/A,llm_confidence=0.9625,0,"{""transcript"":""November Alpha Sierra wind two five zero nine knots runway two five good for take off report one three thousand feet climbing"",""role"":""Pilot"",""coarse_intent"":""Report"",""fine_intent"":""Report"",""dialogue_function"":""ATCO Confirmation"",""slots"":{""slot_action"":""report"",""slot_control_unit"":""November Alpha Sierra"",""slot_frequency"":250.9,""slot_wind"":""250"",""slot_direction"":""2"",""slot_runway"":""2"",""slot_wind_direction"":""2"",""slot_wind_speed"":""250.9"",""slot_clearance_type"":""Report"",""slot_reason_or_condition"":""good for take off"",""planned_route"":""November Alpha Sierra"",""clearance_limit"":0,""procedure_assignment_keyword"":""Report"",""position_report"":""one three thousand feet climbing"",""information_type"":""Position Report"",""information_value"":""one three thousand feet climbing"",""restriction_condition"":""good for take off"",""arrival_route"":""November Alpha Sierra"",""departure_route"":""November Alpha Sierra"",""landing_condition"":""good for take off"",""stand_gate"":""N/A"",""surface_route"":""N/A"",""takeoff_condition"":""good for take off"",""stand_gate"":""N/A"",""surface_route"":""N/A"",""sub_full_callsign"":""November Alpha Sierra"",""sub_report_keyword"":""Report"",""sub_report_condition"":""good for take off"",""sub_contact_keyword"":""Report"",""sub_contact_unit"":""November Alpha Sierra"",""sub_noise_marker"":""N/A"",""sub_nonenglish_marker"":""N/A"",""sub_speed_action"":""N/A"",""sub_clearance_keyword"":""Report"",""sub_request_keyword"":""Report"",""sub_status_report_keyword"":""Report"",""sub_simple_response_keyword"":""N/A"",""sub_greeting_phrase"":""N/A"",""sub_line_up_keyword"":""N/A"",""sub_heading_action"":""N/A"",""sub_flight_level"":""N/A"",""sub_altitude_action"":""N/A"",""sub_altitude_unit"":""N/A"",""sub_route_action"":""N/A"",""sub_route_offset_direction"":""N/A"",""sub_route_offset_distance"":""N/A"",""sub_contact_keyword"":""Report"",""sub_contact_unit"":""November Alpha Sierra"",""sub_holding_point"":""N/A"",""sub_request_keyword"":""Report"",""sub_status_report_keyword"":""Report"",""sub_simple_response_keyword"":""N/A"",""sub_greeting_phrase"":""N/A"",""sub_nonenglish_marker"":""N/A"",""sub_noise_marker"":""N/A"",""sub_speed_action"":""N/A"",""sub_clearance_type"":""Report"",""sub_clearance_keyword"":""Report"",""sub_pushback_keyword"":""N/A"",""sub_line_up_keyword"":""N/A"",""sub_heading_action"":""N/A"",""sub_flight_level"":""N/A"",""sub_altitude_action"":""N",0.0
LSZH_ZURICH_Tower_118_1MHz_20210413_040538.wav,Phi-4-multimodal-instruct + speech LoRA,Swiss Two Eight Nine the wind three two zero degrees three knots runway one four you are cleared to land,two to it downwind three to the degrees three knots runway one four you cleopatra,True,Pilot,ATC,0,Other,Clearance,0,Other,Landing,0,ATCO Other,ATCO Clearance,0.0,N/A,Swiss,0.0,N/A,289,0.0,1/4,14,1.0,N/A,N/A,N/A,N/A,N/A,N/A,N/A,N/A,N/A,3,N/A,N/A,N/A,N/A,N/A,N/A,N/A,N/A,N/A,N/A,N/A,N/A,N/A,N/A,N/A,N/A,N/A,N/A,cleared to land,0.0,N/A,N/A,N/A,N/A,N/A,N/A,N/A,Swiss Two Eight Nine,0.0,N/A,SWR289,0.0,Pilot,ATC,0,N/A,A,0,CLE,tower,0.0,N/A,LSZH,0,N/A,LSZH (Zurich),0,N/A,118.1MHz,0,N/A,4/13/2021 4:05,0,N/A,N/A,N/A,N/A,AFOLT AGERI AKABI ALBIX ALINE AMIKI AMRUP ARGAX ARGEV ARTAG ATBAS BARIG BERSU BREGO DEGES DITON DONET DOPIL EDUMI EGABI EKRIT EKTUM ELMUR ENONO ENUSO ERMUS GARMO GERSA GIPOL IBILA KELIP KESEX KOLUL KUDIS KUSIX LAMAX LAPAG LAPDI LEDMI LUMEG MANEG MANID MATIV MILNI MOMOL MOSIT NEDOV NEMAG NOLKA OBEDU OLKEV OLNAV OMIDO OSNEM OSNOG RAMEM RAUTA RILAX RINLI RIPUS RISLI ROLSA ROMIR RONBA RONIX RUDSI SITOR SONGI SONOM SUBEX SUREP TADOB TINOX TITIX UMTOP URIGI URNAS UTIXO VEBIT VEDOK VIBAX VIBEV XANAL,0.0,N/A,N/A,N/A,N/A,N/A,N/A,1/4,14,1.0,N/A,landing clearance,0.0,N/A,N/A,N/A,N/A,N/A,N/A,N/A,N/A,N/A,N/A,N/A,N/A,3,N/A,N/A,N/A,N/A,N/A,N/A,N/A,N/A,N/A,N/A,N/A,N/A,N/A,N/A,N/A,N/A,N/A,N/A,N/A,N/A,3,N/A,N/A,N/A,N/A,N/A,N/A,N/A,N/A,N/A,N/A,N/A,N/A,N/A,N/A,N/A,N/A,N/A,N/A,N/A,N/A,N/A,N/A,N/A,CLE,N/A,N/A,N/A,N/A,N/A,N/A,wind information,0.0,N/A,runway 14,0.0,N/A,N/A,N/A,N/A,N/A,N/A,N/A,N/A,N/A,N/A,N/A,N/A,N/A,N/A,N/A,N/A,N/A,N/A,N/A,N/A,N/A,N/A,N/A,N/A,downwind,N/A,N/A,N/A,N/A,N/A,N/A,N/A,N/A,N/A,N/A,N/A,N/A,N/A,N/A,N/A,N/A,N/A,N/A,N/A,N/A,Noise/Unclear,N/A,N/A,N/A,N/A,N/A,N/A,needs_manual_review=True | llm_confidence=0.725,0,"{""transcript"":""two to it downwind three to the degrees three knots runway one four you cleopatra"",""role"":""Pilot"",""coarse_intent"":""Other"",""fine_intent"":""Other"",""dialogue_function"":""ATCO Other"",""slots"":{""slot_control_unit"":""CLE"",""slot_runway"":""1/4"",""slot_direction"":""3"",""slot_distance"":""downwind"",""slot_clearance_type"":""Other"",""restriction_condition"":""downwind""},""subslots"":{""sub_noise_marker"":""Noise/Unclear""}}",0.08695652173913043
LSZB_BERN_Tower_121_0MHz_20210413_125843.wav,Phi-4-multimodal-instruct + speech LoRA,Hotel Golf Papa make a one eighty stay clear of the runway taxi to holding point foxtrot,Hotel Golf Papa make one eighty taxi clear of runway taxi to holding point foxtrot,True,ATC,ATC,1,Clearance,Command,0,ATCO Clearance,Taxiing,0,ATCO Clearance,ATCO Instruction,0.0,N/A,N/A,N/A,N/A,N/A,N/A,80,N/A,N/A,N/A,N/A,N/A,N/A,N/A,N/A,taxi,taxi,1.0,N/A,N/A,N/A,N/A,N/A,N/A,N/A,N/A,N/A,N/A,N/A,N/A,N/A,N/A,N/A,N/A,N/A,N/A,N/A,N/A,N/A,N/A,N/A,N/A,N/A,N/A,N/A,N/A,N/A,N/A,N/A,N/A,N/A,ATC,ATC,1,N/A,A,0,Hotel Golf Papa,tower,0.0,N/A,LSZB,0,N/A,LSZB (Bern),0,N/A,121.0MHz,0,N/A,4/13/2021 12:58,0,N/A,N/A,N/A,N/A,ABARI ALETO AMRID ARNOT ARVAN ASBER BADEP BALIR BASUD BELAR BENOT BERSU BIRKI BOMEC DEKAM DOPIL DOUCI EKTUM ERMUS ESEVA ETEKI GODRA GUDAX IXUDI KONOL KORED KUBOM LAMUR LARDO LASUN LEPLA LUMEL LUTIX MASAB MEBOX MONIN NAXOL NEMAG NEMOS NOLKA OBEDU OLBEN OSKUP RAMOK REVLI ROMOM ROTOS SOSAL SUREP TADOB TELNO ULMES UMTOP VADAR VALAD VEBIT,0.0,N/A,N/A,N/A,N/A,N/A,N/A,80,N/A,N/A,N/A,N/A,N/A,N/A,N/A,N/A,N/A,N/A,N/A,N/A,N/A,N/A,N/A,N/A,N/A,N/A,N/A,N/A,N/A,N/A,N/A,N/A,N/A,N/A,N/A,N/A,N/A,N/A,N/A,N/A,N/A,N/A,N/A,N/A,N/A,N/A,N/A,N/A,N/A,N/A,N/A,N/A,N/A,N/A,N/A,N/A,N/A,N/A,N/A,N/A,N/A,taxi,N/A,N/A,N/A,N/A,N/A,N/A,N/A,N/A,Hotel Golf Papa,N/A,N/A,N/A,N/A,N/A,N/A,N/A,N/A,N/A,N/A,N/A,N/A,N/A,N/A,N/A,N/A,N/A,N/A,N/A,N/A,N/A,foxtrot,0.0,N/A,"Hotel Golf Papa, 180, Foxtrot",0.0,N/A,N/A,N/A,N/A,N/A,N/A,N/A,N/A,N/A,N/A,N/A,N/A,N/A,N/A,N/A,N/A,N/A,N/A,N/A,N/A,N/A,N/A,N/A,N/A,N/A,N/A,N/A,N/A,N/A,N/A,N/A,N/A,N/A,N/A,N/A,N/A,N/A,llm_confidence=0.95,0,"{""transcript"":""Hotel Golf Papa make one eighty taxi clear of runway taxi to holding point foxtrot"",""role"":""Controller"",""coarse_intent"":""Clearance"",""fine_intent"":""ATCO Clearance"",""dialogue_function"":""ATCO Clearance"",""slots"":{""slot_action"":""taxi"",""slot_control_unit"":""Hotel Golf Papa"",""slot_runway"":""80"",""slot_clearance_type"":""taxi"",""slot_restriction_type"":""none"",""slot_reason_or_condition"":""clear of runway""},""subslots"":{""sub_taxi_action"":""taxi""}}",0.1875
LKPR_RUZYNE_Radar_120_520MHz_20201027_125731.wav,Phi-4-multimodal-instruct + speech LoRA,one one eight decimal one [hes] Six Five Zero that's it bye bye [NE Czech]d?kujem na slyšenou[/NE] [NE Czech]na slyšenou[/NE],one one eight decimal six five zero,True,Other,Other,1,Other,Other,1,Other,Other,1,Other,N/A,N/A,N/A,N/A,N/A,N/A,N/A,N/A,N/A,N/A,N/A,N/A,N/A,N/A,N/A,118.165,0.0,N/A,N/A,N/A,N/A,N/A,N/A,N/A,N/A,N/A,N/A,N/A,N/A,N/A,N/A,N/A,N/A,N/A,N/A,N/A,N/A,N/A,N/A,N/A,N/A,N/A,N/A,N/A,N/A,N/A,N/A,N/A,N/A,N/A,N/A,N/A,N/A,Other,Other,1,N/A,D | A,0,S5,radar,0.0,N/A,LKPR,0,N/A,LKPR (Praha Ruzyne),0,N/A,120.520MHz,0,N/A,10/27/2020 12:57,0,N/A,N/A,N/A,N/A,AKEVA ARVEG BAGRU BAROX BAVIN BEKVI ELMEK ELPON ERASU EVEMI KENOK KUVIX LETNA RATEV RISUK SOMIS SULOV TIPRU UTORO,0.0,N/A,N/A,N/A,N/A,N/A,N/A,N/A,N/A,N/A,N/A,N/A,N/A,N/A,N/A,N/A,N/A,N/A,N/A,N/A,N/A,N/A,N/A,N/A,N/A,N/A,N/A,N/A,N/A,N/A,N/A,N/A,N/A,N/A,N/A,N/A,N/A,N/A,N/A,N/A,N/A,N/A,N/A,N/A,N/A,N/A,N/A,N/A,N/A,N/A,N/A,N/A,N/A,N/A,N/A,N/A,N/A,N/A,N/A,N/A,N/A,N/A,N/A,N/A,N/A,N/A,N/A,N/A,N/A,N/A,S5,N/A,N/A,N/A,N/A,N/A,N/A,N/A,N/A,N/A,N/A,N/A,N/A,N/A,N/A,N/A,N/A,N/A,N/A,N/A,N/A,N/A,N/A,N/A,N/A,N/A,N/A,N/A,N/A,N/A,N/A,N/A,N/A,N/A,N/A,N/A,N/A,N/A,N/A,N/A,N/A,N/A,N/A,N/A,N/A,N/A,N/A,N/A,N/A,N/A,N/A,N/A,N/A,N/A,N/A,bye,0.0,N/A,N/A,N/A,Non-English/Other Language,present,0.0,N/A,explicit_nonenglish_marker | hesitation_marker | llm_confidence=0.0,0,"{""transcript"":""one one eight decimal six five zero"",""role"":""Unknown"",""coarse_intent"":""Other"",""fine_intent"":""Other"",""dialogue_function"":""Other"",""slots"":{""slot_control_unit"":""S5""},""subslots"":{""sub_nonenglish_marker"":""Non-English/Other Language""}}",0.26666666666666666
LSZB_BERN_Tower_121_0MHz_20210419_124328.wav,Phi-4-multimodal-instruct + speech LoRA,roger break break Heli Delta Quebec after hotel whiskey cross via Berne city then hotel echo,roger break break heli delta Quebec after hotel whiskey cross via burn city then hotel echo,True,ATC,ATC,1,Other,Command,0,Simple respond,Flight route,0,ATCO Simple respond,ATCO Instruction,0.0,N/A,N/A,N/A,N/A,N/A,N/A,N/A,N/A,N/A,N/A,N/A,N/A,N/A,N/A,N/A,N/A,N/A,N/A,N/A,N/A,N/A,N/A,after hotel whiskey cross via Berne city then hotel echo,0.0,N/A,N/A,N/A,N/A,N/A,N/A,N/A,N/A,N/A,N/A,roger,0.0,N/A,N/A,N/A,N/A,N/A,N/A,N/A,N/A,N/A,N/A,N/A,N/A,N/A,N/A,N/A,ATC,ATC,1,N/A,A,0,heli,tower,0.0,N/A,LSZB,0,N/A,LSZB (Bern),0,N/A,121.0MHz,0,N/A,4/19/2021 12:43,0,N/A,N/A,N/A,N/A,ABARI ALETO AMRID ARNOT ARVAN ASBER BADEP BALIR BASUD BELAR BENOT BERSU BIRKI BOMEC DEKAM DOPIL DOUCI EKTUM ERMUS ESEVA ETEKI GODRA GUDAX IXUDI KONOL KORED KUBOM LAMUR LARDO LASUN LEPLA LUMEL LUTIX MASAB MEBOX MONIN NAXOL NEMAG NEMOS NOLKA OBEDU OLBEN OSKUP RAMOK REVLI ROMOM ROTOS SOSAL SUREP TADOB TELNO ULMES UMTOP VADAR VALAD VEBIT,0.0,N/A,N/A,N/A,Delta Quebec,N/A,N/A,N/A,N/A,N/A,N/A,N/A,N/A,N/A,N/A,N/A,N/A,N/A,N/A,N/A,N/A,N/A,N/A,N/A,N/A,N/A,N/A,N/A,N/A,N/A,N/A,N/A,N/A,N/A,N/A,N/A,N/A,N/A,N/A,N/A,N/A,N/A,N/A,N/A,N/A,N/A,N/A,N/A,N/A,N/A,N/A,N/A,N/A,N/A,N/A,N/A,N/A,N/A,N/A,N/A,N/A,roger,roger,1.0,N/A,N/A,N/A,N/A,N/A,N/A,heli,N/A,N/A,N/A,N/A,N/A,N/A,N/A,N/A,N/A,N/A,N/A,N/A,N/A,N/A,N/A,N/A,N/A,N/A,BERNE,0.0,N/A,N/A,N/A,N/A,after hotel whiskey cross via Berne city then hotel echo,0.0,N/A,N/A,N/A,N/A,N/A,N/A,N/A,N/A,N/A,hotel whiskey,N/A,N/A,N/A,N/A,N/A,N/A,N/A,N/A,N/A,N/A,N/A,N/A,N/A,N/A,Simple respond,roger,0.0,N/A,N/A,N/A,N/A,N/A,N/A,N/A,N/A,N/A,N/A,llm_confidence=0.9666666666666668,0,"{""transcript"":""roger break break heli delta Quebec after hotel whiskey cross via burn city then hotel echo"",""role"":""Controller"",""coarse_intent"":""Other"",""fine_intent"":""Simple respond"",""dialogue_function"":""ATCO Simple respond"",""slots"":{""slot_action"":""roger"",""slot_control_unit"":""heli"",""slot_procedure"":""Delta Quebec"",""slot_clearance_type"":""Simple respond"",""restriction_condition"":""hotel whiskey""},""subslots"":{""sub_simple_response_keyword"":""Simple respond""}}",0.15789473684210525
LSGS_SION_Tower_118_3MHz_20210415_132357.wav,Phi-4-multimodal-instruct + speech LoRA,Hotel Echo X-ray wind two seven zero degrees five knots runway two five cleared to land,Hotel Echo X-ray wind two seven zero degrees five knots runway two five cleared to land,True,ATC,ATC,1,Clearance,Clearance,1,Clearance,Landing,0,ATCO Clearance,ATCO Clearance,1.0,N/A,N/A,N/A,N/A,N/A,N/A,25,25,1.0,N/A,N/A,N/A,N/A,N/A,N/A,N/A,N/A,N/A,2,N/A,N/A,N/A,N/A,N/A,N/A,N/A,N/A,N/A,N/A,N/A,N/A,N/A,N/A,N/A,N/A,N/A,cleared to land,cleared to land,1.0,N/A,N/A,N/A,N/A,N/A,N/A,Hotel Echo X-ray,N/A,N/A,N/A,N/A,N/A,ATC,ATC,1,N/A,A,0,Hotel Echo X-ray,tower,0.0,N/A,LSGS,0,N/A,LSGS (Sion),0,N/A,118.3MHz,0,N/A,4/15/2021 13:23,0,N/A,N/A,N/A,N/A,ALETO AOSTA BANKO BERAR BIBAN CERVI ESOKO ETEKI GARLO GODRA GOLEB GRANA INTIP LAMUR MASAB MOBLO MOLUS MONIN OMETO ORSUD PUNSA REVLI ROCCA ROMOM SANET SONOD SOSAL TERSI UBIMA VADAR VALOR VENAT VEROX,0.0,N/A,N/A,N/A,N/A,N/A,N/A,25,25,1.0,cleared to land,landing clearance,0.0,N/A,N/A,N/A,N/A,N/A,N/A,N/A,N/A,N/A,N/A,N/A,N/A,2,N/A,N/A,N/A,N/A,N/A,N/A,N/A,N/A,N/A,N/A,N/A,N/A,N/A,N/A,N/A,N/A,N/A,N/A,N/A,N/A,2,N/A,N/A,N/A,N/A,N/A,N/A,N/A,N/A,N/A,N/A,N/A,N/A,N/A,N/A,cleared to land,N/A,N/A,N/A,N/A,N/A,N/A,N/A,N/A,Hotel Echo X-ray,N/A,N/A,N/A,N/A,N/A,N/A,wind information,0.0,N/A,wind 27005,0.0,N/A,N/A,N/A,N/A,N/A,N/A,N/A,N/A,N/A,N/A,N/A,N/A,N/A,N/A,N/A,N/A,N/A,N/A,N/A,N/A,N/A,N/A,N/A,N/A,N/A,N/A,N/A,N/A,N/A,N/A,N/A,N/A,N/A,N/A,N/A,N/A,N/A,N/A,N/A,N/A,N/A,N/A,N/A,N/A,N/A,noise,N/A,N/A,Non-English/Other Language,N/A,N/A,N/A,llm_confidence=0.9875,0,"{""transcript"":""Hotel Echo X-ray wind two seven zero degrees five knots runway two five cleared to land"",""role"":""Controller"",""coarse_intent"":""Clearance"",""fine_intent"":""Clearance"",""dialogue_function"":""ATCO Clearance"",""slots"":{""slot_action"":""cleared to land"",""slot_runway"":""25"",""slot_control_unit"":""Hotel Echo X-ray"",""slot_wind"":""27005"",""slot_direction"":""2"",""slot_clearance_type"":""landing"",""slot_clearance_keyword"":""cleared to land"",""slot_clearance_limit"":null,""slot_reason_or_condition"":""landing clearance""},""subslots"":{""sub_landing_keyword"":""cleared to land"",""sub_clearance_keyword"":""cleared to land"",""sub_full_callsign"":""Hotel Echo X-ray"",""sub_clearance_type"":""landing"",""sub_clearance_keyword"":""cleared to land"",""sub_noise_marker"":""noise"",""sub_nonenglish_marker"":""Non-English/Other Language""}}",0.3684210526315789
LSGS_SION_Ground_Control_121_7MHz_20210503_161854.wav,Phi-4-multimodal-instruct + speech LoRA,[#callsign]Helicopter[/#callsign] [#callsign]Tango[/#callsign] [#callsign]Oscar[/#callsign] [#command]you[/#command] [#command]may[/#command] [#command]leave[/#command] [#command]the[/#command] [#command]frequency[/#command] [#unnamed]bye[/#unnamed] [#unnamed]bye[/#unnamed] [#callsign] Tango[/#callsign] [#callsign]Oscar[/#callsign] [#command]leave[/#command] [#command]the[/#command] [#command]frequency[/#command] [#unnamed]bye[/#unnamed] [#unnamed]bye[/#unnamed] [#callsign]Nav[/#callsign] [#callsign]Checker[/#callsign] [#callsign]Five[/#callsign] [#callsign]One[/#callsign] [#callsign]One[/#callsign] [#command]further[/#command] [#command]climb[/#command] [#command]is[/#command] [#command]approved[/#command] [#command]further[/#command] [#command]climb[/#command] [#command]approved[/#command] [#value]again[/#value] [#callsign]Nav[/#callsign] [#callsign]Checker[/#callsign] [#callsign]Five[/#callsign] [#callsign]One[/#callsign] [#callsign]One[/#callsign],Heli Cotton Tango Sky you may leave the frequency bye bye,True,ATC,ATC,1,Other,Other,1,Other,Simple respond,0,ATCO Other,ATCO Other,1.0,N/A,N/A,N/A,N/A,N/A,N/A,N/A,N/A,N/A,N/A,N/A,N/A,N/A,N/A,N/A,N/A,N/A,N/A,N/A,N/A,N/A,N/A,N/A,N/A,N/A,climb,0.0,N/A,N/A,N/A,N/A,N/A,N/A,N/A,N/A,N/A,N/A,N/A,N/A,N/A,N/A,N/A,N/A,N/A,N/A,N/A,N/A,N/A,N/A,N/A,N/A,ATC,ATC,1,N/A,A | D | C,0,cotton_tango_skye,ground,0.0,N/A,LSGS,0,N/A,LSGS (Sion),0,N/A,121.7MHz,0,N/A,5/3/2021 16:18,0,N/A,N/A,N/A,N/A,ALETO AOSTA BANKO BERAR BIBAN CERVI ESOKO ETEKI GARLO GODRA GOLEB GRANA INTIP LAMUR MASAB MOBLO MOLUS MONIN OMETO ORSUD PUNSA REVLI ROCCA ROMOM SANET SONOD SOSAL TERSI UBIMA VADAR VALOR VENAT VEROX,0.0,N/A,N/A,N/A,N/A,N/A,N/A,N/A,N/A,N/A,N/A,N/A,N/A,N/A,N/A,N/A,N/A,N/A,N/A,N/A,N/A,N/A,N/A,N/A,N/A,N/A,N/A,N/A,N/A,N/A,N/A,N/A,N/A,N/A,N/A,N/A,N/A,N/A,N/A,N/A,N/A,N/A,N/A,N/A,N/A,N/A,N/A,N/A,N/A,N/A,N/A,N/A,N/A,N/A,N/A,N/A,N/A,N/A,N/A,N/A,N/A,N/A,N/A,N/A,N/A,N/A,N/A,N/A,N/A,N/A,cotton_tango_skye,N/A,N/A,N/A,N/A,N/A,N/A,ATC clearance,0.0,N/A,N/A,N/A,N/A,N/A,N/A,N/A,N/A,N/A,N/A,N/A,N/A,N/A,N/A,N/A,N/A,N/A,N/A,N/A,leave,0.0,N/A,N/A,N/A,N/A,N/A,N/A,N/A,N/A,N/A,N/A,N/A,N/A,N/A,N/A,N/A,N/A,N/A,N/A,N/A,N/A,N/A,N/A,N/A,N/A,bye bye,bye,0.0,N/A,N/A,N/A,N/A,N/A,N/A,N/A,needs_manual_review=True | llm_confidence=0.475,0,"{""transcript"":""Heli Cotton Tango Sky you may leave the frequency bye bye"",""role"":""Controller"",""coarse_intent"":""Other"",""fine_intent"":""Other"",""dialogue_function"":""ATCO Other"",""slots"":{""slot_control_unit"":""cotton_tango_skye""},""subslots"":{""sub_greeting_phrase"":""bye bye""}}",0.23529411764705882
LSZB_BERN_Approach_127_3MHz_20210414_160756.wav,Phi-4-multimodal-instruct + speech LoRA,Hotel Bravo Juliett leave out on route whiskey wind zero three zero degrees one zero knots runway three two cleared for takeoff,Hotel Bravo Juliett left runway two whiskey wind zero three zero degrees one zero knots runway three two cleared for takeoff,True,Pilot,ATC,0,Clearance,Clearance,1,Clearance,Take-off,0,ATCO Clearance,ATCO Clearance,1.0,Hotel Bravo Juliett,N/A,N/A,N/A,N/A,N/A,21,32,0.0,N/A,cleared for takeoff,0.0,N/A,N/A,N/A,N/A,N/A,N/A,left,N/A,N/A,N/A,whiskey wind,0.0,N/A,N/A,N/A,N/A,N/A,N/A,N/A,N/A,N/A,N/A,N/A,N/A,N/A,N/A,N/A,N/A,N/A,N/A,N/A,N/A,N/A,Hotel Bravo Juliett,N/A,N/A,JULI,N/A,N/A,Pilot,ATC,0,Hotel Bravo Juliett,A,0,tower,approach,0.0,N/A,LSZB,0,N/A,LSZB (Bern),0,N/A,127.3MHz,0,N/A,4/14/2021 16:07,0,N/A,N/A,N/A,N/A,ABARI ALETO AMRID ARNOT ARVAN ASBER BADEP BALIR BASUD BELAR BENOT BERSU BIRKI BOMEC DEKAM DOPIL DOUCI EKTUM ERMUS ESEVA ETEKI GODRA GUDAX IXUDI KONOL KORED KUBOM LAMUR LARDO LASUN LEPLA LUMEL LUTIX MASAB MEBOX MONIN NAXOL NEMAG NEMOS NOLKA OBEDU OLBEN OSKUP RAMOK REVLI ROMOM ROTOS SOSAL SUREP TADOB TELNO ULMES UMTOP VADAR VALAD VEBIT,0.0,N/A,N/A,N/A,N/A,N/A,N/A,21,N/A,N/A,cleared for takeoff,takeoff clearance,0.0,N/A,N/A,N/A,N/A,N/A,N/A,N/A,N/A,N/A,N/A,N/A,N/A,left,N/A,N/A,N/A,N/A,N/A,N/A,N/A,N/A,N/A,N/A,N/A,N/A,N/A,N/A,N/A,N/A,N/A,N/A,N/A,N/A,left,N/A,N/A,N/A,N/A,N/A,N/A,N/A,N/A,N/A,N/A,N/A,N/A,N/A,N/A,departure,N/A,N/A,N/A,N/A,N/A,N/A,N/A,N/A,tower,N/A,N/A,N/A,N/A,N/A,N/A,wind information,0.0,N/A,leave out on route whiskey,0.0,N/A,N/A,N/A,N/A,N/A,N/A,N/A,N/A,N/A,N/A,N/A,N/A,N/A,N/A,N/A,N/A,leave,0.0,N/A,N/A,N/A,N/A,N/A,N/A,N/A,N/A,N/A,N/A,N/A,N/A,N/A,N/A,N/A,N/A,N/A,N/A,N/A,N/A,N/A,N/A,N/A,N/A,N/A,N/A,N/A,N/A,N/A,N/A,N/A,N/A,N/A,N/A,needs_manual_review=True | llm_confidence=0.7699999999999999,0,"{""transcript"":""Hotel Bravo Juliett left runway two whiskey wind zero three zero degrees one zero knots runway three two cleared for takeoff"",""role"":""Pilot"",""coarse_intent"":""Clearance"",""fine_intent"":""Clearance"",""dialogue_function"":""ATCO Clearance"",""slots"":{""slot_callsign_code"":""JULI"",""slot_callsign_spoken"":""Hotel Bravo Juliett"",""slot_airline"":""Hotel Bravo Juliett"",""slot_action"":""departure"",""slot_runway"":""21"",""slot_control_unit"":""tower"",""slot_wind"":""03010"",""slot_direction"":""left"",""slot_clearance_type"":""takeoff"",""slot_clearance_keyword"":""cleared for takeoff"",""slot_runway_clearance_type"":""departure"",""slot_clearance_condition"":""runway clearance"",""slot_clearance_condition_status"":""clearance granted""},""subslots"":{""sub_clearance_keyword"":""cleared for takeoff"",""sub_runway_clearance_type"":""departure"",""sub_clearance_condition_keyword"":""runway clearance"",""sub_clearance_condition_status"":""clearance granted""}}",0.1
LSZH_ZURICH_Tower_118_1MHz_20210418_101741.wav,Phi-4-multimodal-instruct + speech LoRA,[#callsign]Swiss[/#callsign] [#callsign]Three[/#callsign] [#callsign]Three[/#callsign] [#callsign]Two[/#callsign] [#value]behind[/#value] [#value]challenger [/#value] [#command]line[/#command] [#command]up[/#command] [#command]to[/#command] [#value]eight[/#value] [#value]behind[/#value],Swiss Three Three Two behind challenger line up to it behind,True,ATC,Other,0,Other,Clearance,0,Other,Line-up,0,ATCO Other,N/A,N/A,N/A,Swiss,0.0,N/A,332,0.0,N/A,N/A,N/A,N/A,N/A,N/A,N/A,N/A,N/A,N/A,N/A,N/A,N/A,N/A,N/A,Swiss Three Three Two,N/A,N/A,N/A,N/A,N/A,N/A,N/A,N/A,N/A,N/A,N/A,N/A,N/A,N/A,N/A,N/A,N/A,N/A,N/A,N/A,N/A,N/A,N/A,N/A,Swiss Three Three Two,0.0,N/A,SWR332,0.0,ATC,Other,0,N/A,D,0,Swiss Air Lines,tower,0.0,N/A,LSZH,0,N/A,LSZH (Zurich),0,N/A,118.1MHz,0,N/A,4/18/2021 10:17,0,N/A,N/A,N/A,N/A,AFOLT AGERI AKABI ALBIX ALINE AMIKI AMRUP ARGAX ARGEV ARTAG ATBAS BARIG BERSU BREGO DEGES DITON DONET DOPIL EDUMI EGABI EKRIT EKTUM ELMUR ENONO ENUSO ERMUS GARMO GERSA GIPOL IBILA KELIP KESEX KOLUL KUDIS KUSIX LAMAX LAPAG LAPDI LEDMI LUMEG MANEG MANID MATIV MILNI MOMOL MOSIT NEDOV NEMAG NOLKA OBEDU OLKEV OLNAV OMIDO OSNEM OSNOG RAMEM RAUTA RILAX RINLI RIPUS RISLI ROLSA ROMIR RONBA RONIX RUDSI SITOR SONGI SONOM SUBEX SUREP TADOB TINOX TITIX UMTOP URIGI URNAS UTIXO VEBIT VEDOK VIBAX VIBEV XANAL,0.0,N/A,N/A,N/A,N/A,N/A,N/A,N/A,N/A,N/A,N/A,N/A,N/A,N/A,N/A,N/A,N/A,N/A,N/A,N/A,N/A,N/A,N/A,N/A,N/A,N/A,N/A,N/A,N/A,N/A,N/A,N/A,N/A,N/A,N/A,N/A,N/A,N/A,N/A,N/A,N/A,N/A,N/A,N/A,N/A,N/A,N/A,N/A,N/A,N/A,N/A,N/A,N/A,N/A,N/A,N/A,N/A,N/A,N/A,N/A,N/A,N/A,N/A,N/A,N/A,N/A,N/A,N/A,N/A,N/A,Swiss Air Lines,N/A,N/A,N/A,N/A,N/A,N/A,N/A,N/A,N/A,N/A,N/A,N/A,N/A,N/A,N/A,N/A,N/A,N/A,N/A,N/A,N/A,N/A,N/A,N/A,N/A,N/A,N/A,N/A,N/A,N/A,N/A,N/A,N/A,N/A,N/A,N/A,behind challenger,0.0,N/A,N/A,N/A,N/A,N/A,N/A,N/A,N/A,N/A,N/A,N/A,N/A,N/A,N/A,N/A,greeting,N/A,N/A,N/A,N/A,N/A,N/A,N/A,N/A,N/A,llm_confidence=0.85,0,"{""transcript"":""Swiss Three Three Two behind challenger line up to it behind"",""role"":""Controller"",""coarse_intent"":""Other"",""fine_intent"":""Other"",""dialogue_function"":""ATCO Other"",""slots"":{""slot_control_unit"":""Swiss Air Lines"",""planned_route"":""Swiss Three Three Two""},""subslots"":{""sub_greeting_phrase"":""greeting""}}",0.0
LSGS_SION_Ground_Control_121_7MHz_20210502_065945.wav,Phi-4-multimodal-instruct + speech LoRA,[#command]we[/#command] [#command]are[/#command] [#command]not[/#command] [#command]ready[/#command] [#value]now[/#value] [#callsign]Foxtrot[/#callsign] [#callsign]Lima[/#callsign] [#callsign]Delta[/#callsign],Hotel Echo X-ray we are not ready now wait five minutes,True,ATC,Other,0,Other,Other,1,Other,Status report,0,ATCO Other,N/A,N/A,N/A,N/A,N/A,N/A,N/A,N/A,N/A,N/A,N/A,N/A,N/A,N/A,N/A,N/A,N/A,N/A,N/A,N/A,N/A,N/A,N/A,N/A,N/A,N/A,N/A,N/A,N/A,N/A,N/A,N/A,N/A,N/A,N/A,N/A,N/A,N/A,N/A,N/A,N/A,N/A,N/A,N/A,N/A,N/A,N/A,N/A,N/A,N/A,N/A,N/A,N/A,ATC,Other,0,N/A,D,0,Hotel Echo X-ray,N/A,N/A,N/A,LSGS,0,N/A,LSGS (Sion),0,N/A,121.7MHz,0,N/A,5/2/2021 6:59,0,N/A,N/A,N/A,N/A,ALETO AOSTA BANKO BERAR BIBAN CERVI ESOKO ETEKI GARLO GODRA GOLEB GRANA INTIP LAMUR MASAB MOBLO MOLUS MONIN OMETO ORSUD PUNSA REVLI ROCCA ROMOM SANET SONOD SOSAL TERSI UBIMA VADAR VALOR VENAT VEROX,0.0,N/A,N/A,N/A,N/A,N/A,N/A,N/A,N/A,N/A,N/A,N/A,N/A,N/A,N/A,N/A,N/A,N/A,N/A,N/A,N/A,N/A,N/A,N/A,N/A,N/A,N/A,N/A,N/A,N/A,N/A,N/A,N/A,N/A,N/A,N/A,N/A,N/A,N/A,N/A,N/A,N/A,N/A,N/A,N/A,N/A,N/A,N/A,N/A,N/A,N/A,N/A,N/A,N/A,N/A,N/A,N/A,N/A,N/A,N/A,N/A,N/A,N/A,N/A,N/A,N/A,N/A,N/A,N/A,N/A,Hotel Echo X-ray,N/A,N/A,N/A,N/A,N/A,Other,N/A,N/A,N/A,N/A,N/A,N/A,N/A,N/A,N/A,N/A,N/A,N/A,N/A,N/A,N/A,N/A,N/A,N/A,N/A,N/A,N/A,N/A,N/A,N/A,N/A,N/A,Other,N/A,N/A,N/A,N/A,N/A,N/A,N/A,N/A,N/A,N/A,N/A,N/A,ready,0.0,N/A,we are not ready,0.0,N/A,N/A,N/A,N/A,N/A,N/A,N/A,N/A,N/A,Non-English/Other Language,N/A,N/A,N/A,llm_confidence=0.85,0,"{""transcript"":""Hotel Echo X-ray we are not ready now wait five minutes"",""role"":""Controller"",""coarse_intent"":""Other"",""fine_intent"":""Other"",""dialogue_function"":""ATCO Other"",""slots"":{""slot_control_unit"":""Hotel Echo X-ray"",""slot_restriction_type"":""Other"",""information_type"":""Other""},""subslots"":{""sub_nonenglish_marker"":""Non-English/Other Language""}}",0.07692307692307693
LSZB_BERN_Tower_121_0MHz_20210413_112156.wav,Phi-4-multimodal-instruct + speech LoRA,Hotel Victor Bravo roger behind traffic on final backtrack runway one four behind,Hotel Victor Bravo Roger behind traffic on final back track runway one four behind,True,ATC,ATC,1,Other,Information,0,Other,Information,0,ATCO Other,ATCO Information,0.0,N/A,N/A,N/A,N/A,N/A,N/A,N/A,14,0.0,N/A,N/A,N/A,N/A,N/A,N/A,N/A,N/A,N/A,N/A,N/A,N/A,N/A,N/A,N/A,N/A,N/A,N/A,N/A,N/A,N/A,N/A,N/A,N/A,N/A,roger,0.0,N/A,N/A,N/A,N/A,N/A,N/A,N/A,N/A,N/A,N/A,N/A,N/A,N/A,N/A,N/A,ATC,ATC,1,N/A,A,0,slot_control_unit,tower,0.0,N/A,LSZB,0,N/A,LSZB (Bern),0,N/A,121.0MHz,0,N/A,4/13/2021 11:21,0,N/A,N/A,N/A,N/A,ABARI ALETO AMRID ARNOT ARVAN ASBER BADEP BALIR BASUD BELAR BENOT BERSU BIRKI BOMEC DEKAM DOPIL DOUCI EKTUM ERMUS ESEVA ETEKI GODRA GUDAX IXUDI KONOL KORED KUBOM LAMUR LARDO LASUN LEPLA LUMEL LUTIX MASAB MEBOX MONIN NAXOL NEMAG NEMOS NOLKA OBEDU OLBEN OSKUP RAMOK REVLI ROMOM ROTOS SOSAL SUREP TADOB TELNO ULMES UMTOP VADAR VALAD VEBIT,0.0,N/A,N/A,N/A,N/A,N/A,N/A,N/A,N/A,N/A,N/A,N/A,N/A,N/A,N/A,N/A,N/A,N/A,N/A,N/A,N/A,N/A,N/A,N/A,N/A,N/A,N/A,N/A,N/A,N/A,N/A,N/A,N/A,N/A,N/A,N/A,N/A,N/A,N/A,N/A,N/A,N/A,N/A,N/A,N/A,N/A,N/A,N/A,N/A,N/A,N/A,N/A,N/A,N/A,N/A,N/A,N/A,N/A,N/A,N/A,N/A,action,N/A,N/A,N/A,N/A,N/A,N/A,N/A,N/A,slot_control_unit,N/A,N/A,N/A,N/A,N/A,N/A,traffic_position,0.0,N/A,behind traffic on final backtrack runway 14,0.0,N/A,N/A,N/A,N/A,N/A,N/A,N/A,N/A,N/A,N/A,N/A,N/A,N/A,N/A,N/A,N/A,N/A,N/A,N/A,N/A,N/A,slot_restriction_type,N/A,N/A,one four behind,behind traffic on final,0.0,N/A,N/A,N/A,N/A,N/A,N/A,N/A,N/A,N/A,N/A,behind traffic on final backtrack runway one four,0.0,N/A,roger,0.0,N/A,N/A,N/A,N/A,N/A,N/A,sub_nonenglish_marker,N/A,N/A,N/A,llm_confidence=0.9,0,"{""transcript"":""Hotel Victor Bravo Roger behind traffic on final back track runway one four behind"",""role"":""Controller"",""coarse_intent"":""Other"",""fine_intent"":""Other"",""dialogue_function"":""ATCO Other"",""slots"":{""slot_action"":""action"",""slot_control_unit"":""slot_control_unit"",""slot_restriction_type"":""slot_restriction_type"",""restriction_condition"":""one four behind""},""subslots"":{""sub_nonenglish_marker"":""sub_nonenglish_marker""}}",0.1
LZIB_STEFANIK_Tower_118_3MHz_20210426_203652.wav,Phi-4-multimodal-instruct + speech LoRA,holding point runway three one via foxtrot and cross runway zero four Eurotrans Two One correction One Three Juliett thank you,Hotel Alpha Romeo X-ray foxtrot and cross runway zero four your transfer two one quick one three join you,True,Pilot,Pilot,1,Other,Command,0,Other,Readback,0,ATCO Other,Pilot Readback,0.0,N/A,N/A,N/A,N/A,N/A,N/A,4,31,0.0,N/A,N/A,N/A,N/A,N/A,N/A,N/A,N/A,N/A,N/A,N/A,N/A,N/A,via foxtrot and cross runway zero four,0.0,N/A,N/A,N/A,N/A,N/A,N/A,N/A,N/A,N/A,N/A,N/A,N/A,N/A,N/A,N/A,N/A,N/A,N/A,N/A,N/A,N/A,X-ray Foxtrot,N/A,N/A,N/A,N/A,N/A,Pilot,Pilot,1,N/A,B,0,X-ray Foxtrot,tower,0.0,N/A,LZIB,0,N/A,LZIB (Bratislava),0,N/A,118.3MHz,0,N/A,4/26/2021 20:36,0,N/A,N/A,N/A,N/A,ABETI ABLOM ADAMA AGMIM ASLOT ASPIB ASTON BEGLA BERVA CIFER EKLIP GASNA GESGI KOXER KUVEX LEDRI MABOD MAREG MOVOS NATEX NIGER PESAT REKLU SOMID TOVKA UBUXI URUMU VABGU VAMOG VAPIT VEDER VYDRA XENAK XENDI,0.0,N/A,N/A,N/A,N/A,N/A,N/A,4,N/A,N/A,N/A,N/A,N/A,N/A,N/A,N/A,N/A,N/A,N/A,N/A,N/A,N/A,N/A,N/A,N/A,N/A,N/A,N/A,N/A,N/A,N/A,N/A,N/A,N/A,N/A,N/A,N/A,N/A,N/A,N/A,N/A,N/A,N/A,N/A,N/A,N/A,N/A,N/A,N/A,N/A,N/A,N/A,N/A,N/A,N/A,N/A,N/A,N/A,N/A,N/A,N/A,transfer,N/A,N/A,N/A,N/A,N/A,join,N/A,N/A,you,N/A,N/A,N/A,N/A,N/A,transfer,N/A,N/A,to runway 1,N/A,N/A,N/A,N/A,N/A,N/A,N/A,N/A,N/A,FOXTROT,0.0,N/A,three one,0.0,N/A,holding point runway 31 via FOXTROT and cross runway 04,0.0,N/A,N/A,N/A,N/A,N/A,N/A,cross_runway,N/A,N/A,N/A,N/A,N/A,N/A,N/A,N/A,N/A,N/A,N/A,N/A,N/A,N/A,N/A,N/A,N/A,N/A,thank you,0.0,N/A,N/A,N/A,N/A,N/A,N/A,N/A,N/A,N/A,N/A,llm_confidence=0.8999999999999999,0,"{""transcript"":""Hotel Alpha Romeo X-ray foxtrot and cross runway zero four your transfer two one quick one three join you"",""role"":""Pilot"",""coarse_intent"":""Other"",""fine_intent"":""Other"",""dialogue_function"":""ATCO Other"",""slots"":{""slot_action"":""transfer"",""slot_runway"":""4"",""slot_control_unit"":""X-ray Foxtrot"",""slot_restriction_type"":""cross_runway"",""information_type"":""transfer"",""information_value"":""to runway 1""},""subslots"":{""sub_full_callsign"":""X-ray Foxtrot"",""sub_contact_keyword"":""join"",""sub_contact_unit"":""you""}}",0.10526315789473684
YSSY_SYDNEY_Tower_120_5MHz_20210428_013626.wav,Phi-4-multimodal-instruct + speech LoRA,Tower good day Jetstar seven sixty three Jetstar seven sixty three Sydney Tower(to-),Swiss Air Lines ZS 73 ZNITZ Swiss Air Lines ZS 73 ZNITZ,True,ATC,ATC,1,Other,Other,1,Other,Simple respond,0,ATCO Other,ATCO Other,1.0,N/A,N/A,N/A,N/A,N/A,N/A,N/A,N/A,N/A,N/A,N/A,N/A,N/A,N/A,N/A,N/A,N/A,N/A,N/A,N/A,N/A,N/A,N/A,N/A,N/A,N/A,N/A,N/A,N/A,N/A,N/A,N/A,N/A,N/A,N/A,N/A,N/A,N/A,N/A,N/A,N/A,N/A,N/A,N/A,N/A,N/A,N/A,N/A,N/A,N/A,N/A,ATC,ATC,1,N/A,A | B,0,Swiss Air Lines ZS 73 ZNITZ,tower,0.0,N/A,YSSY,0,N/A,YSSY (Sydney),0,N/A,120.5MHz,0,N/A,4/28/2021 1:36,0,N/A,N/A,N/A,N/A,ABBEY ANKUB ATRET BEROW BIGEM BIKUS BOBIG BOOGI BUVLO CLIFF COONY CORDO DALAR DEENA DIPPA DUDOK DUMOP DUNES ENDEV ENKAS ENTRA FISHA GOMUB HALAS HOOKS IGALA ISMER JAKLN JELLI JENTL JULIA KABLO KAMBA KAMPI KEVIN LANOL LISHA MAJAR MANFA MARKY MARUB MITSA NASHO NESSY NOBAR NOLEM OLSOG OVILS PEBRA PEGBA POSTY PRAWN RAKSO RENAM RISOL SBKWA SBKWB SBKWF SBKWH SBKWI SBKWM SCNWF SCNWH SCNWM SHORE SOSIJ SRIEA SRIEB SRIEF SRIEH SRIEI SRIEM SRIWF SRIWG SRIWH SRIWI SRIWM SSYEF SSYEH SSYEM SSYNF SSYNH SSYNI SSYNM SSYSF SSYSH SSYSM SSYWF SSYWH SSYWM SUZAN SYDNF SYDNH SYDNM SYDSF SYDSH SYDSM SYRBB SYRCC SYRDD SYRFF SYRGG TAMMI TESAT TONTO TONUX URDEN UXAMA VENUL VIDIK VOSSI WHALE WOLNA WOLNC WOLND WOLNF WOLNI ZONKA,0.0,N/A,N/A,N/A,N/A,N/A,N/A,N/A,N/A,N/A,N/A,N/A,N/A,N/A,N/A,N/A,N/A,N/A,N/A,N/A,N/A,N/A,N/A,N/A,N/A,N/A,N/A,N/A,N/A,N/A,N/A,N/A,N/A,N/A,N/A,N/A,N/A,N/A,N/A,N/A,N/A,N/A,N/A,N/A,N/A,N/A,N/A,N/A,N/A,N/A,N/A,N/A,N/A,N/A,N/A,N/A,N/A,N/A,N/A,N/A,N/A,N/A,N/A,N/A,N/A,N/A,N/A,N/A,N/A,N/A,Swiss Air Lines ZS 73 ZNITZ,N/A,N/A,N/A,N/A,N/A,N/A,N/A,N/A,N/A,N/A,N/A,N/A,N/A,N/A,N/A,N/A,N/A,N/A,N/A,N/A,N/A,N/A,N/A,N/A,N/A,N/A,N/A,N/A,N/A,N/A,N/A,N/A,N/A,N/A,N/A,N/A,N/A,N/A,N/A,N/A,N/A,N/A,N/A,N/A,N/A,N/A,N/A,N/A,N/A,N/A,N/A,N/A,N/A,N/A,N/A,N/A,N/A,N/A,N/A,N/A,N/A,N/A,N/A,needs_manual_review=True | llm_confidence=0.3333333333333333,0,"{""transcript"":""Swiss Air Lines ZS 73 ZNITZ Swiss Air Lines ZS 73 ZNITZ"",""role"":""Controller"",""coarse_intent"":""Other"",""fine_intent"":""Other"",""dialogue_function"":""ATCO Other"",""slots"":{""slot_control_unit"":""Swiss Air Lines ZS 73 ZNITZ""},""subslots"":{}}",0.3076923076923077
LSZB_BERN_Tower_121_0MHz_20210414_073805.wav,Phi-4-multimodal-instruct + speech LoRA,Hotel Hotel Golf next left via delta to blue sector,Hotel Hotel Golf next left via relta to blue sector,True,ATC,ATC,1,Other,Command,0,Other,Flight route,0,ATCO Other,ATCO Instruction,0.0,N/A,N/A,N/A,N/A,N/A,N/A,N/A,N/A,N/A,N/A,N/A,N/A,N/A,N/A,N/A,N/A,N/A,N/A,N/A,left,0.0,N/A,Hotel Hotel Golf via delta to blue sector,0.0,N/A,N/A,N/A,N/A,N/A,N/A,N/A,N/A,N/A,N/A,N/A,N/A,N/A,N/A,N/A,N/A,N/A,N/A,N/A,N/A,N/A,N/A,N/A,N/A,N/A,N/A,N/A,ATC,ATC,1,N/A,A,0,HOTEL HOTEL GOLF,tower,0.0,N/A,LSZB,0,N/A,LSZB (Bern),0,N/A,121.0MHz,0,N/A,4/14/2021 7:38,0,N/A,N/A,N/A,N/A,ABARI ALETO AMRID ARNOT ARVAN ASBER BADEP BALIR BASUD BELAR BENOT BERSU BIRKI BOMEC DEKAM DOPIL DOUCI EKTUM ERMUS ESEVA ETEKI GODRA GUDAX IXUDI KONOL KORED KUBOM LAMUR LARDO LASUN LEPLA LUMEL LUTIX MASAB MEBOX MONIN NAXOL NEMAG NEMOS NOLKA OBEDU OLBEN OSKUP RAMOK REVLI ROMOM ROTOS SOSAL SUREP TADOB TELNO ULMES UMTOP VADAR VALAD VEBIT,0.0,N/A,N/A,N/A,N/A,N/A,N/A,N/A,N/A,N/A,N/A,N/A,N/A,N/A,N/A,N/A,N/A,N/A,N/A,N/A,N/A,N/A,N/A,N/A,N/A,N/A,N/A,N/A,N/A,N/A,N/A,N/A,N/A,N/A,N/A,N/A,N/A,N/A,N/A,N/A,N/A,N/A,N/A,N/A,N/A,N/A,N/A,N/A,N/A,N/A,N/A,N/A,N/A,N/A,N/A,N/A,N/A,N/A,N/A,N/A,N/A,N/A,N/A,N/A,N/A,N/A,N/A,N/A,N/A,N/A,HOTEL HOTEL GOLF,N/A,N/A,N/A,N/A,N/A,N/A,N/A,N/A,N/A,N/A,N/A,RELTA,N/A,N/A,N/A,N/A,N/A,N/A,DELTA,0.0,N/A,N/A,N/A,N/A,N/A,N/A,N/A,N/A,N/A,N/A,N/A,N/A,N/A,N/A,N/A,N/A,N/A,N/A,N/A,N/A,N/A,N/A,N/A,N/A,N/A,N/A,N/A,next left via relta to blue sector,N/A,N/A,N/A,N/A,N/A,N/A,N/A,N/A,N/A,N/A,N/A,N/A,N/A,N/A,N/A,llm_confidence=0.975,0,"{""transcript"":""Hotel Hotel Golf next left via relta to blue sector"",""role"":""Controller"",""coarse_intent"":""Other"",""fine_intent"":""Other"",""dialogue_function"":""ATCO Other"",""slots"":{""slot_control_unit"":""HOTEL HOTEL GOLF"",""procedure_name"":""RELTA"",""position_report"":""next left via relta to blue sector""},""subslots"":{}}",0.125
LSGS_SION_Ground_Control_121_7MHz_20210502_060824.wav,Phi-4-multimodal-instruct + speech LoRA,[#callsign]Hotel[/#callsign] [#callsign]Echo[/#callsign] [#callsign]X-ray[/#callsign] [#unnamed]downwind[/#unnamed] [#value]two[/#value] [#value]five[/#value] [#value]for[/#value] [#value]touch[/#value] [#value]and[/#value] [#value]go[/#value],Hotel Echo X-ray downwind two five for touch and go,True,ATC,ATC,1,Other,Information,0,Other,Information,0,ATCO Other,ATCO Information,0.0,N/A,N/A,N/A,N/A,N/A,N/A,N/A,N/A,N/A,N/A,N/A,N/A,N/A,N/A,N/A,N/A,N/A,N/A,N/A,N/A,N/A,N/A,N/A,N/A,N/A,N/A,N/A,N/A,N/A,N/A,N/A,N/A,N/A,N/A,N/A,N/A,N/A,N/A,N/A,N/A,N/A,N/A,N/A,N/A,N/A,N/A,N/A,N/A,N/A,N/A,N/A,ATC,ATC,1,N/A,A,0,Hotel Echo X-ray,ground,0.0,N/A,LSGS,0,N/A,LSGS (Sion),0,N/A,121.7MHz,0,N/A,5/2/2021 6:08,0,N/A,N/A,N/A,N/A,ALETO AOSTA BANKO BERAR BIBAN CERVI ESOKO ETEKI GARLO GODRA GOLEB GRANA INTIP LAMUR MASAB MOBLO MOLUS MONIN OMETO ORSUD PUNSA REVLI ROCCA ROMOM SANET SONOD SOSAL TERSI UBIMA VADAR VALOR VENAT VEROX,0.0,N/A,N/A,N/A,N/A,N/A,N/A,N/A,N/A,N/A,N/A,N/A,N/A,N/A,N/A,N/A,N/A,N/A,N/A,N/A,N/A,N/A,N/A,N/A,N/A,N/A,N/A,N/A,N/A,N/A,N/A,N/A,N/A,N/A,N/A,N/A,N/A,N/A,N/A,N/A,N/A,N/A,N/A,N/A,N/A,N/A,N/A,N/A,N/A,N/A,N/A,N/A,N/A,N/A,N/A,N/A,N/A,N/A,N/A,N/A,N/A,downwind,N/A,N/A,N/A,N/A,N/A,N/A,N/A,N/A,Hotel Echo X-ray,N/A,N/A,N/A,N/A,N/A,N/A,N/A,N/A,N/A,two five for touch and go,0.0,N/A,N/A,N/A,N/A,N/A,N/A,N/A,N/A,N/A,N/A,N/A,N/A,N/A,N/A,N/A,N/A,N/A,N/A,N/A,N/A,N/A,N/A,N/A,N/A,N/A,N/A,N/A,N/A,N/A,N/A,two five,N/A,N/A,N/A,N/A,N/A,N/A,N/A,N/A,N/A,N/A,N/A,N/A,N/A,N/A,N/A,N/A,N/A,N/A,N/A,N/A,N/A,needs_manual_review=True | llm_confidence=0.475,0,"{""transcript"":""Hotel Echo X-ray downwind two five for touch and go"",""role"":""Controller"",""coarse_intent"":""Other"",""fine_intent"":""Other"",""dialogue_function"":""ATCO Other"",""slots"":{""slot_control_unit"":""Hotel Echo X-ray"",""slot_action"":""downwind"",""requested_item"":""two five""},""subslots"":{}}",0.14285714285714285
LSGS_SION_Tower_118_3MHz_20210423_083403.wav,Phi-4-multimodal-instruct + speech LoRA,number two looking out for number one Hotel Hotel,number two looking at number one at the local time,True,ATC,ATC,1,Other,Other,1,Other,Acknowledgement,0,ATCO Other,ATCO Other,1.0,N/A,N/A,N/A,N/A,N/A,N/A,N/A,N/A,N/A,N/A,N/A,N/A,N/A,N/A,N/A,N/A,N/A,N/A,N/A,N/A,N/A,N/A,N/A,N/A,N/A,N/A,N/A,N/A,N/A,N/A,N/A,N/A,N/A,N/A,N/A,N/A,N/A,N/A,N/A,N/A,N/A,N/A,N/A,N/A,N/A,N/A,N/A,N/A,N/A,N/A,N/A,ATC,ATC,1,N/A,A,0,number two number one,tower,0.0,N/A,LSGS,0,N/A,LSGS (Sion),0,N/A,118.3MHz,0,N/A,4/23/2021 8:34,0,N/A,N/A,N/A,N/A,ALETO AOSTA BANKO BERAR BIBAN CERVI ESOKO ETEKI GARLO GODRA GOLEB GRANA INTIP LAMUR MASAB MOBLO MOLUS MONIN OMETO ORSUD PUNSA REVLI ROCCA ROMOM SANET SONOD SOSAL TERSI UBIMA VADAR VALOR VENAT VEROX,0.0,N/A,N/A,N/A,N/A,N/A,N/A,N/A,N/A,N/A,N/A,N/A,N/A,N/A,N/A,N/A,N/A,N/A,N/A,N/A,N/A,N/A,N/A,N/A,N/A,N/A,N/A,N/A,N/A,N/A,N/A,N/A,N/A,N/A,N/A,N/A,N/A,N/A,N/A,N/A,N/A,N/A,N/A,N/A,N/A,N/A,N/A,N/A,N/A,N/A,N/A,N/A,N/A,N/A,N/A,N/A,N/A,N/A,N/A,N/A,N/A,N/A,N/A,N/A,N/A,N/A,N/A,N/A,N/A,N/A,number two number one,N/A,N/A,N/A,N/A,N/A,N/A,N/A,N/A,N/A,N/A,N/A,N/A,N/A,N/A,N/A,N/A,N/A,N/A,N/A,N/A,N/A,N/A,N/A,N/A,N/A,N/A,N/A,N/A,N/A,N/A,N/A,N/A,N/A,N/A,N/A,N/A,N/A,N/A,N/A,N/A,N/A,N/A,looking out for number one,0.0,N/A,N/A,N/A,N/A,N/A,N/A,N/A,N/A,N/A,N/A,N/A,N/A,N/A,N/A,N/A,N/A,N/A,N/A,N/A,llm_confidence=0.85,0,"{""transcript"":""number two looking at number one at the local time"",""role"":""Controller"",""coarse_intent"":""Other"",""fine_intent"":""Other"",""dialogue_function"":""ATCO Other"",""slots"":{""slot_control_unit"":""number two number one""},""subslots"":{}}",0.2857142857142857
LSZB_BERN_Tower_121_0MHz_20210414_063757.wav,Phi-4-multimodal-instruct + speech LoRA,Hotel Whiskey Alpha wind is calm runway one four cleared for takeoff,Hotel Whiskey Alpha Windis come runway one four cleared for takeoff,True,ATC,ATC,1,Clearance,Clearance,1,Take-off,Take-off,1,ATCO Clearance,ATCO Clearance,1.0,N/A,N/A,N/A,N/A,N/A,N/A,14,14,1.0,cleared for takeoff,cleared for takeoff,1.0,N/A,N/A,N/A,N/A,N/A,N/A,N/A,N/A,N/A,N/A,N/A,N/A,N/A,N/A,N/A,N/A,N/A,N/A,N/A,N/A,N/A,N/A,N/A,N/A,N/A,N/A,N/A,N/A,N/A,N/A,N/A,N/A,N/A,Hotel Whiskey Alpha Windis,N/A,N/A,N/A,N/A,N/A,ATC,ATC,1,N/A,A,0,Hotel Whiskey Alpha Windis,tower,0.0,N/A,LSZB,0,N/A,LSZB (Bern),0,N/A,121.0MHz,0,N/A,4/14/2021 6:37,0,N/A,N/A,N/A,N/A,ABARI ALETO AMRID ARNOT ARVAN ASBER BADEP BALIR BASUD BELAR BENOT BERSU BIRKI BOMEC DEKAM DOPIL DOUCI EKTUM ERMUS ESEVA ETEKI GODRA GUDAX IXUDI KONOL KORED KUBOM LAMUR LARDO LASUN LEPLA LUMEL LUTIX MASAB MEBOX MONIN NAXOL NEMAG NEMOS NOLKA OBEDU OLBEN OSKUP RAMOK REVLI ROMOM ROTOS SOSAL SUREP TADOB TELNO ULMES UMTOP VADAR VALAD VEBIT,0.0,N/A,N/A,N/A,N/A,N/A,N/A,14,N/A,N/A,takeoff clearance,takeoff clearance,1.0,N/A,N/A,N/A,N/A,N/A,N/A,N/A,N/A,N/A,N/A,N/A,N/A,N/A,N/A,N/A,N/A,N/A,N/A,N/A,N/A,N/A,N/A,N/A,N/A,N/A,N/A,N/A,N/A,N/A,N/A,N/A,N/A,N/A,N/A,N/A,N/A,N/A,N/A,N/A,N/A,N/A,N/A,N/A,N/A,N/A,N/A,N/A,N/A,cleared for takeoff,N/A,N/A,N/A,N/A,N/A,N/A,N/A,N/A,Hotel Whiskey Alpha Windis,N/A,N/A,N/A,N/A,N/A,N/A,wind information,0.0,N/A,runway one four,0.0,N/A,N/A,N/A,N/A,N/A,N/A,N/A,N/A,N/A,N/A,N/A,N/A,N/A,N/A,N/A,N/A,N/A,N/A,N/A,N/A,N/A,N/A,N/A,N/A,N/A,N/A,N/A,N/A,N/A,N/A,N/A,N/A,N/A,N/A,N/A,N/A,N/A,N/A,N/A,N/A,N/A,N/A,N/A,N/A,N/A,N/A,N/A,N/A,N/A,N/A,N/A,N/A,needs_manual_review=True | llm_confidence=0.725,0,"{""transcript"":""Hotel Whiskey Alpha Windis come runway one four cleared for takeoff"",""role"":""Controller"",""coarse_intent"":""Clearance"",""fine_intent"":""Take-off"",""dialogue_function"":""ATCO Clearance"",""slots"":{""slot_action"":""cleared for takeoff"",""slot_runway"":""14"",""slot_control_unit"":""Hotel Whiskey Alpha Windis"",""slot_clearance_type"":""takeoff clearance"",""clearance_limit"":""N/A"",""procedure_assignment_keyword"":""N/A"",""route_in_out_point"":""N/A"",""procedure_name"":""N/A"",""position_report"":""N/A"",""requested_item"":""N/A"",""information_type"":""N/A"",""information_value"":""N/A"",""restriction_condition"":""N/A"",""arrival_route"":""N/A"",""departure_route"":""N/A"",""landing_condition"":""N/A"",""stand_gate"":""N/A"",""surface_route"":""N/A"",""takeoff_condition"":""N/A"",""slot_control_unit"":""Hotel Whiskey Alpha Windis"",""slot_clearance_type"":""takeoff clearance"",""restriction_condition"":""N/A"",""arrival_route"":""N/A"",""departure_route"":""N/A"",""landing_condition"":""N/A"",""stand_gate"":""N/A"",""surface_route"":""N/A"",""takeoff_condition"":""N/A""},""subslots"":{""sub_takeoff_keyword"":""cleared for takeoff"",""sub_heading_action"":""N/A"",""sub_full_callsign"":""Hotel Whiskey Alpha Windis"",""sub_clearance_keyword"":""takeoff clearance""}}",0.4444444444444444
LSZH_ZURICH_Tower_118_1MHz_20210414_112539.wav,Phi-4-multimodal-instruct + speech LoRA,Qatari Zero Two Mike on taxiway juliett cross runway one zero contact apron one two one decimal seven five five good bye,Qatar is over to my contact to Juliet cross runway one zero contact apron one two one decimal seven five five good bye,True,ATC,ATC,1,Other,Command,0,Other,Transfer,0,ATCO Other,ATCO Instruction,0.0,N/A,Qatari,0.0,N/A,02M,0.0,one zero,10,0.0,N/A,N/A,N/A,121.755,121.755,1.0,N/A,N/A,N/A,Juliet cross,N/A,N/A,Qatar to contact at Juliet cross runway one zero,N/A,N/A,N/A,N/A,N/A,N/A,N/A,N/A,121.755,N/A,N/A,N/A,N/A,N/A,N/A,N/A,N/A,N/A,N/A,N/A,N/A,N/A,N/A,N/A,Qatari Zero Two Mike,0.0,N/A,QTR02M,0.0,ATC,ATC,1,N/A,A,0,Qatar,apron | tower,0.0,N/A,LSZH,0,N/A,LSZH (Zurich),0,121.755,118.1MHz,0,N/A,4/14/2021 11:25,0,N/A,N/A,N/A,N/A,AFOLT AGERI AKABI ALBIX ALINE AMIKI AMRUP ARGAX ARGEV ARTAG ATBAS BARIG BERSU BREGO DEGES DITON DONET DOPIL EDUMI EGABI EKRIT EKTUM ELMUR ENONO ENUSO ERMUS GARMO GERSA GIPOL IBILA KELIP KESEX KOLUL KUDIS KUSIX LAMAX LAPAG LAPDI LEDMI LUMEG MANEG MANID MATIV MILNI MOMOL MOSIT NEDOV NEMAG NOLKA OBEDU OLKEV OLNAV OMIDO OSNEM OSNOG RAMEM RAUTA RILAX RINLI RIPUS RISLI ROLSA ROMIR RONBA RONIX RUDSI SITOR SONGI SONOM SUBEX SUREP TADOB TINOX TITIX UMTOP URIGI URNAS UTIXO VEBIT VEDOK VIBAX VIBEV XANAL,0.0,N/A,N/A,N/A,N/A,N/A,N/A,one zero,N/A,N/A,N/A,N/A,N/A,121.755,N/A,N/A,N/A,N/A,N/A,contact at Juliet cross runway one zero,N/A,N/A,Qatar,N/A,N/A,Juliet cross,N/A,N/A,contact apron,apron 121,0.0,N/A,N/A,N/A,N/A,N/A,N/A,Other,N/A,N/A,N/A,N/A,N/A,N/A,N/A,N/A,Juliet cross,N/A,N/A,N/A,N/A,N/A,N/A,N/A,N/A,N/A,N/A,N/A,N/A,N/A,N/A,N/A,N/A,N/A,N/A,N/A,N/A,N/A,contact,0.0,Qatar,apron,0.0,N/A,N/A,N/A,Other,N/A,N/A,Qatar is over to my contact to Juliet cross runway one zero contact apron one two one decimal seven five five,N/A,N/A,contact,N/A,N/A,contact,N/A,N/A,contact apron,JULIETT,0.0,N/A,N/A,N/A,contact apron,"Taxiway JULIETT, cross Runway 10",0.0,N/A,N/A,N/A,N/A,N/A,N/A,N/A,N/A,N/A,Other,N/A,N/A,N/A,N/A,N/A,N/A,N/A,N/A,N/A,N/A,N/A,121.755,N/A,N/A,N/A,N/A,N/A,clean,bye,0.0,N/A,N/A,N/A,Non-English/Other Language,N/A,N/A,N/A,llm_confidence=0.95,0,"{""transcript"":""Qatar is over to my contact to Juliet cross runway one zero contact apron one two one decimal seven five five good bye"",""role"":""Controller"",""coarse_intent"":""Other"",""fine_intent"":""Other"",""dialogue_function"":""ATCO Other"",""slots"":{""slot_control_unit"":""Qatar"",""slot_runway"":""one zero"",""slot_frequency"":""121.755"",""slot_taxiway"":""contact apron"",""slot_qnh"":""121.755"",""slot_direction"":""Juliet cross"",""planned_route"":""Qatar to contact at Juliet cross runway one zero"",""clearance_limit"":""121.755"",""procedure_assignment_keyword"":""contact"",""procedure_name"":""contact"",""position_report"":""121.755"",""information_type"":""Other"",""information_value"":""Qatar is over to my contact to Juliet cross runway one zero contact apron one two one decimal seven five five"",""restriction_condition"":""Other"",""arrival_route"":""Qatar"",""departure_route"":""contact at Juliet cross runway one zero"",""stand_gate"":""contact apron"",""surface_route"":""contact apron"",""landing_condition"":""Other"",""sub_contact_keyword"":""contact"",""sub_contact_unit"":""contact""},""subslots"":{""sub_greeting_phrase"":""clean"",""sub_nonenglish_marker"":""Non-English/Other Language""}}",0.12
YSSY_SYDNEY_Tower_120_5MHz_20210429_013422.wav,Phi-4-multimodal-instruct + speech LoRA,Sydney tower good morning Jetstar Seven Forty Six established Jetstar Seven Forty Six Sydney tower,Sydney tower good morning jetstar seven forty six established,True,Pilot,Pilot,1,Other,Other,1,Other,Status report,0,ATCO Other,Pilot Status Report,0.0,N/A,N/A,N/A,N/A,N/A,N/A,N/A,N/A,N/A,N/A,N/A,N/A,N/A,N/A,N/A,N/A,N/A,N/A,N/A,N/A,N/A,N/A,N/A,N/A,N/A,N/A,N/A,N/A,N/A,N/A,N/A,N/A,N/A,N/A,N/A,N/A,N/A,N/A,N/A,N/A,N/A,N/A,N/A,N/A,N/A,N/A,N/A,N/A,N/A,N/A,N/A,Pilot,Pilot,1,N/A,B | A,0,Sydney tower,tower,0.0,N/A,YSSY,0,N/A,YSSY (Sydney),0,N/A,120.5MHz,0,N/A,4/29/2021 1:34,0,N/A,N/A,N/A,N/A,ABBEY ANKUB ATRET BEROW BIGEM BIKUS BOBIG BOOGI BUVLO CLIFF COONY CORDO DALAR DEENA DIPPA DUDOK DUMOP DUNES ENDEV ENKAS ENTRA FISHA GOMUB HALAS HOOKS IGALA ISMER JAKLN JELLI JENTL JULIA KABLO KAMBA KAMPI KEVIN LANOL LISHA MAJAR MANFA MARKY MARUB MITSA NASHO NESSY NOBAR NOLEM OLSOG OVILS PEBRA PEGBA POSTY PRAWN RAKSO RENAM RISOL SBKWA SBKWB SBKWF SBKWH SBKWI SBKWM SCNWF SCNWH SCNWM SHORE SOSIJ SRIEA SRIEB SRIEF SRIEH SRIEI SRIEM SRIWF SRIWG SRIWH SRIWI SRIWM SSYEF SSYEH SSYEM SSYNF SSYNH SSYNI SSYNM SSYSF SSYSH SSYSM SSYWF SSYWH SSYWM SUZAN SYDNF SYDNH SYDNM SYDSF SYDSH SYDSM SYRBB SYRCC SYRDD SYRFF SYRGG TAMMI TESAT TONTO TONUX URDEN UXAMA VENUL VIDIK VOSSI WHALE WOLNA WOLNC WOLND WOLNF WOLNI ZONKA,0.0,N/A,N/A,N/A,N/A,N/A,N/A,N/A,N/A,N/A,N/A,N/A,N/A,N/A,N/A,N/A,N/A,N/A,N/A,N/A,N/A,N/A,N/A,N/A,N/A,N/A,N/A,N/A,N/A,N/A,N/A,N/A,N/A,N/A,N/A,N/A,N/A,N/A,N/A,N/A,N/A,N/A,N/A,N/A,N/A,N/A,N/A,N/A,N/A,N/A,N/A,N/A,N/A,N/A,N/A,N/A,N/A,N/A,N/A,N/A,N/A,N/A,N/A,N/A,N/A,N/A,N/A,N/A,N/A,N/A,Sydney tower,N/A,N/A,N/A,N/A,N/A,N/A,N/A,N/A,N/A,N/A,N/A,N/A,N/A,N/A,N/A,N/A,N/A,N/A,N/A,N/A,N/A,N/A,N/A,N/A,N/A,N/A,N/A,N/A,N/A,N/A,N/A,N/A,N/A,N/A,N/A,N/A,N/A,N/A,N/A,N/A,N/A,N/A,N/A,N/A,N/A,established,0.0,N/A,established,0.0,N/A,N/A,N/A,N/A,good morning,0.0,N/A,N/A,N/A,Non-English/Other Language,N/A,N/A,N/A,needs_manual_review=True | llm_confidence=0.5,0,"{""transcript"":""Sydney tower good morning jetstar seven forty six established"",""role"":""Pilot"",""coarse_intent"":""Other"",""fine_intent"":""Other"",""dialogue_function"":""ATCO Other"",""slots"":{""slot_control_unit"":""Sydney tower""},""subslots"":{""sub_nonenglish_marker"":""Non-English/Other Language""}}",0.1875
LSZH_ZURICH_ApronS_121_75MHz_20210414_054811.wav,Phi-4-multimodal-instruct + speech LoRA,November Four Charlie Golf contact tower one one eight decimal one zero five,November Four Charlie Golf contact tower one nine zero taxi runway one zero contact tower one nine zero November Four Charlie Golf,True,Pilot,ATC,0,Other,Command,0,Other,Transfer,0,ATCO Other,ATCO Instruction,0.0,N/A,N/A,N/A,N/A,11,0.0,N/A,N/A,N/A,N/A,N/A,N/A,N/A,118.105,0.0,N/A,N/A,N/A,N/A,N/A,N/A,N/A,N/A,N/A,N/A,N/A,N/A,N/A,N/A,N/A,N/A,N/A,N/A,N/A,N/A,N/A,N/A,N/A,N/A,N/A,N/A,N/A,N/A,N/A,N/A,N/A,One One,0.0,N/A,11,0.0,Pilot,ATC,0,N/A,A,0,tower,apron | tower,0.0,N/A,LSZH,0,N/A,LSZH (Zurich),0,N/A,121.75MHz,0,N/A,4/14/2021 5:48,0,N/A,N/A,N/A,N/A,AFOLT AGERI AKABI ALBIX ALINE AMIKI AMRUP ARGAX ARGEV ARTAG ATBAS BARIG BERSU BREGO DEGES DITON DONET DOPIL EDUMI EGABI EKRIT EKTUM ELMUR ENONO ENUSO ERMUS GARMO GERSA GIPOL IBILA KELIP KESEX KOLUL KUDIS KUSIX LAMAX LAPAG LAPDI LEDMI LUMEG MANEG MANID MATIV MILNI MOMOL MOSIT NEDOV NEMAG NOLKA OBEDU OLKEV OLNAV OMIDO OSNEM OSNOG RAMEM RAUTA RILAX RINLI RIPUS RISLI ROLSA ROMIR RONBA RONIX RUDSI SITOR SONGI SONOM SUBEX SUREP TADOB TINOX TITIX UMTOP URIGI URNAS UTIXO VEBIT VEDOK VIBAX VIBEV XANAL,0.0,N/A,N/A,N/A,N/A,N/A,N/A,N/A,N/A,N/A,N/A,N/A,N/A,N/A,N/A,N/A,N/A,N/A,N/A,N/A,N/A,N/A,N/A,N/A,N/A,N/A,N/A,N/A,N/A,N/A,N/A,N/A,N/A,N/A,N/A,N/A,N/A,N/A,N/A,N/A,N/A,N/A,N/A,N/A,N/A,N/A,N/A,N/A,N/A,N/A,N/A,N/A,N/A,N/A,N/A,N/A,N/A,N/A,N/A,N/A,N/A,contact,N/A,N/A,N/A,N/A,N/A,contact,contact,1.0,tower,tower,1.0,N/A,N/A,N/A,N/A,N/A,N/A,N/A,N/A,N/A,N/A,N/A,N/A,N/A,N/A,N/A,N/A,N/A,N/A,N/A,N/A,N/A,N/A,N/A,N/A,N/A,N/A,N/A,N/A,N/A,N/A,N/A,N/A,N/A,N/A,N/A,N/A,N/A,N/A,N/A,November Four Charlie Golf,N/A,N/A,N/A,N/A,N/A,N/A,N/A,N/A,N/A,N/A,N/A,N/A,N/A,N/A,N/A,N/A,N/A,N/A,N/A,N/A,N/A,llm_confidence=0.0,0,"{""transcript"":""November Four Charlie Golf contact tower one nine zero taxi runway one zero contact tower one nine zero November Four Charlie Golf"",""role"":""Pilot"",""coarse_intent"":""Other"",""fine_intent"":""Other"",""dialogue_function"":""ATCO Other"",""slots"":{""slot_control_unit"":""tower"",""slot_action"":""contact"",""requested_item"":""November Four Charlie Golf""},""subslots"":{""sub_contact_keyword"":""contact"",""sub_contact_unit"":""tower""}}",0.10526315789473684
LSGS_SION_Ground_Control_121_7MHz_20210505_105917.wav,Phi-4-multimodal-instruct + speech LoRA,[#callsign]Tango[/#callsign] [#callsign]Three[/#callsign] [#callsign]Three[/#callsign] [#callsign]Five[/#callsign] [#command]frequency[/#command] [#command]change[/#command] [#value]approved[/#value] [#unnamed]good[/#unnamed] [#unnamed]bye[/#unnamed] [#unnamed]good[/#unnamed] [#unnamed]bye[/#unnamed],Tangout Three Three Five plus frequency change please prove good bye,True,ATC,ATC,1,Command,Other,0,Command,Simple respond,0,ATCO Command,ATCO Other,0.0,N/A,N/A,N/A,N/A,N/A,N/A,N/A,N/A,N/A,N/A,N/A,N/A,N/A,N/A,N/A,N/A,N/A,N/A,N/A,N/A,N/A,N/A,N/A,N/A,N/A,N/A,N/A,N/A,N/A,N/A,N/A,N/A,N/A,N/A,N/A,N/A,N/A,N/A,N/A,N/A,N/A,N/A,N/A,N/A,N/A,N/A,N/A,N/A,N/A,N/A,N/A,ATC,ATC,1,N/A,A | D,0,Tangout,ground,0.0,N/A,LSGS,0,N/A,LSGS (Sion),0,N/A,121.7MHz,0,N/A,5/5/2021 10:59,0,N/A,N/A,N/A,N/A,ALETO AOSTA BANKO BERAR BIBAN CERVI ESOKO ETEKI GARLO GODRA GOLEB GRANA INTIP LAMUR MASAB MOBLO MOLUS MONIN OMETO ORSUD PUNSA REVLI ROCCA ROMOM SANET SONOD SOSAL TERSI UBIMA VADAR VALOR VENAT VEROX,0.0,N/A,N/A,N/A,N/A,N/A,N/A,N/A,N/A,N/A,change_freq,N/A,N/A,N/A,N/A,N/A,N/A,N/A,N/A,N/A,N/A,N/A,N/A,N/A,N/A,N/A,N/A,N/A,N/A,N/A,N/A,N/A,N/A,N/A,N/A,N/A,N/A,N/A,N/A,N/A,N/A,N/A,N/A,N/A,N/A,N/A,N/A,N/A,N/A,N/A,N/A,N/A,N/A,N/A,N/A,N/A,N/A,N/A,N/A,N/A,N/A,change_freq,N/A,N/A,N/A,N/A,N/A,change frequency,N/A,N/A,Tangout,N/A,N/A,N/A,change,0.0,N/A,frequency change approval,0.0,N/A,approved,0.0,N/A,N/A,N/A,N/A,N/A,N/A,N/A,N/A,N/A,N/A,N/A,N/A,N/A,N/A,N/A,N/A,N/A,N/A,N/A,N/A,N/A,N/A,N/A,N/A,change frequency,N/A,N/A,N/A,N/A,N/A,N/A,N/A,N/A,N/A,N/A,N/A,N/A,N/A,N/A,N/A,N/A,N/A,N/A,bye,0.0,Noise/Unclear,N/A,N/A,Other Language/Not English,N/A,N/A,N/A,llm_confidence=0.8999999999999999,0,"{""transcript"":""Tangout Three Three Five plus frequency change please prove good bye"",""role"":""Controller"",""coarse_intent"":""Command"",""fine_intent"":""Command"",""dialogue_function"":""ATCO Command"",""slots"":{""slot_action"":""change_freq"",""slot_control_unit"":""Tangout"",""restriction_condition"":""change frequency""},""subslots"":{""sub_clearance_keyword"":""change_freq"",""sub_contact_keyword"":""change frequency"",""sub_contact_unit"":""Tangout"",""sub_noise_marker"":""Noise/Unclear"",""sub_nonenglish_marker"":""Other Language/Not English""}}",0.11764705882352941
LSZH_ZURICH_Tower_118_1MHz_20210412_144335.wav,Phi-4-multimodal-instruct + speech LoRA,Fraction One Zero Three Mike wind one four zero degrees four knots runway two eight cleared for takeoff,N/A,False,N/A,ATC,0,N/A,Clearance,0,N/A,Take-off,0,N/A,ATCO Clearance,0.0,N/A,Fraction,0.0,N/A,103M,0.0,N/A,28,0.0,N/A,cleared for takeoff,0.0,N/A,N/A,N/A,N/A,N/A,N/A,N/A,N/A,N/A,N/A,N/A,N/A,N/A,N/A,N/A,N/A,N/A,N/A,N/A,N/A,N/A,N/A,N/A,N/A,N/A,N/A,N/A,N/A,N/A,N/A,N/A,N/A,N/A,N/A,Fraction One Zero Three Mike,0.0,N/A,NJE103M,0.0,N/A,ATC,0,N/A,A,0,N/A,tower,0.0,N/A,LSZH,0,N/A,LSZH (Zurich),0,N/A,118.1MHz,0,N/A,4/12/2021 14:43,0,N/A,N/A,N/A,N/A,AFOLT AGERI AKABI ALBIX ALINE AMIKI AMRUP ARGAX ARGEV ARTAG ATBAS BARIG BERSU BREGO DEGES DITON DONET DOPIL EDUMI EGABI EKRIT EKTUM ELMUR ENONO ENUSO ERMUS GARMO GERSA GIPOL IBILA KELIP KESEX KOLUL KUDIS KUSIX LAMAX LAPAG LAPDI LEDMI LUMEG MANEG MANID MATIV MILNI MOMOL MOSIT NEDOV NEMAG NOLKA OBEDU OLKEV OLNAV OMIDO OSNEM OSNOG RAMEM RAUTA RILAX RINLI RIPUS RISLI ROLSA ROMIR RONBA RONIX RUDSI SITOR SONGI SONOM SUBEX SUREP TADOB TINOX TITIX UMTOP URIGI URNAS UTIXO VEBIT VEDOK VIBAX VIBEV XANAL,0.0,N/A,N/A,N/A,N/A,N/A,N/A,N/A,N/A,N/A,N/A,takeoff clearance,0.0,N/A,N/A,N/A,N/A,N/A,N/A,N/A,N/A,N/A,N/A,N/A,N/A,N/A,N/A,N/A,N/A,N/A,N/A,N/A,N/A,N/A,N/A,N/A,N/A,N/A,N/A,N/A,N/A,N/A,N/A,N/A,N/A,N/A,N/A,N/A,N/A,N/A,N/A,N/A,N/A,N/A,N/A,N/A,N/A,N/A,N/A,N/A,N/A,N/A,N/A,N/A,N/A,N/A,N/A,N/A,N/A,N/A,N/A,N/A,N/A,N/A,N/A,N/A,N/A,wind information,0.0,N/A,wind 14004,0.0,N/A,N/A,N/A,N/A,N/A,N/A,N/A,N/A,N/A,N/A,N/A,N/A,N/A,N/A,N/A,N/A,N/A,N/A,N/A,N/A,N/A,N/A,N/A,N/A,N/A,N/A,N/A,N/A,N/A,N/A,N/A,N/A,N/A,N/A,N/A,N/A,N/A,N/A,N/A,N/A,N/A,N/A,N/A,N/A,N/A,N/A,N/A,N/A,N/A,N/A,N/A,N/A,llm_confidence=0.975,0,"{""transcript"":""fraction one zero three mike cleared one four zero degrees four knots from base to end mike one four zero degrees four knots fraction one zero three mike cleared one four zero degrees four knots from base to end mike one four zero degrees four knots"",""role"":""Controller"",""coarse_intent"":""Clearance"",""fine_intent"":""ATCO Clearance"",""dialogue_function"":""ATCO Clearance"",""slots"":{""slot_callsign_code"":""1-3"",""slot_callsign_spoken"":""FRECTION 103"",""slot_airline"":""FRECTION 103"",""slot_action"":""CLEARED"",""slot_altitude"":""140"",""slot_heading"":""4"",""slot_control_unit"":""base to end"",""slot_clearance_type"":""General clearance"",""clearance_limit"":None,""procedure_assignment_keyword"":""base to end"",""position_report"":""Cleared to fly from base to end"",""requested_item"":""base to end"",""information_type"":""General clearance"",""information_value"":""140 degrees 4 knots"",""restriction_condition"":""None"",""arrival_route"":""base to end"",""departure_route"":""base to end"",""landing_condition"":""None"",""stand_gate"":""None"",""surface_route"":""None"",""takeoff_condition"":""None"",""restriction_condition"":""None"",""arrival_route"":""base to end"",""departure_route"":""base to end"",""landing_condition"":""None"",""stand_gate"":""None"",""surface_route"":""None"",""takeoff_condition"":""None"",""restriction_condition"":""None"",""arrival_route"":""base to end"",""departure_route"":""base to end"",""landing_condition"":""None"",""stand_gate"":""None"",""surface_route"":""None"",""takeoff_condition"":""None"",""restriction_condition"":""None"",""arrival_route"":""base to end"",""departure_route"":""base to end"",""landing_condition"":""None"",""stand_gate"":""None"",""surface_route"":""None"",""takeoff_condition"":""None"",""restriction_condition"":""None"",""arrival_route"":""base to end"",""departure_route"":""base to end"",""landing_condition"":""None"",""stand_gate"":""None"",""surface_route"":""None"",""takeoff_condition"":""None"",""restriction_condition"":""None"",""arrival_route"":""base to end"",""departure_route"":""base to end"",""landing_condition"":""None"",""stand_gate"":""None"",""surface_route"":""None"",""takeoff_condition"":""None"",""restriction_condition"":""None"",""arrival_route"":""base to end"",""departure_route"":""base to end"",""landing_condition"":""None"",""stand_gate"":""None"",""surface_route"":""None"",""takeoff_condition"":""None"",""restriction_condition"":""None"",""arrival_route"":""base to end"",""departure_route"":""base to end"",""landing_condition"":""None"",""stand_gate"":""None"",""surface_route"":""None"",""takeoff_condition"":""None",0.0
LZIB_STEFANIK_Tower_118_3MHz_20210430_203041.wav,Phi-4-multimodal-instruct + speech LoRA,One Three Juliett correction position two foxtrot two foxtrot Eurotrans One Three Juliett,Two Fox Busters here at the transponder Juliet,True,ATC,ATC,1,Other,Other,1,Other,Other,1,ATCO Other,ATCO Other,1.0,N/A,Eurotrans,0.0,N/A,13J,0.0,N/A,N/A,N/A,N/A,N/A,N/A,N/A,N/A,N/A,N/A,N/A,N/A,N/A,N/A,N/A,N/A,N/A,N/A,N/A,N/A,N/A,N/A,N/A,N/A,N/A,N/A,N/A,N/A,N/A,N/A,N/A,N/A,N/A,N/A,N/A,N/A,N/A,N/A,N/A,N/A,Eurotrans One Three Juliett,0.0,N/A,BCS13J,0.0,ATC,ATC,1,N/A,A | B,0,Two Fox Busters,tower,0.0,N/A,LZIB,0,N/A,LZIB (Bratislava),0,N/A,118.3MHz,0,N/A,4/30/2021 20:30,0,N/A,N/A,N/A,N/A,ABETI ABLOM ADAMA AGMIM ASLOT ASPIB ASTON BEGLA BERVA CIFER EKLIP GASNA GESGI KOXER KUVEX LEDRI MABOD MAREG MOVOS NATEX NIGER PESAT REKLU SOMID TOVKA UBUXI URUMU VABGU VAMOG VAPIT VEDER VYDRA XENAK XENDI,0.0,N/A,N/A,N/A,transponder,N/A,N/A,N/A,N/A,N/A,N/A,N/A,N/A,N/A,N/A,N/A,N/A,N/A,N/A,N/A,N/A,N/A,N/A,N/A,N/A,N/A,N/A,N/A,N/A,N/A,N/A,N/A,N/A,N/A,N/A,N/A,N/A,N/A,N/A,N/A,N/A,N/A,N/A,N/A,N/A,N/A,N/A,N/A,N/A,N/A,N/A,N/A,N/A,N/A,N/A,N/A,N/A,N/A,N/A,N/A,N/A,N/A,N/A,N/A,N/A,N/A,N/A,N/A,N/A,N/A,Two Fox Busters,N/A,N/A,N/A,N/A,N/A,N/A,N/A,N/A,N/A,N/A,N/A,N/A,N/A,N/A,N/A,N/A,N/A,N/A,N/A,N/A,N/A,N/A,N/A,N/A,N/A,N/A,N/A,N/A,N/A,N/A,N/A,N/A,N/A,N/A,N/A,N/A,N/A,N/A,N/A,N/A,N/A,N/A,N/A,N/A,N/A,N/A,N/A,N/A,N/A,N/A,N/A,N/A,N/A,N/A,N/A,N/A,N/A,N/A,N/A,N/A,N/A,N/A,N/A,llm_confidence=0.0,0,"{""transcript"":""Two Fox Busters here at the transponder Juliet"",""role"":""Controller"",""coarse_intent"":""Other"",""fine_intent"":""Other"",""dialogue_function"":""ATCO Other"",""slots"":{""slot_control_unit"":""Two Fox Busters"",""slot_procedure"":""transponder""},""subslots"":{}}",0.29411764705882354
LSZB_BERN_Tower_121_0MHz_20210415_125054.wav,Phi-4-multimodal-instruct + speech LoRA,yeah of course than you can expect [hes] VFR circuits after touch and go report [hes] taking off romeo circling,yeah of course then you can expect the VFR circuits after touching of report breaking of full circling,True,ATC,Other,0,Report,Report,1,Report,Report,1,ATCO Confirmation,N/A,N/A,N/A,N/A,N/A,N/A,N/A,N/A,N/A,N/A,N/A,N/A,N/A,N/A,N/A,N/A,N/A,N/A,N/A,N/A,N/A,N/A,N/A,N/A,N/A,N/A,N/A,N/A,N/A,N/A,N/A,N/A,N/A,N/A,N/A,N/A,N/A,N/A,N/A,N/A,N/A,report,report,1.0,N/A,N/A,N/A,N/A,N/A,N/A,N/A,N/A,N/A,ATC,Other,0,N/A,D,0,VFR circuits,tower,0.0,N/A,LSZB,0,N/A,LSZB (Bern),0,N/A,121.0MHz,0,N/A,4/15/2021 12:50,0,N/A,N/A,N/A,N/A,ABARI ALETO AMRID ARNOT ARVAN ASBER BADEP BALIR BASUD BELAR BENOT BERSU BIRKI BOMEC DEKAM DOPIL DOUCI EKTUM ERMUS ESEVA ETEKI GODRA GUDAX IXUDI KONOL KORED KUBOM LAMUR LARDO LASUN LEPLA LUMEL LUTIX MASAB MEBOX MONIN NAXOL NEMAG NEMOS NOLKA OBEDU OLBEN OSKUP RAMOK REVLI ROMOM ROTOS SOSAL SUREP TADOB TELNO ULMES UMTOP VADAR VALAD VEBIT,0.0,N/A,N/A,N/A,N/A,N/A,N/A,N/A,N/A,N/A,N/A,N/A,N/A,N/A,romeo circling,0.0,N/A,N/A,N/A,N/A,N/A,N/A,N/A,N/A,N/A,N/A,N/A,N/A,N/A,N/A,N/A,N/A,N/A,N/A,N/A,N/A,N/A,N/A,N/A,N/A,N/A,N/A,N/A,N/A,N/A,N/A,N/A,N/A,N/A,N/A,N/A,N/A,N/A,N/A,N/A,N/A,N/A,N/A,N/A,N/A,N/A,report,N/A,N/A,N/A,N/A,N/A,N/A,N/A,N/A,VFR circuits,N/A,N/A,N/A,N/A,N/A,N/A,N/A,N/A,N/A,N/A,N/A,N/A,N/A,N/A,N/A,N/A,N/A,N/A,N/A,N/A,N/A,N/A,N/A,N/A,N/A,N/A,N/A,N/A,N/A,N/A,N/A,N/A,breaking of full circling,N/A,N/A,VFR circuits after touching,VFR circuits after touch and go,0.0,N/A,N/A,N/A,N/A,N/A,N/A,N/A,N/A,N/A,N/A,taking off romeo circling,0.0,N/A,N/A,N/A,N/A,N/A,N/A,N/A,N/A,N/A,N/A,N/A,N/A,N/A,hesitation_marker | llm_confidence=0.85,0,"{""transcript"":""yeah of course then you can expect the VFR circuits after touching of report breaking of full circling"",""role"":""Controller"",""coarse_intent"":""Report"",""fine_intent"":""Report"",""dialogue_function"":""ATCO Confirmation"",""slots"":{""slot_action"":""report"",""slot_control_unit"":""VFR circuits"",""slot_restriction_type"":""breaking of full circling"",""restriction_condition"":""VFR circuits after touching""},""subslots"":{""sub_report_keyword"":""report""}}",0.1875
YSSY_SYDNEY_Tower_120_5MHz_20210501_200237.wav,Phi-4-multimodal-instruct + speech LoRA,Twinjet Five Zero on a short delay waiting on our release from the back,Jetstar Five Zero One short delay waiting on our release from Dubai,True,ATC,Pilot,0,Other,Other,1,Other,Other,1,ATCO Other,Pilot Response,0.0,N/A,N/A,N/A,N/A,N/A,N/A,N/A,N/A,N/A,N/A,N/A,N/A,N/A,N/A,N/A,N/A,N/A,N/A,N/A,N/A,N/A,N/A,N/A,N/A,N/A,N/A,N/A,N/A,N/A,N/A,N/A,N/A,N/A,N/A,N/A,N/A,N/A,N/A,N/A,N/A,N/A,N/A,N/A,N/A,N/A,N/A,N/A,N/A,N/A,N/A,N/A,ATC,Pilot,0,N/A,B,0,Dubai,tower,0.0,N/A,YSSY,0,N/A,YSSY (Sydney),0,N/A,120.5MHz,0,N/A,5/1/2021 20:02,0,N/A,N/A,N/A,N/A,ABBEY ANKUB ATRET BEROW BIGEM BIKUS BOBIG BOOGI BUVLO CLIFF COONY CORDO DALAR DEENA DIPPA DUDOK DUMOP DUNES ENDEV ENKAS ENTRA FISHA GOMUB HALAS HOOKS IGALA ISMER JAKLN JELLI JENTL JULIA KABLO KAMBA KAMPI KEVIN LANOL LISHA MAJAR MANFA MARKY MARUB MITSA NASHO NESSY NOBAR NOLEM OLSOG OVILS PEBRA PEGBA POSTY PRAWN RAKSO RENAM RISOL SBKWA SBKWB SBKWF SBKWH SBKWI SBKWM SCNWF SCNWH SCNWM SHORE SOSIJ SRIEA SRIEB SRIEF SRIEH SRIEI SRIEM SRIWF SRIWG SRIWH SRIWI SRIWM SSYEF SSYEH SSYEM SSYNF SSYNH SSYNI SSYNM SSYSF SSYSH SSYSM SSYWF SSYWH SSYWM SUZAN SYDNF SYDNH SYDNM SYDSF SYDSH SYDSM SYRBB SYRCC SYRDD SYRFF SYRGG TAMMI TESAT TONTO TONUX URDEN UXAMA VENUL VIDIK VOSSI WHALE WOLNA WOLNC WOLND WOLNF WOLNI ZONKA,0.0,N/A,N/A,N/A,N/A,N/A,N/A,N/A,N/A,N/A,N/A,N/A,N/A,N/A,N/A,N/A,N/A,N/A,N/A,N/A,N/A,N/A,N/A,N/A,N/A,N/A,N/A,N/A,N/A,N/A,N/A,N/A,N/A,N/A,N/A,N/A,N/A,N/A,N/A,N/A,N/A,N/A,N/A,N/A,N/A,N/A,N/A,N/A,N/A,N/A,N/A,N/A,N/A,N/A,N/A,N/A,N/A,N/A,N/A,N/A,N/A,N/A,N/A,N/A,N/A,N/A,N/A,N/A,N/A,N/A,Dubai,N/A,N/A,N/A,N/A,N/A,N/A,N/A,N/A,N/A,N/A,N/A,N/A,N/A,N/A,N/A,N/A,N/A,N/A,N/A,N/A,N/A,N/A,N/A,N/A,N/A,N/A,N/A,N/A,N/A,N/A,N/A,N/A,N/A,N/A,N/A,N/A,N/A,N/A,N/A,N/A,N/A,N/A,N/A,N/A,N/A,N/A,N/A,N/A,N/A,N/A,N/A,N/A,N/A,N/A,N/A,N/A,N/A,N/A,N/A,Non-English/Other Language,N/A,N/A,N/A,llm_confidence=0.0,0,"{""transcript"":""Jetstar Five Zero One short delay waiting on our release from Dubai"",""role"":""Controller"",""coarse_intent"":""Other"",""fine_intent"":""Other"",""dialogue_function"":""ATCO Other"",""slots"":{""slot_control_unit"":""Dubai""},""subslots"":{""sub_nonenglish_marker"":""Non-English/Other Language""}}",0.15384615384615385
LSGS_SION_Ground_Control_121_7MHz_20210421_143604.wav,Phi-4-multimodal-instruct + speech LoRA,Hotel Hotel X-ray go around Hotel X-ray,Hotel Bravo Juliett confirm your route Hotel Bravo Juliett,True,ATC,Other,0,Confirmation,Other,0,Confirmation,Other,0,ATCO Confirmation,N/A,N/A,N/A,N/A,N/A,N/A,N/A,N/A,N/A,N/A,N/A,N/A,N/A,N/A,N/A,N/A,N/A,N/A,N/A,N/A,N/A,N/A,N/A,N/A,N/A,N/A,N/A,N/A,N/A,N/A,N/A,N/A,N/A,N/A,N/A,Confirmation,N/A,N/A,N/A,N/A,N/A,N/A,N/A,N/A,N/A,N/A,N/A,N/A,N/A,N/A,N/A,N/A,N/A,ATC,Other,0,N/A,D | E,0,Hotel Bravo Juliett,N/A,N/A,N/A,LSGS,0,N/A,LSGS (Sion),0,N/A,121.7MHz,0,N/A,4/21/2021 14:36,0,N/A,N/A,N/A,N/A,ALETO AOSTA BANKO BERAR BIBAN CERVI ESOKO ETEKI GARLO GODRA GOLEB GRANA INTIP LAMUR MASAB MOBLO MOLUS MONIN OMETO ORSUD PUNSA REVLI ROCCA ROMOM SANET SONOD SOSAL TERSI UBIMA VADAR VALOR VENAT VEROX,0.0,N/A,N/A,N/A,N/A,N/A,N/A,N/A,N/A,N/A,N/A,N/A,N/A,N/A,N/A,N/A,N/A,N/A,N/A,N/A,N/A,N/A,N/A,N/A,N/A,N/A,N/A,N/A,N/A,N/A,N/A,N/A,N/A,N/A,N/A,N/A,N/A,N/A,N/A,N/A,N/A,N/A,N/A,N/A,N/A,N/A,N/A,N/A,N/A,N/A,N/A,N/A,N/A,N/A,N/A,N/A,N/A,N/A,N/A,N/A,N/A,N/A,N/A,N/A,N/A,N/A,N/A,N/A,N/A,N/A,Hotel Bravo Juliett,N/A,N/A,N/A,N/A,N/A,N/A,N/A,N/A,N/A,N/A,N/A,N/A,N/A,N/A,N/A,N/A,N/A,N/A,N/A,N/A,N/A,N/A,N/A,N/A,N/A,N/A,N/A,N/A,N/A,N/A,N/A,N/A,Confirmation,N/A,N/A,N/A,N/A,N/A,N/A,N/A,N/A,N/A,N/A,N/A,N/A,N/A,N/A,N/A,N/A,N/A,N/A,N/A,N/A,N/A,N/A,N/A,N/A,N/A,N/A,N/A,N/A,N/A,N/A,llm_confidence=0.0,0,"{""transcript"":""Hotel Bravo Juliett confirm your route Hotel Bravo Juliett"",""role"":""Controller"",""coarse_intent"":""Confirmation"",""fine_intent"":""Confirmation"",""dialogue_function"":""ATCO Confirmation"",""slots"":{""slot_control_unit"":""Hotel Bravo Juliett"",""slot_restriction_type"":""Confirmation"",""slot_reason_or_condition"":""Confirmation""},""subslots"":{""sub_confirmation_keyword"":""Confirmation""}}",0.0
LSZH_ZURICH_ApronS_121_75MHz_20210414_170759.wav,Phi-4-multimodal-instruct + speech LoRA,Swiss One Zero Seven Six taxi via link three echo seven hold short of runway one six,N/A,False,N/A,ATC,0,N/A,Command,0,N/A,Flight route,0,N/A,ATCO Instruction,0.0,N/A,Swiss,0.0,N/A,1076,0.0,N/A,16,0.0,N/A,N/A,N/A,N/A,N/A,N/A,N/A,taxi,0.0,N/A,N/A,N/A,N/A,via link three echo seven,0.0,N/A,N/A,N/A,N/A,N/A,N/A,N/A,N/A,N/A,N/A,N/A,N/A,N/A,N/A,N/A,N/A,N/A,N/A,N/A,N/A,N/A,N/A,Swiss One Zero Seven Six,0.0,N/A,SWR1076,0.0,N/A,ATC,0,N/A,A,0,N/A,apron,0.0,N/A,LSZH,0,N/A,LSZH (Zurich),0,N/A,121.75MHz,0,N/A,4/14/2021 17:07,0,N/A,N/A,N/A,N/A,AFOLT AGERI AKABI ALBIX ALINE AMIKI AMRUP ARGAX ARGEV ARTAG ATBAS BARIG BERSU BREGO DEGES DITON DONET DOPIL EDUMI EGABI EKRIT EKTUM ELMUR ENONO ENUSO ERMUS GARMO GERSA GIPOL IBILA KELIP KESEX KOLUL KUDIS KUSIX LAMAX LAPAG LAPDI LEDMI LUMEG MANEG MANID MATIV MILNI MOMOL MOSIT NEDOV NEMAG NOLKA OBEDU OLKEV OLNAV OMIDO OSNEM OSNOG RAMEM RAUTA RILAX RINLI RIPUS RISLI ROLSA ROMIR RONBA RONIX RUDSI SITOR SONGI SONOM SUBEX SUREP TADOB TINOX TITIX UMTOP URIGI URNAS UTIXO VEBIT VEDOK VIBAX VIBEV XANAL,0.0,N/A,N/A,N/A,N/A,N/A,N/A,N/A,N/A,N/A,N/A,N/A,N/A,N/A,runway 16,0.0,N/A,N/A,N/A,N/A,N/A,N/A,N/A,N/A,N/A,N/A,N/A,N/A,N/A,N/A,N/A,N/A,N/A,N/A,N/A,N/A,N/A,N/A,N/A,N/A,N/A,N/A,N/A,N/A,N/A,N/A,N/A,N/A,N/A,N/A,N/A,N/A,N/A,N/A,N/A,N/A,N/A,N/A,N/A,N/A,N/A,N/A,taxi,0.0,N/A,N/A,N/A,N/A,N/A,N/A,N/A,N/A,N/A,N/A,N/A,N/A,N/A,N/A,N/A,N/A,N/A,N/A,N/A,N/A,N/A,N/A,N/A,N/A,N/A,LINK,0.0,N/A,N/A,N/A,N/A,"LINK3, E7, hold short of runway 16",0.0,N/A,N/A,N/A,N/A,N/A,N/A,N/A,hold short,0.0,N/A,hold short of runway 16,0.0,N/A,N/A,N/A,N/A,N/A,N/A,N/A,N/A,N/A,N/A,N/A,N/A,N/A,N/A,N/A,N/A,N/A,N/A,N/A,N/A,N/A,N/A,N/A,N/A,N/A,llm_confidence=0.9625,0,"{""transcript"":""British Eurocopter One Zero Seven Six taxi via link three echo seven hold short of runway one six"",""role"":""Pilot"",""coarse_intent"":""Command"",""fine_intent"":""ATCO Instruction"",""dialogue_function"":""ATCO Clearance"",""slots"":{""slot_callsign_code"":""70076"",""slot_callsign_spoken"":""Eurocopter One Zero Seven Six"",""slot_airline"":""Eurocopter"",""slot_flight_number"":""70076"",""slot_action"":""taxi"",""slot_control_unit"":""British Eurocopter"",""slot_taxiway"":""link 3"",""slot_frequency"":""echo 7"",""slot_waypoint"":""link 3"",""slot_procedure"":""hold short"",""slot_taxiway"":""via link 3"",""planned_route"":""via link 3 echo 7"",""clearance_limit"":null,""procedure_assignment_keyword"":""hold short"",""route_in_out_point"":""route_in_out_point_not_available"",""procedure_name"":""hold short"",""position_report"":""position_report_not_required"",""information_type"":""information_required_for_positioning"",""information_value"":""hold short of runway 16"",""restriction_condition"":""runway_restriction_not_required"",""arrival_route"":""arrival_route_not_required"",""departure_route"":""departure_route_not_required"",""landing_condition"":""landing_condition_not_required"",""stand_gate"":""stand_gate_not_required"",""surface_route"":""surface_route_not_required"",""takeoff_condition"":""takeoff_condition_not_required"",""restriction_condition"":""restriction_condition_not_required"",""information_value"":""hold short of runway 16"",""restriction_condition"":""runway_restriction_not_required"",""restriction_condition"":""restriction_condition_not_required"",""slot_clearance_type"":""positioning"",""slot_restriction_type"":""runway_restriction"",""slot_reason_or_condition"":""information_required_for_positioning""},""subslots"":{""sub_taxi_action"":""taxi"",""sub_altitude_action"":""altitude_action_not_required"",""sub_confirmation_keyword"":""confirmation_required"",""sub_landing_keyword"":""landing_keyword_not_required"",""sub_report_keyword"":""report_keyword_not_required"",""sub_full_callsign"":""Eurocopter One Zero Seven Six"",""sub_approach_type"":""approach_type_not_required"",""sub_approach_runway"":""approach_runway_not_required"",""sub_clearance_keyword"":""clearance_keyword_not_required"",""sub_pushback_keyword"":""pushback_keyword_not_required"",""sub_line_up_keyword"":""line_up_keyword_not_required"",""sub_heading_action"":""heading_action_not_required"",""sub_flight_level"":""flight_level_not_required"",""sub_altitude_action"":""altitude_action_not_required"",""sub_altitude_unit"":""altitude_unit_not_required"",""sub_route_action"":""",0.0
LSGS_SION_Ground_Control_121_7MHz_20210502_061623.wav,Phi-4-multimodal-instruct + speech LoRA,[#callsign]Hotel[/#callsign] [#callsign]Echo[/#callsign] [#callsign]X-ray[/#callsign] [#unnamed] final [/#unnamed] [#value]two[/#value] [#value]five[/#value] [#command]for[/#command] [#command]touch[/#command] [#command]and[/#command] [#command]go[/#command],Hotel Echo X-ray final two five for touch and go,True,ATC,ATC,1,Clearance,Other,0,ATCO Clearance,Status report,0,ATCO Clearance,ATCO Other,0.0,N/A,N/A,N/A,N/A,N/A,N/A,N/A,N/A,N/A,N/A,N/A,N/A,N/A,N/A,N/A,N/A,N/A,N/A,N/A,N/A,N/A,two five,N/A,N/A,N/A,N/A,N/A,N/A,N/A,N/A,N/A,N/A,N/A,N/A,N/A,N/A,N/A,N/A,N/A,N/A,N/A,N/A,N/A,N/A,N/A,N/A,N/A,N/A,N/A,N/A,N/A,ATC,ATC,1,N/A,A,0,Hotel X-ray,ground,0.0,N/A,LSGS,0,N/A,LSGS (Sion),0,N/A,121.7MHz,0,N/A,5/2/2021 6:16,0,N/A,N/A,N/A,N/A,ALETO AOSTA BANKO BERAR BIBAN CERVI ESOKO ETEKI GARLO GODRA GOLEB GRANA INTIP LAMUR MASAB MOBLO MOLUS MONIN OMETO ORSUD PUNSA REVLI ROCCA ROMOM SANET SONOD SOSAL TERSI UBIMA VADAR VALOR VENAT VEROX,0.0,N/A,N/A,N/A,final,N/A,N/A,N/A,N/A,N/A,touch_and_go,N/A,N/A,N/A,N/A,N/A,N/A,N/A,N/A,N/A,N/A,N/A,N/A,N/A,N/A,N/A,N/A,N/A,N/A,N/A,N/A,N/A,N/A,N/A,N/A,N/A,N/A,N/A,N/A,N/A,N/A,N/A,N/A,N/A,N/A,N/A,N/A,N/A,N/A,N/A,N/A,N/A,N/A,N/A,N/A,N/A,N/A,N/A,N/A,N/A,N/A,touch_and_go,N/A,N/A,N/A,N/A,N/A,N/A,N/A,N/A,Hotel X-ray,N/A,N/A,N/A,N/A,N/A,N/A,N/A,N/A,N/A,N/A,N/A,N/A,N/A,N/A,N/A,N/A,N/A,N/A,N/A,N/A,N/A,N/A,N/A,N/A,N/A,N/A,N/A,N/A,N/A,N/A,N/A,N/A,N/A,N/A,N/A,N/A,N/A,N/A,N/A,N/A,N/A,N/A,N/A,N/A,N/A,N/A,N/A,N/A,final two five,0.0,N/A,N/A,N/A,N/A,N/A,N/A,N/A,N/A,N/A,N/A,N/A,N/A,N/A,llm_confidence=0.85,0,"{""transcript"":""Hotel Echo X-ray final two five for touch and go"",""role"":""Controller"",""coarse_intent"":""Clearance"",""fine_intent"":""ATCO Clearance"",""dialogue_function"":""ATCO Clearance"",""slots"":{""slot_action"":""touch_and_go"",""slot_control_unit"":""Hotel X-ray"",""slot_procedure"":""final"",""planned_route"":""two five""},""subslots"":{""sub_clearance_keyword"":""touch_and_go""}}",0.14285714285714285
LSZH_ZURICH_Tower_118_1MHz_20210414_064502.wav,Phi-4-multimodal-instruct + speech LoRA,Oscar Charlie Kilo contact departure one two five decimal niner five five good bye one two five niner five five Oskar Papa Charlie Kilo,N/A,False,N/A,ATC,0,N/A,Command,0,N/A,Transfer,0,N/A,ATCO Instruction,0.0,N/A,N/A,N/A,N/A,N/A,N/A,N/A,N/A,N/A,N/A,N/A,N/A,N/A,125.955,0.0,N/A,N/A,N/A,N/A,N/A,N/A,N/A,N/A,N/A,N/A,N/A,N/A,N/A,N/A,N/A,N/A,N/A,N/A,N/A,N/A,N/A,N/A,N/A,N/A,N/A,N/A,N/A,N/A,N/A,N/A,N/A,N/A,N/A,N/A,N/A,N/A,N/A,ATC,0,N/A,A | B,0,N/A,departure | tower | tower,0.0,N/A,LSZH,0,N/A,LSZH (Zurich),0,N/A,118.1MHz,0,N/A,4/14/2021 6:45,0,N/A,N/A,N/A,N/A,AFOLT AGERI AKABI ALBIX ALINE AMIKI AMRUP ARGAX ARGEV ARTAG ATBAS BARIG BERSU BREGO DEGES DITON DONET DOPIL EDUMI EGABI EKRIT EKTUM ELMUR ENONO ENUSO ERMUS GARMO GERSA GIPOL IBILA KELIP KESEX KOLUL KUDIS KUSIX LAMAX LAPAG LAPDI LEDMI LUMEG MANEG MANID MATIV MILNI MOMOL MOSIT NEDOV NEMAG NOLKA OBEDU OLKEV OLNAV OMIDO OSNEM OSNOG RAMEM RAUTA RILAX RINLI RIPUS RISLI ROLSA ROMIR RONBA RONIX RUDSI SITOR SONGI SONOM SUBEX SUREP TADOB TINOX TITIX UMTOP URIGI URNAS UTIXO VEBIT VEDOK VIBAX VIBEV XANAL,0.0,N/A,N/A,N/A,N/A,N/A,N/A,N/A,N/A,N/A,N/A,N/A,N/A,N/A,N/A,N/A,N/A,N/A,N/A,N/A,N/A,N/A,N/A,N/A,N/A,N/A,N/A,N/A,N/A,N/A,N/A,N/A,N/A,N/A,N/A,N/A,N/A,N/A,N/A,N/A,N/A,N/A,N/A,N/A,N/A,N/A,N/A,N/A,N/A,N/A,N/A,N/A,N/A,N/A,N/A,N/A,N/A,N/A,N/A,N/A,N/A,N/A,N/A,N/A,N/A,N/A,N/A,N/A,contact,0.0,N/A,departure,0.0,N/A,N/A,N/A,N/A,N/A,N/A,N/A,N/A,N/A,N/A,N/A,N/A,N/A,N/A,N/A,N/A,N/A,N/A,N/A,N/A,N/A,N/A,N/A,N/A,N/A,N/A,N/A,N/A,N/A,N/A,N/A,N/A,N/A,N/A,N/A,N/A,N/A,N/A,N/A,N/A,N/A,N/A,N/A,N/A,N/A,N/A,N/A,N/A,N/A,N/A,N/A,N/A,bye,0.0,N/A,N/A,N/A,N/A,N/A,N/A,N/A,llm_confidence=1.0,0,"{""transcript"":""Oscar Charlie Kilo contact departure one two five decimal nine five five bye bye"",""role"":""Controller"",""coarse_intent"":""Other"",""fine_intent"":""Other"",""dialogue_function"":""ATCO Other"",""slots"":{""slot_control_unit"":""Oscar Charlie Kilo"",""slot_action"":""contact"",""slot_frequency"":""915.55"",""sub_slot_key"":""sub_contact_keyword"",""sub_contact_keyword"":""contact"",""sub_contact_unit"":""Oscar Charlie Kilo"",""sub_contact_keyword"":""contact"",""sub_contact_unit"":""ATCO"",""sub_contact_keyword"":""contact"",""sub_contact_unit"":""Pilot"",""sub_contact_keyword"":""contact"",""sub_contact_unit"":""Pilot"",""sub_contact_keyword"":""contact"",""sub_contact_unit"":""Pilot"",""sub_contact_keyword"":""contact"",""sub_contact_unit"":""Pilot"",""sub_contact_keyword"":""contact"",""sub_contact_unit"":""Pilot"",""sub_contact_keyword"":""contact"",""sub_contact_unit"":""Pilot"",""sub_contact_keyword"":""contact"",""sub_contact_unit"":""Pilot"",""sub_contact_keyword"":""contact"",""sub_contact_unit"":""Pilot"",""sub_contact_keyword"":""contact"",""sub_contact_unit"":""Pilot"",""sub_contact_keyword"":""contact"",""sub_contact_unit"":""Pilot"",""sub_contact_keyword"":""contact"",""sub_contact_unit"":""Pilot"",""sub_contact_keyword"":""contact"",""sub_contact_unit"":""Pilot"",""sub_contact_keyword"":""contact"",""sub_contact_unit"":""Pilot"",""sub_contact_keyword"":""contact"",""sub_contact_unit"":""Pilot"",""sub_contact_keyword"":""contact"",""sub_contact_unit"":""Pilot"",""sub_contact_keyword"":""contact"",""sub_contact_unit"":""Pilot"",""sub_contact_keyword"":""contact"",""sub_contact_unit"":""Pilot"",""sub_contact_keyword"":""contact"",""sub_contact_unit"":""Pilot"",""sub_contact_keyword"":""contact"",""sub_contact_unit"":""Pilot"",""sub_contact_keyword"":""contact"",""sub_contact_unit"":""Pilot"",""sub_contact_keyword"":""contact"",""sub_contact_unit"":""Pilot"",""sub_contact_keyword"":""contact"",""sub_contact_unit"":""Pilot"",""sub_contact_keyword"":""contact"",""sub_contact_unit"":""Pilot"",""sub_contact_keyword"":""contact"",""sub_contact_unit"":""Pilot"",""sub_contact_keyword"":""contact"",""sub_contact_unit"":""Pilot"",""sub_contact_keyword"":""contact"",""sub_contact_unit"":""Pilot"",""sub_contact_keyword"":""contact"",""sub_contact_unit"":""Pilot"",""sub_contact_keyword"":""contact"",""sub_contact_unit"":""Pilot"",""sub_contact_keyword"":""contact"",""sub_contact_unit"":""Pilot"",""sub_contact_keyword"":""contact"",""sub_contact_unit"":""Pilot"",""sub_contact_keyword"":""contact"",""sub_contact_unit"":""Pilot"",""sub_contact_keyword"":""contact"",""sub_contact_unit"":""Pilot"",""sub_contact_keyword"":""contact"",""sub_contact_unit"":""Pilot"",""sub_contact_keyword"":""contact"",""sub_contact_unit"":""Pilot"",""",0.0
LSZB_BERN_Approach_127_3MHz_20210415_130024.wav,Phi-4-multimodal-instruct + speech LoRA,Hotel Golf Yankee rodger clearance after touch and go is available,Hotel Golf Yankee Roger Clarence after touch and go is available,True,ATC,ATC,1,Other,Other,1,Other,Other,1,ATCO Other,ATCO Other,1.0,N/A,N/A,N/A,N/A,N/A,N/A,N/A,N/A,N/A,N/A,N/A,N/A,N/A,N/A,N/A,N/A,N/A,N/A,N/A,N/A,N/A,N/A,N/A,N/A,N/A,N/A,N/A,N/A,N/A,N/A,N/A,N/A,N/A,N/A,N/A,N/A,N/A,N/A,N/A,N/A,N/A,N/A,N/A,N/A,N/A,N/A,N/A,N/A,N/A,N/A,N/A,ATC,ATC,1,N/A,A,0,HOTEL GOLF YANKER,approach,0.0,N/A,LSZB,0,N/A,LSZB (Bern),0,N/A,127.3MHz,0,N/A,4/15/2021 13:00,0,N/A,N/A,N/A,N/A,ABARI ALETO AMRID ARNOT ARVAN ASBER BADEP BALIR BASUD BELAR BENOT BERSU BIRKI BOMEC DEKAM DOPIL DOUCI EKTUM ERMUS ESEVA ETEKI GODRA GUDAX IXUDI KONOL KORED KUBOM LAMUR LARDO LASUN LEPLA LUMEL LUTIX MASAB MEBOX MONIN NAXOL NEMAG NEMOS NOLKA OBEDU OLBEN OSKUP RAMOK REVLI ROMOM ROTOS SOSAL SUREP TADOB TELNO ULMES UMTOP VADAR VALAD VEBIT,0.0,N/A,N/A,N/A,N/A,N/A,N/A,N/A,N/A,N/A,N/A,N/A,N/A,N/A,N/A,N/A,N/A,N/A,N/A,N/A,N/A,N/A,N/A,N/A,N/A,N/A,N/A,N/A,N/A,N/A,N/A,N/A,N/A,N/A,N/A,N/A,N/A,N/A,N/A,N/A,N/A,N/A,N/A,N/A,N/A,N/A,N/A,N/A,N/A,N/A,N/A,N/A,N/A,N/A,N/A,N/A,N/A,N/A,N/A,N/A,N/A,N/A,N/A,N/A,N/A,N/A,N/A,N/A,N/A,N/A,HOTEL GOLF YANKER,N/A,N/A,N/A,N/A,N/A,N/A,N/A,N/A,N/A,N/A,N/A,N/A,N/A,N/A,N/A,N/A,N/A,N/A,N/A,N/A,N/A,N/A,N/A,N/A,N/A,N/A,N/A,N/A,N/A,N/A,N/A,N/A,N/A,N/A,N/A,N/A,N/A,N/A,N/A,N/A,N/A,N/A,N/A,N/A,N/A,N/A,N/A,N/A,N/A,N/A,N/A,N/A,N/A,Other,N/A,N/A,N/A,N/A,N/A,N/A,N/A,N/A,N/A,needs_manual_review=True | llm_confidence=0.0,0,"{""transcript"":""Hotel Golf Yankee Roger Clarence after touch and go is available"",""role"":""Controller"",""coarse_intent"":""Other"",""fine_intent"":""Other"",""dialogue_function"":""ATCO Other"",""slots"":{""slot_control_unit"":""HOTEL GOLF YANKER""},""subslots"":{""sub_greeting_phrase"":""Other""}}",0.38461538461538464
YSSY_SYDNEY_Tower_120_5MHz_20210430_044251.wav,Phi-4-multimodal-instruct + speech LoRA,[#unnamed]Sydney[/#unnamed] [#unnamed]tower[/#unnamed] [#callsign]Rex[/#callsign] [#callsign]Sixty[/#callsign] [#callsign]One[/#callsign] [#callsign]Seventy[/#callsign] [#callsign]Five[/#callsign] [#callsign]Rex[/#callsign] [#callsign]Sixty[/#callsign] [#callsign]One[/#callsign] [#callsign]Seventy[/#callsign] [#callsign]Five[/#callsign] [#unnamed]Sydney[/#unnamed] [#unnamed]tower[/#unnamed] [#unnamed]good[/#unnamed] [#unnamed]afternoon[/#unnamed],Victor Six One Seventy Five Sydney Hotel good afternoon,True,ATC,Pilot,0,Other,Other,1,Other,Other,1,ATCO Other,Pilot Response,0.0,N/A,N/A,N/A,N/A,N/A,N/A,N/A,N/A,N/A,N/A,N/A,N/A,N/A,N/A,N/A,N/A,N/A,N/A,N/A,N/A,N/A,N/A,N/A,N/A,N/A,N/A,N/A,N/A,N/A,N/A,N/A,N/A,N/A,N/A,N/A,N/A,N/A,N/A,N/A,N/A,N/A,N/A,N/A,N/A,N/A,N/A,N/A,N/A,N/A,N/A,N/A,ATC,Pilot,0,N/A,B | A,0,Victor Six One Seventy Five Sydney Hotel,tower,0.0,N/A,YSSY,0,N/A,YSSY (Sydney),0,N/A,120.5MHz,0,N/A,4/30/2021 4:42,0,N/A,N/A,N/A,N/A,ABBEY ANKUB ATRET BEROW BIGEM BIKUS BOBIG BOOGI BUVLO CLIFF COONY CORDO DALAR DEENA DIPPA DUDOK DUMOP DUNES ENDEV ENKAS ENTRA FISHA GOMUB HALAS HOOKS IGALA ISMER JAKLN JELLI JENTL JULIA KABLO KAMBA KAMPI KEVIN LANOL LISHA MAJAR MANFA MARKY MARUB MITSA NASHO NESSY NOBAR NOLEM OLSOG OVILS PEBRA PEGBA POSTY PRAWN RAKSO RENAM RISOL SBKWA SBKWB SBKWF SBKWH SBKWI SBKWM SCNWF SCNWH SCNWM SHORE SOSIJ SRIEA SRIEB SRIEF SRIEH SRIEI SRIEM SRIWF SRIWG SRIWH SRIWI SRIWM SSYEF SSYEH SSYEM SSYNF SSYNH SSYNI SSYNM SSYSF SSYSH SSYSM SSYWF SSYWH SSYWM SUZAN SYDNF SYDNH SYDNM SYDSF SYDSH SYDSM SYRBB SYRCC SYRDD SYRFF SYRGG TAMMI TESAT TONTO TONUX URDEN UXAMA VENUL VIDIK VOSSI WHALE WOLNA WOLNC WOLND WOLNF WOLNI ZONKA,0.0,N/A,N/A,N/A,N/A,N/A,N/A,N/A,N/A,N/A,N/A,N/A,N/A,N/A,N/A,N/A,N/A,N/A,N/A,N/A,N/A,N/A,N/A,N/A,N/A,N/A,N/A,N/A,N/A,N/A,N/A,N/A,N/A,N/A,N/A,N/A,N/A,N/A,N/A,N/A,N/A,N/A,N/A,N/A,N/A,N/A,N/A,N/A,N/A,N/A,N/A,N/A,N/A,N/A,N/A,N/A,N/A,N/A,N/A,N/A,N/A,N/A,N/A,N/A,N/A,N/A,N/A,N/A,N/A,N/A,Victor Six One Seventy Five Sydney Hotel,N/A,N/A,N/A,N/A,N/A,N/A,N/A,N/A,N/A,N/A,N/A,N/A,N/A,N/A,N/A,N/A,N/A,N/A,N/A,N/A,N/A,N/A,N/A,N/A,N/A,N/A,N/A,N/A,N/A,N/A,N/A,N/A,N/A,N/A,N/A,N/A,N/A,N/A,N/A,N/A,N/A,N/A,N/A,N/A,N/A,N/A,N/A,N/A,N/A,N/A,N/A,N/A,N/A,good afternoon,N/A,N/A,N/A,N/A,N/A,N/A,N/A,N/A,N/A,llm_confidence=1.0,0,"{""transcript"":""Victor Six One Seventy Five Sydney Hotel good afternoon"",""role"":""Controller"",""coarse_intent"":""Other"",""fine_intent"":""Other"",""dialogue_function"":""ATCO Other"",""slots"":{""slot_control_unit"":""Victor Six One Seventy Five Sydney Hotel""},""subslots"":{""sub_greeting_phrase"":""good afternoon""}}",0.15384615384615385
LSZB_BERN_Tower_121_0MHz_20210422_140356.wav,Phi-4-multimodal-instruct + speech LoRA,Hotel Bravo Zulu Sierra November Berne tower enter via route hotel whiskey QNH one zero one eight,Hotel Bravo Zulu Sierra November Bern Tower enter via route Hotel Whiskey QNH one zero one eight,True,ATC,ATC,1,Other,Command,0,Other,Flight route,0,ATCO Other,ATCO Instruction,0.0,N/A,Hotel Bravo Zulu Sierra November,0.0,N/A,N/A,N/A,N/A,N/A,N/A,N/A,N/A,N/A,QNH one zero one eight,N/A,N/A,N/A,N/A,N/A,N/A,N/A,N/A,N/A,via route hotel whiskey,0.0,N/A,N/A,N/A,N/A,N/A,N/A,N/A,1018.0,0.0,N/A,N/A,N/A,N/A,N/A,N/A,N/A,N/A,N/A,N/A,N/A,N/A,N/A,Hotel Bravo Zulu Sierra November,0.0,N/A,HBZSN,0.0,ATC,ATC,1,N/A,A,0,Hotel Bravo Zulu Sierra November,tower,0.0,N/A,LSZB,0,N/A,LSZB (Bern),0,QNH one zero one eight,121.0MHz,0,N/A,4/22/2021 14:03,0,N/A,N/A,N/A,N/A,ABARI ALETO AMRID ARNOT ARVAN ASBER BADEP BALIR BASUD BELAR BENOT BERSU BIRKI BOMEC DEKAM DOPIL DOUCI EKTUM ERMUS ESEVA ETEKI GODRA GUDAX IXUDI KONOL KORED KUBOM LAMUR LARDO LASUN LEPLA LUMEL LUTIX MASAB MEBOX MONIN NAXOL NEMAG NEMOS NOLKA OBEDU OLBEN OSKUP RAMOK REVLI ROMOM ROTOS SOSAL SUREP TADOB TELNO ULMES UMTOP VADAR VALAD VEBIT,0.0,N/A,N/A,N/A,N/A,N/A,N/A,N/A,N/A,N/A,N/A,N/A,N/A,N/A,N/A,N/A,N/A,N/A,N/A,N/A,N/A,N/A,N/A,N/A,N/A,N/A,N/A,N/A,N/A,N/A,N/A,N/A,N/A,N/A,N/A,N/A,N/A,N/A,N/A,N/A,N/A,N/A,N/A,N/A,N/A,N/A,N/A,N/A,N/A,N/A,N/A,N/A,N/A,N/A,N/A,N/A,N/A,N/A,N/A,N/A,N/A,N/A,N/A,N/A,N/A,N/A,N/A,N/A,N/A,N/A,Hotel Bravo Zulu Sierra November,N/A,N/A,N/A,N/A,N/A,N/A,QNH,0.0,N/A,enter via route hotel whiskey,0.0,N/A,N/A,N/A,N/A,N/A,N/A,N/A,N/A,N/A,N/A,N/A,N/A,N/A,N/A,N/A,N/A,enter,0.0,N/A,"Hotel, Whiskey",0.0,N/A,N/A,N/A,N/A,N/A,N/A,N/A,N/A,N/A,N/A,N/A,N/A,N/A,N/A,N/A,N/A,N/A,N/A,N/A,N/A,N/A,Hotel Bravo Zulu Sierra November,N/A,N/A,N/A,N/A,N/A,N/A,N/A,N/A,N/A,llm_confidence=0.9625,0,"{""transcript"":""Hotel Bravo Zulu Sierra November Bern Tower enter via route Hotel Whiskey QNH one zero one eight"",""role"":""Controller"",""coarse_intent"":""Other"",""fine_intent"":""Other"",""dialogue_function"":""ATCO Other"",""slots"":{""slot_control_unit"":""Hotel Bravo Zulu Sierra November"",""slot_frequency"":""QNH one zero one eight""},""subslots"":{""sub_greeting_phrase"":""Hotel Bravo Zulu Sierra November""}}",0.09090909090909091
LKPR_RUZYNE_Radar_120_520MHz_20201026_142311.wav,Phi-4-multimodal-instruct + speech LoRA,Ryanair Nine Two Bravo Quebec turn right heading zero nine zero nine zero degrees Ryanair Nine Two Bravo Quebec,Nine hundred feet go around and then descend to flight level nine hundred Qantas Nine Hundred,True,Pilot,ATC,0,Command,Command,1,Flight route,Heading,0,ATCO Confirmation,ATCO Instruction,0.0,N/A,N/A,N/A,N/A,N/A,N/A,N/A,N/A,N/A,N/A,N/A,N/A,N/A,N/A,N/A,N/A,N/A,N/A,around,N/A,N/A,flight_level_900,N/A,N/A,N/A,N/A,N/A,900.0,N/A,N/A,N/A,N/A,N/A,N/A,N/A,N/A,N/A,N/A,N/A,N/A,N/A,N/A,N/A,N/A,N/A,Qantas Nine Hundred,N/A,N/A,N/A,N/A,N/A,Pilot,ATC,0,N/A,A | B,0,Qantas Nine Hundred,radar,0.0,N/A,LKPR,0,N/A,LKPR (Praha Ruzyne),0,N/A,120.520MHz,0,N/A,10/26/2020 14:23,0,N/A,N/A,N/A,N/A,N/A,N/A,N/A,N/A,N/A,N/A,N/A,N/A,N/A,N/A,N/A,N/A,N/A,N/A,N/A,N/A,N/A,N/A,N/A,N/A,N/A,N/A,N/A,N/A,N/A,N/A,around,N/A,N/A,N/A,N/A,N/A,N/A,N/A,N/A,N/A,N/A,N/A,N/A,N/A,N/A,N/A,turn right,0.0,N/A,90.0,0.0,around,right,0.0,N/A,N/A,N/A,N/A,N/A,N/A,900.0,N/A,N/A,N/A,N/A,N/A,descend,N/A,N/A,N/A,N/A,N/A,N/A,N/A,N/A,Qantas Nine Hundred,N/A,N/A,N/A,N/A,N/A,N/A,N/A,N/A,N/A,N/A,N/A,N/A,N/A,N/A,N/A,N/A,N/A,N/A,N/A,N/A,N/A,N/A,N/A,N/A,N/A,N/A,N/A,N/A,N/A,N/A,N/A,N/A,N/A,N/A,N/A,N/A,N/A,N/A,N/A,N/A,N/A,N/A,N/A,N/A,N/A,N/A,N/A,N/A,N/A,N/A,N/A,N/A,N/A,N/A,N/A,N/A,N/A,N/A,N/A,N/A,N/A,N/A,N/A,llm_confidence=0.0,0,"{""transcript"":""Nine hundred feet go around and then descend to flight level nine hundred Qantas Nine Hundred"",""role"":""Pilot"",""coarse_intent"":""Command"",""fine_intent"":""Flight route"",""dialogue_function"":""ATCO Confirmation"",""slots"":{""slot_action"":""descend"",""slot_control_unit"":""Qantas Nine Hundred"",""slot_altitude"":900.0,""slot_direction"":""around"",""planned_route"":""flight_level_900""},""subslots"":{""sub_route_action"":""descend"",""sub_full_callsign"":""Qantas Nine Hundred"",""sub_route_offset_direction"":""around"",""sub_route_offset_distance"":0.0}}",0.06666666666666667
LSZH_ZURICH_Tower_118_1MHz_20210414_071700.wav,Phi-4-multimodal-instruct + speech LoRA,[#callsign]Hotel[/#callsign] [#callsign]Sierra[/#callsign] [#callsign]Kilo [/#callsign] [#unnamed]wind[/#unnamed] [#value]zero[/#value] [#value]three[/#value] [#value]zero[/#value] [#value]degrees[/#value] [#value]one[/#value] [#value]one[/#value] [#value]knots[/#value] [#value]runway[/#value] [#value]two[/#value] [#command]cleared[/#command] [#command]takeoff[/#command],N/A,False,N/A,Other,0,N/A,Information,0,N/A,Information,0,N/A,N/A,N/A,N/A,N/A,N/A,N/A,11,0.0,N/A,2,0.0,N/A,takeoff,0.0,N/A,N/A,N/A,N/A,N/A,N/A,N/A,N/A,N/A,N/A,N/A,N/A,N/A,N/A,N/A,N/A,N/A,N/A,N/A,N/A,N/A,N/A,N/A,N/A,N/A,N/A,N/A,N/A,N/A,N/A,N/A,N/A,N/A,N/A,One One,0.0,N/A,11,0.0,N/A,Other,0,N/A,D,0,N/A,tower,0.0,N/A,LSZH,0,N/A,LSZH (Zurich),0,N/A,118.1MHz,0,N/A,4/14/2021 7:17,0,N/A,N/A,N/A,N/A,AFOLT AGERI AKABI ALBIX ALINE AMIKI AMRUP ARGAX ARGEV ARTAG ATBAS BARIG BERSU BREGO DEGES DITON DONET DOPIL EDUMI EGABI EKRIT EKTUM ELMUR ENONO ENUSO ERMUS GARMO GERSA GIPOL IBILA KELIP KESEX KOLUL KUDIS KUSIX LAMAX LAPAG LAPDI LEDMI LUMEG MANEG MANID MATIV MILNI MOMOL MOSIT NEDOV NEMAG NOLKA OBEDU OLKEV OLNAV OMIDO OSNEM OSNOG RAMEM RAUTA RILAX RINLI RIPUS RISLI ROLSA ROMIR RONBA RONIX RUDSI SITOR SONGI SONOM SUBEX SUREP TADOB TINOX TITIX UMTOP URIGI URNAS UTIXO VEBIT VEDOK VIBAX VIBEV XANAL,0.0,N/A,N/A,N/A,N/A,N/A,N/A,N/A,N/A,N/A,N/A,general clearance,0.0,N/A,N/A,N/A,N/A,N/A,N/A,N/A,N/A,N/A,N/A,N/A,N/A,N/A,N/A,N/A,N/A,N/A,N/A,N/A,N/A,N/A,N/A,N/A,N/A,N/A,N/A,N/A,N/A,N/A,N/A,N/A,N/A,N/A,N/A,N/A,N/A,N/A,N/A,N/A,N/A,N/A,N/A,N/A,N/A,N/A,N/A,N/A,N/A,N/A,N/A,N/A,N/A,N/A,N/A,N/A,N/A,N/A,N/A,N/A,N/A,N/A,N/A,N/A,N/A,wind information,0.0,N/A,wind 030/11,0.0,N/A,N/A,N/A,N/A,N/A,N/A,N/A,N/A,N/A,N/A,N/A,N/A,N/A,N/A,N/A,N/A,N/A,N/A,N/A,N/A,N/A,N/A,N/A,N/A,N/A,N/A,N/A,N/A,N/A,N/A,N/A,N/A,N/A,N/A,N/A,N/A,N/A,N/A,N/A,N/A,N/A,N/A,N/A,N/A,N/A,N/A,N/A,N/A,N/A,N/A,N/A,N/A,needs_manual_review=True | llm_confidence=0.725,0,"{""transcript"":""Hotel Sierra Kilo Echo Romeo Delta Charlie one meter zero three zero degrees one moment Sarmet Two climb takeoff"",""role"":""Pilot"",""coarse_intent"":""Command"",""fine_intent"":""Speed, Status report"",""dialogue_function"":""ATCO Instruction"",""slots"":{""slot_action"":""climb"",""slot_altitude"":""1030"",""slot_control_unit"":""Sarmet Two"",""slot_restriction_type"":""none"",""slot_reason_or_condition"":""none"",""slot_clearance_type"":""Speed"",""slot_taxi_action"":""climb"",""slot_direction"":""none"",""slot_distance"":""1"",""slot_time"":""none"",""planned_route"":""Sarmet Two"",""clearance_limit"":""none"",""procedure_assignment_keyword"":""none"",""procedure_name"":""none"",""position_report"":""none"",""information_type"":""none"",""information_value"":""none"",""restriction_condition"":""none"",""arrival_route"":""none"",""departure_route"":""none"",""landing_condition"":""none"",""stand_gate"":""none"",""surface_route"":""none"",""takeoff_condition"":""none"",""slot_frequency"":""none"",""route_in_out_point"":""none"",""route_in_out_point"":""none"",""procedure_name"":""none"",""position_report"":""none"",""requested_item"":""none"",""information_type"":""none"",""information_value"":""none"",""restriction_condition"":""none"",""arrival_route"":""none"",""departure_route"":""none"",""landing_condition"":""none"",""stand_gate"":""none"",""surface_route"":""none"",""takeoff_condition"":""none"",""sub_takeoff_keyword"":""none"",""sub_taxi_action"":""climb"",""sub_holding_time"":""none"",""sub_altitude_action"":""none"",""sub_confirmation_keyword"":""none"",""sub_landing_keyword"":""none"",""sub_report_keyword"":""none"",""sub_report_condition"":""none"",""sub_full_callsign"":""Sarmet Two"",""sub_approach_type"":""none"",""sub_approach_runway"":""none"",""sub_clearance_keyword"":""Speed"",""sub_pushback_keyword"":""none"",""sub_line_up_keyword"":""none"",""sub_heading_action"":""none"",""sub_flight_level"":""none"",""sub_altitude_unit"":""none"",""sub_route_action"":""climb"",""sub_route_offset_direction"":""none"",""sub_route_offset_distance"":""none"",""sub_contact_keyword"":""none"",""sub_contact_unit"":""none"",""sub_holding_point"":""none"",""sub_request_keyword"":""none"",""sub_status_report_keyword"":""none"",""sub_simple_response_keyword"":""none"",""sub_greeting_phrase"":""none"",""sub_nonenglish_marker"":""none"",""sub_nonenglish_marker"":""none"",""sub_speed_action"":""none""},""subslots"":{""sub_status_report_keyword"":""none"",""sub_simple_response_keyword"":""none"",""sub_greeting_phrase",0.0
